{"type":"FeatureCollection","features":[{"type":"Feature","geometry":{"type":"Point","coordinates":[101.5312471,3.328037]},"properties":{"dm_code":"01.BANDAR COUNTRY HOME 1","dun_code":"N.14","dun_prefix":"14","code_parlimen":"P.097","total_voters":10395,"male":5101,"female":5294,"male_pct":49.1,"female_pct":50.9,"malay_pct":51.33,"chinese_pct":29.31,"indian_pct":19.13,"other_pct":0.23,"age_mean":38.9,"age_median":38.9,"contact_pct":75.53,"male_malay":2616,"male_chinese":1563,"male_indian":910,"male_other":12,"female_malay":2720,"female_chinese":1484,"female_indian":1079,"female_other":11}},{"type":"Feature","geometry":{"type":"Point","coordinates":[101.749268,3.2089295]},"properties":{"dm_code":"01.BANDAR MELAWATI","dun_code":"N.18","dun_prefix":"18","code_parlimen":"P.098","total_voters":1492,"male":779,"female":713,"male_pct":52.2,"female_pct":47.8,"malay_pct":59.79,"chinese_pct":26.27,"indian_pct":13.67,"other_pct":0.27,"age_mean":50.68,"age_median":50.7,"contact_pct":76.34,"male_malay":464,"male_chinese":201,"male_indian":113,"male_other":1,"female_malay":428,"female_chinese":191,"female_indian":91,"female_other":3}},{"type":"Feature","geometry":{"type":"Point","coordinates":[101.6507048,3.259684]},"properties":{"dm_code":"01.BATU 16 RAWANG","dun_code":"N.15","dun_prefix":"15","code_parlimen":"P.097","total_voters":6536,"male":3197,"female":3339,"male_pct":48.9,"female_pct":51.1,"malay_pct":65.87,"chinese_pct":24.48,"indian_pct":9.61,"other_pct":0.04,"age_mean":39.65,"age_median":39.6,"contact_pct":73.38,"male_malay":2073,"male_chinese":821,"male_indian":303,"male_other":0,"female_malay":2232,"female_chinese":779,"female_indian":325,"female_other":3}},{"type":"Feature","geometry":{"type":"Point","coordinates":[101.6790149,2.66945]},"properties":{"dm_code":"01.BUKIT BANGKUNG","dun_code":"N.54","dun_prefix":"54","code_parlimen":"P.113","total_voters":3077,"male":1512,"female":1565,"male_pct":49.1,"female_pct":50.9,"malay_pct":90.32,"chinese_pct":1.49,"indian_pct":6.17,"other_pct":2.02,"age_mean":41.5,"age_median":41.5,"contact_pct":78.13,"male_malay":1378,"male_chinese":24,"male_indian":83,"male_other":27,"female_malay":1401,"female_chinese":22,"female_indian":107,"female_other":35}},{"type":"Feature","geometry":{"type":"Point","coordinates":[101.6431762,3.5025808]},"properties":{"dm_code":"01.BUKIT RASA","dun_code":"N.07","dun_prefix":"07","code_parlimen":"P.094","total_voters":1807,"male":880,"female":927,"male_pct":48.7,"female_pct":51.3,"malay_pct":92.53,"chinese_pct":5.09,"indian_pct":2.38,"other_pct":0,"age_mean":44.57,"age_median":44.6,"contact_pct":74.99,"male_malay":808,"male_chinese":53,"male_indian":19,"male_other":0,"female_malay":864,"female_chinese":39,"female_indian":24,"female_other":0}},{"type":"Feature","geometry":{"type":"Point","coordinates":[101.6295866,3.2152849]},"properties":{"dm_code":"01.DESA JAYA JALAN 1 - JALAN 19","dun_code":"N.37","dun_prefix":"37","code_parlimen":"P.106","total_voters":3222,"male":1638,"female":1584,"male_pct":50.8,"female_pct":49.2,"malay_pct":10.34,"chinese_pct":73.28,"indian_pct":9.81,"other_pct":6.57,"age_mean":51.17,"age_median":51.2,"contact_pct":79.08,"male_malay":198,"male_chinese":1185,"male_indian":159,"male_other":96,"female_malay":135,"female_chinese":1176,"female_indian":157,"female_other":116}},{"type":"Feature","geometry":{"type":"Point","coordinates":[101.434234,3.207639]},"properties":{"dm_code":"01.FELDA BUKIT CHERAKAH","dun_code":"N.12","dun_prefix":"12","code_parlimen":"P.096","total_voters":1408,"male":677,"female":731,"male_pct":48.1,"female_pct":51.9,"malay_pct":98.79,"chinese_pct":0.28,"indian_pct":0.92,"other_pct":0.01,"age_mean":43.47,"age_median":43.5,"contact_pct":81.68,"male_malay":672,"male_chinese":1,"male_indian":4,"male_other":0,"female_malay":719,"female_chinese":3,"female_indian":9,"female_other":0}},{"type":"Feature","geometry":{"type":"Point","coordinates":[101.7141998,3.219417]},"properties":{"dm_code":"01.GLENMARIE","dun_code":"N.32","dun_prefix":"32","code_parlimen":"P.105","total_voters":2718,"male":1398,"female":1320,"male_pct":51.4,"female_pct":48.6,"malay_pct":38.85,"chinese_pct":38.41,"indian_pct":17.07,"other_pct":5.67,"age_mean":43.46,"age_median":43.5,"contact_pct":78.96,"male_malay":550,"male_chinese":529,"male_indian":235,"male_other":84,"female_malay":506,"female_chinese":515,"female_indian":229,"female_other":70}},{"type":"Feature","geometry":{"type":"Point","coordinates":[101.243013,3.4394054]},"properties":{"dm_code":"01.HULU TIRAM BURUK","dun_code":"N.09","dun_prefix":"09","code_parlimen":"P.095","total_voters":3612,"male":1823,"female":1789,"male_pct":50.5,"female_pct":49.5,"malay_pct":69.35,"chinese_pct":30.26,"indian_pct":0.28,"other_pct":0.11,"age_mean":41.42,"age_median":41.4,"contact_pct":84.58,"male_malay":1236,"male_chinese":581,"male_indian":4,"male_other":2,"female_malay":1269,"female_chinese":512,"female_indian":6,"female_other":2}},{"type":"Feature","geometry":{"type":"Point","coordinates":[101.71481,2.641609]},"properties":{"dm_code":"01.JENDERAM HULU","dun_code":"N.56","dun_prefix":"56","code_parlimen":"P.113","total_voters":3243,"male":1593,"female":1650,"male_pct":49.1,"female_pct":50.9,"malay_pct":96.39,"chinese_pct":0.52,"indian_pct":2.53,"other_pct":0.56,"age_mean":40.44,"age_median":40.4,"contact_pct":74.34,"male_malay":1545,"male_chinese":8,"male_indian":26,"male_other":14,"female_malay":1581,"female_chinese":9,"female_indian":56,"female_other":4}},{"type":"Feature","geometry":{"type":"Point","coordinates":[101.5206563,2.8949651]},"properties":{"dm_code":"01.JENJARUM TEMPATAN KEDUA","dun_code":"N.52","dun_prefix":"52","code_parlimen":"P.112","total_voters":1776,"male":924,"female":852,"male_pct":52,"female_pct":48,"malay_pct":1.18,"chinese_pct":93.58,"indian_pct":2.59,"other_pct":2.65,"age_mean":52.39,"age_median":52.4,"contact_pct":81.64,"male_malay":10,"male_chinese":866,"male_indian":28,"male_other":20,"female_malay":11,"female_chinese":796,"female_indian":18,"female_other":27}},{"type":"Feature","geometry":{"type":"Point","coordinates":[101.7462659,3.0324665]},"properties":{"dm_code":"01.KAMPUNG BAHARU BALAKONG","dun_code":"N.27","dun_prefix":"27","code_parlimen":"P.102","total_voters":2112,"male":1098,"female":1014,"male_pct":52,"female_pct":48,"malay_pct":1.33,"chinese_pct":70.6,"indian_pct":1.94,"other_pct":26.13,"age_mean":52.1,"age_median":52.1,"contact_pct":83.66,"male_malay":17,"male_chinese":839,"male_indian":21,"male_other":221,"female_malay":11,"female_chinese":652,"female_indian":20,"female_other":331}},{"type":"Feature","geometry":{"type":"Point","coordinates":[101.6545201,3.5608697]},"properties":{"dm_code":"01.KAMPUNG BAHARU KERLING","dun_code":"N.06","dun_prefix":"06","code_parlimen":"P.094","total_voters":1271,"male":637,"female":634,"male_pct":50.1,"female_pct":49.9,"malay_pct":18.73,"chinese_pct":62.94,"indian_pct":18.33,"other_pct":0,"age_mean":48.72,"age_median":48.7,"contact_pct":77.58,"male_malay":113,"male_chinese":428,"male_indian":96,"male_other":0,"female_malay":125,"female_chinese":372,"female_indian":137,"female_other":0}},{"type":"Feature","geometry":{"type":"Point","coordinates":[101.5677177,3.1905294]},"properties":{"dm_code":"01.KAMPUNG BAHARU SUNGAI BULOH SEKOLAH","dun_code":"N.39","dun_prefix":"39","code_parlimen":"P.107","total_voters":3847,"male":2108,"female":1739,"male_pct":54.8,"female_pct":45.2,"malay_pct":11.88,"chinese_pct":72.97,"indian_pct":7.75,"other_pct":7.4,"age_mean":51.76,"age_median":51.8,"contact_pct":78.14,"male_malay":360,"male_chinese":1462,"male_indian":147,"male_other":139,"female_malay":97,"female_chinese":1345,"female_indian":151,"female_other":146}},{"type":"Feature","geometry":{"type":"Point","coordinates":[101.4395566,3.1321781]},"properties":{"dm_code":"01.KAMPUNG MERU","dun_code":"N.42","dun_prefix":"42","code_parlimen":"P.109","total_voters":2926,"male":1477,"female":1449,"male_pct":50.5,"female_pct":49.5,"malay_pct":90.91,"chinese_pct":3.49,"indian_pct":5.37,"other_pct":0.23,"age_mean":42.58,"age_median":42.6,"contact_pct":76.83,"male_malay":1347,"male_chinese":48,"male_indian":81,"male_other":1,"female_malay":1313,"female_chinese":54,"female_indian":76,"female_other":6}},{"type":"Feature","geometry":{"type":"Point","coordinates":[101.4167967,3.0140686]},"properties":{"dm_code":"01.KAMPUNG PENDAMAR","dun_code":"N.46","dun_prefix":"46","code_parlimen":"P.110","total_voters":8181,"male":4051,"female":4130,"male_pct":49.5,"female_pct":50.5,"malay_pct":48.28,"chinese_pct":29.29,"indian_pct":20.47,"other_pct":1.96,"age_mean":36.12,"age_median":36.1,"contact_pct":67.73,"male_malay":1989,"male_chinese":1172,"male_indian":821,"male_other":69,"female_malay":1961,"female_chinese":1224,"female_indian":854,"female_other":91}},{"type":"Feature","geometry":{"type":"Point","coordinates":[101.328052,3.143936]},"properties":{"dm_code":"01.KAMPUNG SUNGAI SERDANG","dun_code":"N.43","dun_prefix":"43","code_parlimen":"P.109","total_voters":3689,"male":1813,"female":1876,"male_pct":49.1,"female_pct":50.9,"malay_pct":83.14,"chinese_pct":12.93,"indian_pct":3.14,"other_pct":0.79,"age_mean":42.52,"age_median":42.5,"contact_pct":73.14,"male_malay":1500,"male_chinese":236,"male_indian":61,"male_other":16,"female_malay":1567,"female_chinese":241,"female_indian":55,"female_other":13}},{"type":"Feature","geometry":{"type":"Point","coordinates":[101.5155708,3.6727167]},"properties":{"dm_code":"01.KAWASAN S.K.C","dun_code":"N.05","dun_prefix":"05","code_parlimen":"P.094","total_voters":808,"male":390,"female":418,"male_pct":48.3,"female_pct":51.7,"malay_pct":82.8,"chinese_pct":1.86,"indian_pct":15.22,"other_pct":0.12,"age_mean":46,"age_median":46,"contact_pct":80.45,"male_malay":326,"male_chinese":8,"male_indian":56,"male_other":0,"female_malay":343,"female_chinese":7,"female_indian":67,"female_other":1}},{"type":"Feature","geometry":{"type":"Point","coordinates":[101.649001,3.050629]},"properties":{"dm_code":"01.KINRARA SEKSYEN 4,5 & 6","dun_code":"N.30","dun_prefix":"30","code_parlimen":"P.104","total_voters":7698,"male":3826,"female":3872,"male_pct":49.7,"female_pct":50.3,"malay_pct":29.27,"chinese_pct":39.88,"indian_pct":20.9,"other_pct":9.95,"age_mean":42.16,"age_median":42.2,"contact_pct":76.02,"male_malay":1134,"male_chinese":1602,"male_indian":786,"male_other":304,"female_malay":1119,"female_chinese":1468,"female_indian":823,"female_other":462}},{"type":"Feature","geometry":{"type":"Point","coordinates":[101.4150578,3.0164984]},"properties":{"dm_code":"01.KOMPLEKS SUKAN PANDAMARAN","dun_code":"N.47","dun_prefix":"47","code_parlimen":"P.110","total_voters":2427,"male":1175,"female":1252,"male_pct":48.4,"female_pct":51.6,"malay_pct":15.78,"chinese_pct":68.6,"indian_pct":13.39,"other_pct":2.23,"age_mean":49.41,"age_median":49.4,"contact_pct":80.26,"male_malay":182,"male_chinese":810,"male_indian":163,"male_other":20,"female_malay":201,"female_chinese":855,"female_indian":162,"female_other":34}},{"type":"Feature","geometry":{"type":"Point","coordinates":[101.2481651,3.341172]},"properties":{"dm_code":"01.KUALA SELANGOR","dun_code":"N.10","dun_prefix":"10","code_parlimen":"P.096","total_voters":2362,"male":1156,"female":1206,"male_pct":48.9,"female_pct":51.1,"malay_pct":60.41,"chinese_pct":26.55,"indian_pct":13.04,"other_pct":0,"age_mean":48.01,"age_median":48,"contact_pct":84.46,"male_malay":716,"male_chinese":301,"male_indian":139,"male_other":0,"female_malay":711,"female_chinese":326,"female_indian":169,"female_other":0}},{"type":"Feature","geometry":{"type":"Point","coordinates":[101.743647,3.12019]},"properties":{"dm_code":"01.PANDAN PERDANA TIMUR","dun_code":"N.22","dun_prefix":"22","code_parlimen":"P.100","total_voters":6977,"male":3405,"female":3572,"male_pct":48.8,"female_pct":51.2,"malay_pct":23.51,"chinese_pct":45.94,"indian_pct":9.45,"other_pct":21.1,"age_mean":44.56,"age_median":44.6,"contact_pct":81.53,"male_malay":824,"male_chinese":1624,"male_indian":302,"male_other":655,"female_malay":816,"female_chinese":1581,"female_indian":357,"female_other":818}},{"type":"Feature","geometry":{"type":"Point","coordinates":[101.8335811,3.133909800000001]},"properties":{"dm_code":"01.PANSUN","dun_code":"N.23","dun_prefix":"23","code_parlimen":"P.101","total_voters":3044,"male":1548,"female":1496,"male_pct":50.9,"female_pct":49.1,"malay_pct":96.48,"chinese_pct":0.3,"indian_pct":2.23,"other_pct":0.99,"age_mean":42.15,"age_median":42.1,"contact_pct":76.91,"male_malay":1484,"male_chinese":6,"male_indian":44,"male_other":14,"female_malay":1453,"female_chinese":3,"female_indian":24,"female_other":16}},{"type":"Feature","geometry":{"type":"Point","coordinates":[101.180305,3.707536]},"properties":{"dm_code":"01.PARIT 16 - BELIA 2","dun_code":"N.03","dun_prefix":"03","code_parlimen":"P.093","total_voters":2570,"male":1310,"female":1260,"male_pct":51,"female_pct":49,"malay_pct":98.56,"chinese_pct":0.62,"indian_pct":0.82,"other_pct":0,"age_mean":41.58,"age_median":41.6,"contact_pct":75.29,"male_malay":1294,"male_chinese":7,"male_indian":9,"male_other":0,"female_malay":1239,"female_chinese":9,"female_indian":12,"female_other":0}},{"type":"Feature","geometry":{"type":"Point","coordinates":[100.8122222,3.8022222]},"properties":{"dm_code":"01.PARIT BAHARU BARUH","dun_code":"N.01","dun_prefix":"01","code_parlimen":"P.092","total_voters":970,"male":513,"female":457,"male_pct":52.9,"female_pct":47.1,"malay_pct":56.7,"chinese_pct":43.09,"indian_pct":0.1,"other_pct":0.11,"age_mean":45.85,"age_median":45.9,"contact_pct":80.52,"male_malay":285,"male_chinese":228,"male_indian":0,"male_other":0,"female_malay":265,"female_chinese":190,"female_indian":1,"female_other":1}},{"type":"Feature","geometry":{"type":"Point","coordinates":[101.553353,3.2578731]},"properties":{"dm_code":"01.PENGKALAN KUNDANG","dun_code":"N.13","dun_prefix":"13","code_parlimen":"P.097","total_voters":7972,"male":3993,"female":3979,"male_pct":50.1,"female_pct":49.9,"malay_pct":45.05,"chinese_pct":38.72,"indian_pct":16.11,"other_pct":0.12,"age_mean":41.45,"age_median":41.5,"contact_pct":73.8,"male_malay":1765,"male_chinese":1596,"male_indian":630,"male_other":2,"female_malay":1826,"female_chinese":1491,"female_indian":654,"female_other":8}},{"type":"Feature","geometry":{"type":"Point","coordinates":[101.5473128,3.201735]},"properties":{"dm_code":"01.PETEMPATAN SUNGAI BULOH","dun_code":"N.38","dun_prefix":"38","code_parlimen":"P.107","total_voters":6631,"male":3378,"female":3253,"male_pct":50.9,"female_pct":49.1,"malay_pct":67.02,"chinese_pct":22.79,"indian_pct":7.69,"other_pct":2.5,"age_mean":43.58,"age_median":43.6,"contact_pct":73.97,"male_malay":2263,"male_chinese":768,"male_indian":270,"male_other":77,"female_malay":2181,"female_chinese":743,"female_indian":240,"female_other":89}},{"type":"Feature","geometry":{"type":"Point","coordinates":[101.6159692,3.070441]},"properties":{"dm_code":"01.PJS 7 BANDAR SUNWAY","dun_code":"N.31","dun_prefix":"31","code_parlimen":"P.104","total_voters":4704,"male":2297,"female":2407,"male_pct":48.8,"female_pct":51.2,"malay_pct":22.09,"chinese_pct":34.84,"indian_pct":34.08,"other_pct":8.99,"age_mean":46.18,"age_median":46.2,"contact_pct":80.59,"male_malay":513,"male_chinese":823,"male_indian":772,"male_other":189,"female_malay":526,"female_chinese":816,"female_indian":831,"female_other":234}},{"type":"Feature","geometry":{"type":"Point","coordinates":[100.9821165,3.7677994]},"properties":{"dm_code":"01.SABAK BERNAM BARAT","dun_code":"N.02","dun_prefix":"02","code_parlimen":"P.092","total_voters":2888,"male":1394,"female":1494,"male_pct":48.3,"female_pct":51.7,"malay_pct":68.52,"chinese_pct":25.97,"indian_pct":5.47,"other_pct":0.04,"age_mean":44.34,"age_median":44.3,"contact_pct":76.39,"male_malay":965,"male_chinese":353,"male_indian":76,"male_other":0,"female_malay":1014,"female_chinese":397,"female_indian":82,"female_other":1}},{"type":"Feature","geometry":{"type":"Point","coordinates":[101.6540669,3.100449]},"properties":{"dm_code":"01.SEKSYEN 17 UTARA","dun_code":"N.34","dun_prefix":"34","code_parlimen":"P.105","total_voters":3195,"male":1468,"female":1727,"male_pct":45.9,"female_pct":54.1,"malay_pct":6.26,"chinese_pct":81.19,"indian_pct":5.38,"other_pct":7.17,"age_mean":56.75,"age_median":56.8,"contact_pct":73.96,"male_malay":96,"male_chinese":1205,"male_indian":75,"male_other":92,"female_malay":104,"female_chinese":1389,"female_indian":97,"female_other":137}},{"type":"Feature","geometry":{"type":"Point","coordinates":[101.619162,3.101022]},"properties":{"dm_code":"01.SEKSYEN 21 TIMUR","dun_code":"N.35","dun_prefix":"35","code_parlimen":"P.106","total_voters":2761,"male":1307,"female":1454,"male_pct":47.3,"female_pct":52.7,"malay_pct":9.82,"chinese_pct":79.39,"indian_pct":4.64,"other_pct":6.15,"age_mean":57.98,"age_median":58,"contact_pct":76.35,"male_malay":132,"male_chinese":1040,"male_indian":71,"male_other":64,"female_malay":139,"female_chinese":1152,"female_indian":57,"female_other":106}},{"type":"Feature","geometry":{"type":"Point","coordinates":[101.4997061,3.011414]},"properties":{"dm_code":"01.SEKSYEN 34 SHAH ALAM","dun_code":"N.49","dun_prefix":"49","code_parlimen":"P.111","total_voters":3432,"male":1716,"female":1716,"male_pct":50,"female_pct":50,"malay_pct":71.21,"chinese_pct":16.32,"indian_pct":11.07,"other_pct":1.4,"age_mean":38.96,"age_median":39,"contact_pct":73.6,"male_malay":1258,"male_chinese":273,"male_indian":158,"male_other":27,"female_malay":1186,"female_chinese":287,"female_indian":222,"female_other":21}},{"type":"Feature","geometry":{"type":"Point","coordinates":[101.6372498,3.0732207]},"properties":{"dm_code":"01.SEKSYEN 51","dun_code":"N.33","dun_prefix":"33","code_parlimen":"P.105","total_voters":143,"male":93,"female":50,"male_pct":65,"female_pct":35,"malay_pct":21.68,"chinese_pct":62.24,"indian_pct":10.49,"other_pct":5.59,"age_mean":65.68,"age_median":65.7,"contact_pct":72.03,"male_malay":21,"male_chinese":55,"male_indian":11,"male_other":6,"female_malay":10,"female_chinese":34,"female_indian":4,"female_other":2}},{"type":"Feature","geometry":{"type":"Point","coordinates":[101.8470485,2.9476167]},"properties":{"dm_code":"01.SEMENYIH BARAT","dun_code":"N.24","dun_prefix":"24","code_parlimen":"P.101","total_voters":8612,"male":4316,"female":4296,"male_pct":50.1,"female_pct":49.9,"malay_pct":47.13,"chinese_pct":26.74,"indian_pct":12.2,"other_pct":13.93,"age_mean":40.28,"age_median":40.3,"contact_pct":77.28,"male_malay":2053,"male_chinese":1242,"male_indian":506,"male_other":515,"female_malay":2006,"female_chinese":1061,"female_indian":545,"female_other":684}},{"type":"Feature","geometry":{"type":"Point","coordinates":[101.715534,3.010715]},"properties":{"dm_code":"01.SERDANG JAYA 1","dun_code":"N.29","dun_prefix":"29","code_parlimen":"P.103","total_voters":3694,"male":1835,"female":1859,"male_pct":49.7,"female_pct":50.3,"malay_pct":47.43,"chinese_pct":30.89,"indian_pct":9.1,"other_pct":12.58,"age_mean":46.02,"age_median":46,"contact_pct":78.23,"male_malay":903,"male_chinese":585,"male_indian":151,"male_other":196,"female_malay":849,"female_chinese":556,"female_indian":185,"female_other":269}},{"type":"Feature","geometry":{"type":"Point","coordinates":[101.7092228,3.018434]},"properties":{"dm_code":"01.SERDANG LAMA","dun_code":"N.28","dun_prefix":"28","code_parlimen":"P.103","total_voters":1478,"male":722,"female":756,"male_pct":48.8,"female_pct":51.2,"malay_pct":11.43,"chinese_pct":43.03,"indian_pct":26.86,"other_pct":18.68,"age_mean":52.3,"age_median":52.3,"contact_pct":77.33,"male_malay":82,"male_chinese":344,"male_indian":192,"male_other":104,"female_malay":87,"female_chinese":292,"female_indian":205,"female_other":172}},{"type":"Feature","geometry":{"type":"Point","coordinates":[101.4555421,3.1017648]},"properties":{"dm_code":"01.SETIA ALAM","dun_code":"N.40","dun_prefix":"40","code_parlimen":"P.108","total_voters":13311,"male":6519,"female":6792,"male_pct":49,"female_pct":51,"malay_pct":25.49,"chinese_pct":60.13,"indian_pct":8.2,"other_pct":6.18,"age_mean":37.55,"age_median":37.5,"contact_pct":74.6,"male_malay":1690,"male_chinese":3952,"male_indian":522,"male_other":355,"female_malay":1703,"female_chinese":4052,"female_indian":570,"female_other":467}},{"type":"Feature","geometry":{"type":"Point","coordinates":[101.5349271,3.0054171]},"properties":{"dm_code":"01.SHAH ALAM S 27 A","dun_code":"N.50","dun_prefix":"50","code_parlimen":"P.111","total_voters":5351,"male":2701,"female":2650,"male_pct":50.5,"female_pct":49.5,"malay_pct":78.55,"chinese_pct":11.72,"indian_pct":8.33,"other_pct":1.4,"age_mean":40.64,"age_median":40.6,"contact_pct":76.57,"male_malay":2150,"male_chinese":307,"male_indian":212,"male_other":32,"female_malay":2053,"female_chinese":320,"female_indian":234,"female_other":43}},{"type":"Feature","geometry":{"type":"Point","coordinates":[101.4453422,2.9458799]},"properties":{"dm_code":"01.SIJANGKANG UTARA","dun_code":"N.51","dun_prefix":"51","code_parlimen":"P.112","total_voters":4861,"male":2445,"female":2416,"male_pct":50.3,"female_pct":49.7,"malay_pct":98.75,"chinese_pct":0.64,"indian_pct":0.49,"other_pct":0.12,"age_mean":39.5,"age_median":39.5,"contact_pct":69.78,"male_malay":2410,"male_chinese":18,"male_indian":12,"male_other":5,"female_malay":2390,"female_chinese":13,"female_indian":12,"female_other":1}},{"type":"Feature","geometry":{"type":"Point","coordinates":[101.7171169,3.218217]},"properties":{"dm_code":"01.SRI GOMBAK 9","dun_code":"N.17","dun_prefix":"17","code_parlimen":"P.098","total_voters":6236,"male":3022,"female":3214,"male_pct":48.5,"female_pct":51.5,"malay_pct":58.63,"chinese_pct":27.69,"indian_pct":13.58,"other_pct":0.1,"age_mean":44.31,"age_median":44.3,"contact_pct":80.82,"male_malay":1732,"male_chinese":889,"male_indian":397,"male_other":4,"female_malay":1924,"female_chinese":838,"female_indian":450,"female_other":2}},{"type":"Feature","geometry":{"type":"Point","coordinates":[101.6119073,3.1467185]},"properties":{"dm_code":"01.SS 21 UTARA","dun_code":"N.36","dun_prefix":"36","code_parlimen":"P.106","total_voters":3634,"male":1752,"female":1882,"male_pct":48.2,"female_pct":51.8,"malay_pct":29.53,"chinese_pct":58.01,"indian_pct":6.82,"other_pct":5.64,"age_mean":52.55,"age_median":52.5,"contact_pct":77.05,"male_malay":499,"male_chinese":1029,"male_indian":125,"male_other":99,"female_malay":574,"female_chinese":1079,"female_indian":123,"female_other":106}},{"type":"Feature","geometry":{"type":"Point","coordinates":[101.4908796,2.8459953]},"properties":{"dm_code":"01.SUNGAI BUAYA","dun_code":"N.53","dun_prefix":"53","code_parlimen":"P.112","total_voters":2216,"male":1102,"female":1114,"male_pct":49.7,"female_pct":50.3,"malay_pct":71.71,"chinese_pct":8.39,"indian_pct":19.68,"other_pct":0.22,"age_mean":43.53,"age_median":43.5,"contact_pct":69.63,"male_malay":801,"male_chinese":91,"male_indian":210,"male_other":0,"female_malay":788,"female_chinese":95,"female_indian":226,"female_other":5}},{"type":"Feature","geometry":{"type":"Point","coordinates":[101.4166667,3.3833333]},"properties":{"dm_code":"01.SUNGAI DARAH","dun_code":"N.11","dun_prefix":"11","code_parlimen":"P.096","total_voters":2088,"male":1030,"female":1058,"male_pct":49.3,"female_pct":50.7,"malay_pct":50.53,"chinese_pct":3.45,"indian_pct":45.93,"other_pct":0.09,"age_mean":43.93,"age_median":43.9,"contact_pct":78.11,"male_malay":533,"male_chinese":37,"male_indian":458,"male_other":2,"female_malay":522,"female_chinese":35,"female_indian":501,"female_other":0}},{"type":"Feature","geometry":{"type":"Point","coordinates":[101.0874,3.53204]},"properties":{"dm_code":"01.SUNGAI LEMAN BENDANG UTARA","dun_code":"N.04","dun_prefix":"04","code_parlimen":"P.093","total_voters":478,"male":227,"female":251,"male_pct":47.5,"female_pct":52.5,"malay_pct":99.79,"chinese_pct":0.21,"indian_pct":0,"other_pct":0,"age_mean":49.24,"age_median":49.2,"contact_pct":75.73,"male_malay":226,"male_chinese":1,"male_indian":0,"male_other":0,"female_malay":251,"female_chinese":0,"female_indian":0,"female_other":0}},{"type":"Feature","geometry":{"type":"Point","coordinates":[101.6808094,2.8530381]},"properties":{"dm_code":"01.SUNGAI LEMPIT","dun_code":"N.55","dun_prefix":"55","code_parlimen":"P.113","total_voters":4431,"male":2194,"female":2237,"male_pct":49.5,"female_pct":50.5,"malay_pct":98.78,"chinese_pct":0.16,"indian_pct":0.74,"other_pct":0.32,"age_mean":41.46,"age_median":41.5,"contact_pct":70.62,"male_malay":2166,"male_chinese":5,"male_indian":15,"male_other":8,"female_malay":2211,"female_chinese":2,"female_indian":18,"female_other":6}},{"type":"Feature","geometry":{"type":"Point","coordinates":[101.7648007,2.9846556]},"properties":{"dm_code":"01.SUNGAI RAMAL LUAR","dun_code":"N.26","dun_prefix":"26","code_parlimen":"P.102","total_voters":7635,"male":3711,"female":3924,"male_pct":48.6,"female_pct":51.4,"malay_pct":78.3,"chinese_pct":9.39,"indian_pct":6.18,"other_pct":6.13,"age_mean":42.34,"age_median":42.3,"contact_pct":84.47,"male_malay":2925,"male_chinese":377,"male_indian":215,"male_other":194,"female_malay":3053,"female_chinese":340,"female_indian":257,"female_other":274}},{"type":"Feature","geometry":{"type":"Point","coordinates":[101.780276,3.024244]},"properties":{"dm_code":"01.SUNGAI SEKAMAT","dun_code":"N.25","dun_prefix":"25","code_parlimen":"P.102","total_voters":9629,"male":4642,"female":4987,"male_pct":48.2,"female_pct":51.8,"malay_pct":77.74,"chinese_pct":5.21,"indian_pct":13.52,"other_pct":3.53,"age_mean":42.14,"age_median":42.1,"contact_pct":82.31,"male_malay":3607,"male_chinese":268,"male_indian":604,"male_other":163,"female_malay":3879,"female_chinese":234,"female_indian":698,"female_other":176}},{"type":"Feature","geometry":{"type":"Point","coordinates":[101.4383263,3.0491735]},"properties":{"dm_code":"01.SUNGAI UDANG UTARA","dun_code":"N.44","dun_prefix":"44","code_parlimen":"P.109","total_voters":3475,"male":1665,"female":1810,"male_pct":47.9,"female_pct":52.1,"malay_pct":92.17,"chinese_pct":4.46,"indian_pct":3.05,"other_pct":0.32,"age_mean":40.48,"age_median":40.5,"contact_pct":76.43,"male_malay":1546,"male_chinese":82,"male_indian":32,"male_other":5,"female_malay":1657,"female_chinese":73,"female_indian":74,"female_other":6}},{"type":"Feature","geometry":{"type":"Point","coordinates":[101.5621859,3.073517]},"properties":{"dm_code":"01.TAMAN BATU TIGA","dun_code":"N.41","dun_prefix":"41","code_parlimen":"P.108","total_voters":4049,"male":2062,"female":1987,"male_pct":50.9,"female_pct":49.1,"malay_pct":58.14,"chinese_pct":24.57,"indian_pct":13.36,"other_pct":3.93,"age_mean":41.12,"age_median":41.1,"contact_pct":80.04,"male_malay":1210,"male_chinese":499,"male_indian":290,"male_other":63,"female_malay":1144,"female_chinese":496,"female_indian":251,"female_other":96}},{"type":"Feature","geometry":{"type":"Point","coordinates":[101.7589268,3.1534774]},"properties":{"dm_code":"01.TAMAN DATO AHMAD RAZALI","dun_code":"N.19","dun_prefix":"19","code_parlimen":"P.099","total_voters":3950,"male":1900,"female":2050,"male_pct":48.1,"female_pct":51.9,"malay_pct":77.04,"chinese_pct":13.32,"indian_pct":8.84,"other_pct":0.8,"age_mean":45.34,"age_median":45.3,"contact_pct":78.71,"male_malay":1476,"male_chinese":242,"male_indian":171,"male_other":11,"female_malay":1567,"female_chinese":284,"female_indian":178,"female_other":21}},{"type":"Feature","geometry":{"type":"Point","coordinates":[101.4601796,3.0575591]},"properties":{"dm_code":"01.TAMAN ENG ANN 1","dun_code":"N.45","dun_prefix":"45","code_parlimen":"P.110","total_voters":3231,"male":1531,"female":1700,"male_pct":47.4,"female_pct":52.6,"malay_pct":1.15,"chinese_pct":83.35,"indian_pct":12.69,"other_pct":2.81,"age_mean":57.1,"age_median":57.1,"contact_pct":76.63,"male_malay":20,"male_chinese":1272,"male_indian":201,"male_other":38,"female_malay":17,"female_chinese":1421,"female_indian":209,"female_other":53}},{"type":"Feature","geometry":{"type":"Point","coordinates":[101.4495309,3.0054768]},"properties":{"dm_code":"01.TAMAN KLANG JAYA 1","dun_code":"N.48","dun_prefix":"48","code_parlimen":"P.111","total_voters":5348,"male":2609,"female":2739,"male_pct":48.8,"female_pct":51.2,"malay_pct":8.84,"chinese_pct":48.84,"indian_pct":38.95,"other_pct":3.37,"age_mean":47.62,"age_median":47.6,"contact_pct":79.84,"male_malay":242,"male_chinese":1294,"male_indian":988,"male_other":85,"female_malay":231,"female_chinese":1318,"female_indian":1095,"female_other":95}},{"type":"Feature","geometry":{"type":"Point","coordinates":[101.7516981,3.1429927]},"properties":{"dm_code":"01.TAMAN NIRWANA","dun_code":"N.21","dun_prefix":"21","code_parlimen":"P.100","total_voters":2987,"male":1441,"female":1546,"male_pct":48.2,"female_pct":51.8,"malay_pct":67.89,"chinese_pct":15.77,"indian_pct":7.8,"other_pct":8.54,"age_mean":44.07,"age_median":44.1,"contact_pct":82.76,"male_malay":1006,"male_chinese":243,"male_indian":91,"male_other":101,"female_malay":1022,"female_chinese":228,"female_indian":142,"female_other":154}},{"type":"Feature","geometry":{"type":"Point","coordinates":[101.7818502,3.1392298]},"properties":{"dm_code":"01.TAMAN TUN ABDUL RAZAK","dun_code":"N.20","dun_prefix":"20","code_parlimen":"P.099","total_voters":1779,"male":803,"female":976,"male_pct":45.1,"female_pct":54.9,"malay_pct":71.39,"chinese_pct":25.52,"indian_pct":2.36,"other_pct":0.73,"age_mean":46.91,"age_median":46.9,"contact_pct":79.26,"male_malay":575,"male_chinese":212,"male_indian":11,"male_other":5,"female_malay":695,"female_chinese":242,"female_indian":31,"female_other":8}},{"type":"Feature","geometry":{"type":"Point","coordinates":[101.3459427342435,3.633259561900432]},"properties":{"dm_code":"01.TERUSAN BESAR","dun_code":"N.08","dun_prefix":"08","code_parlimen":"P.095","total_voters":714,"male":353,"female":361,"male_pct":49.4,"female_pct":50.6,"malay_pct":99.02,"chinese_pct":0.42,"indian_pct":0.56,"other_pct":0,"age_mean":51.94,"age_median":51.9,"contact_pct":78.29,"male_malay":350,"male_chinese":1,"male_indian":2,"male_other":0,"female_malay":357,"female_chinese":2,"female_indian":2,"female_other":0}},{"type":"Feature","geometry":{"type":"Point","coordinates":[101.684494,3.251574]},"properties":{"dm_code":"01.WIRA DAMAI","dun_code":"N.16","dun_prefix":"16","code_parlimen":"P.098","total_voters":7097,"male":3557,"female":3540,"male_pct":50.1,"female_pct":49.9,"malay_pct":83.46,"chinese_pct":3.97,"indian_pct":12.51,"other_pct":0.06,"age_mean":40.25,"age_median":40.2,"contact_pct":81.22,"male_malay":2993,"male_chinese":134,"male_indian":427,"male_other":3,"female_malay":2930,"female_chinese":148,"female_indian":461,"female_other":1}},{"type":"Feature","geometry":{"type":"Point","coordinates":[101.745622,3.1487477]},"properties":{"dm_code":"02.ANGSANA HILIR","dun_code":"N.21","dun_prefix":"21","code_parlimen":"P.100","total_voters":3115,"male":1519,"female":1596,"male_pct":48.8,"female_pct":51.2,"malay_pct":86.9,"chinese_pct":7.58,"indian_pct":1.54,"other_pct":3.98,"age_mean":44.41,"age_median":44.4,"contact_pct":89.02,"male_malay":1323,"male_chinese":114,"male_indian":26,"male_other":56,"female_malay":1384,"female_chinese":122,"female_indian":22,"female_other":68}},{"type":"Feature","geometry":{"type":"Point","coordinates":[101.2463485,3.3416401]},"properties":{"dm_code":"02.BANDAR BARU","dun_code":"N.10","dun_prefix":"10","code_parlimen":"P.096","total_voters":8684,"male":4319,"female":4365,"male_pct":49.7,"female_pct":50.3,"malay_pct":59.93,"chinese_pct":15.66,"indian_pct":24.23,"other_pct":0.18,"age_mean":39.45,"age_median":39.5,"contact_pct":74.26,"male_malay":2664,"male_chinese":681,"male_indian":967,"male_other":7,"female_malay":2540,"female_chinese":679,"female_indian":1137,"female_other":9}},{"type":"Feature","geometry":{"type":"Point","coordinates":[101.6507048,3.259684]},"properties":{"dm_code":"02.BANDAR BARU SELAYANG UTARA","dun_code":"N.15","dun_prefix":"15","code_parlimen":"P.097","total_voters":5440,"male":2678,"female":2762,"male_pct":49.2,"female_pct":50.8,"malay_pct":63.18,"chinese_pct":26.93,"indian_pct":9.87,"other_pct":0.02,"age_mean":40.18,"age_median":40.2,"contact_pct":83.9,"male_malay":1689,"male_chinese":737,"male_indian":252,"male_other":0,"female_malay":1748,"female_chinese":728,"female_indian":285,"female_other":1}},{"type":"Feature","geometry":{"type":"Point","coordinates":[101.5696559,3.211588]},"properties":{"dm_code":"02.BANDAR BARU SUNGAI BULOH UTARA","dun_code":"N.38","dun_prefix":"38","code_parlimen":"P.107","total_voters":4736,"male":2307,"female":2429,"male_pct":48.7,"female_pct":51.3,"malay_pct":62.1,"chinese_pct":9.4,"indian_pct":27.51,"other_pct":0.99,"age_mean":45.03,"age_median":45,"contact_pct":85.28,"male_malay":1470,"male_chinese":215,"male_indian":599,"male_other":23,"female_malay":1471,"female_chinese":230,"female_indian":704,"female_other":24}},{"type":"Feature","geometry":{"type":"Point","coordinates":[101.740761,3.047274]},"properties":{"dm_code":"02.BANDAR DAMAI PERDANA","dun_code":"N.27","dun_prefix":"27","code_parlimen":"P.102","total_voters":9076,"male":4387,"female":4689,"male_pct":48.3,"female_pct":51.7,"malay_pct":11.61,"chinese_pct":56.21,"indian_pct":5.3,"other_pct":26.88,"age_mean":40.22,"age_median":40.2,"contact_pct":79.57,"male_malay":519,"male_chinese":2586,"male_indian":246,"male_other":1036,"female_malay":535,"female_chinese":2516,"female_indian":235,"female_other":1403}},{"type":"Feature","geometry":{"type":"Point","coordinates":[101.6552272,3.4625635]},"properties":{"dm_code":"02.BATANG KALI","dun_code":"N.07","dun_prefix":"07","code_parlimen":"P.094","total_voters":7032,"male":3505,"female":3527,"male_pct":49.8,"female_pct":50.2,"malay_pct":79.2,"chinese_pct":9.4,"indian_pct":11.32,"other_pct":0.08,"age_mean":38.3,"age_median":38.3,"contact_pct":68.84,"male_malay":2783,"male_chinese":342,"male_indian":379,"male_other":1,"female_malay":2786,"female_chinese":319,"female_indian":417,"female_other":5}},{"type":"Feature","geometry":{"type":"Point","coordinates":[101.4103643,3.3783619]},"properties":{"dm_code":"02.BESTARI JAYA SELATAN","dun_code":"N.11","dun_prefix":"11","code_parlimen":"P.096","total_voters":1761,"male":869,"female":892,"male_pct":49.3,"female_pct":50.7,"malay_pct":17.04,"chinese_pct":30.04,"indian_pct":52.81,"other_pct":0.11,"age_mean":48.98,"age_median":49,"contact_pct":78.59,"male_malay":151,"male_chinese":286,"male_indian":432,"male_other":0,"female_malay":149,"female_chinese":243,"female_indian":498,"female_other":2}},{"type":"Feature","geometry":{"type":"Point","coordinates":[101.770358,3.186191]},"properties":{"dm_code":"02.BUKIT ANTARABANGSA","dun_code":"N.19","dun_prefix":"19","code_parlimen":"P.099","total_voters":8922,"male":4355,"female":4567,"male_pct":48.8,"female_pct":51.2,"malay_pct":70.95,"chinese_pct":23.08,"indian_pct":4.09,"other_pct":1.88,"age_mean":41.37,"age_median":41.4,"contact_pct":77.14,"male_malay":3076,"male_chinese":1023,"male_indian":180,"male_other":76,"female_malay":3254,"female_chinese":1036,"female_indian":185,"female_other":92}},{"type":"Feature","geometry":{"type":"Point","coordinates":[101.6789711,2.8593998]},"properties":{"dm_code":"02.BUKIT CANGGANG","dun_code":"N.55","dun_prefix":"55","code_parlimen":"P.113","total_voters":6149,"male":3073,"female":3076,"male_pct":50,"female_pct":50,"malay_pct":98.31,"chinese_pct":0.54,"indian_pct":0.57,"other_pct":0.58,"age_mean":40.43,"age_median":40.4,"contact_pct":71.77,"male_malay":3008,"male_chinese":21,"male_indian":21,"male_other":23,"female_malay":3037,"female_chinese":12,"female_indian":14,"female_other":13}},{"type":"Feature","geometry":{"type":"Point","coordinates":[101.3723596,3.2573969]},"properties":{"dm_code":"02.BUKIT HIJAU","dun_code":"N.12","dun_prefix":"12","code_parlimen":"P.096","total_voters":2209,"male":1075,"female":1134,"male_pct":48.7,"female_pct":51.3,"malay_pct":99.37,"chinese_pct":0.23,"indian_pct":0.41,"other_pct":0,"age_mean":40.97,"age_median":41,"contact_pct":67.59,"male_malay":1069,"male_chinese":0,"male_indian":6,"male_other":0,"female_malay":1126,"female_chinese":5,"female_indian":3,"female_other":0}},{"type":"Feature","geometry":{"type":"Point","coordinates":[101.8470485,2.9476167]},"properties":{"dm_code":"02.HULU SEMENYIH","dun_code":"N.24","dun_prefix":"24","code_parlimen":"P.101","total_voters":4761,"male":2398,"female":2363,"male_pct":50.4,"female_pct":49.6,"malay_pct":88.13,"chinese_pct":1.43,"indian_pct":8.19,"other_pct":2.25,"age_mean":39.54,"age_median":39.5,"contact_pct":67.82,"male_malay":2080,"male_chinese":42,"male_indian":211,"male_other":65,"female_malay":2116,"female_chinese":26,"female_indian":179,"female_other":42}},{"type":"Feature","geometry":{"type":"Point","coordinates":[101.243013,3.4394054]},"properties":{"dm_code":"02.HULU TIRAM BURUK UTARA","dun_code":"N.09","dun_prefix":"09","code_parlimen":"P.095","total_voters":1072,"male":509,"female":563,"male_pct":47.5,"female_pct":52.5,"malay_pct":100,"chinese_pct":0,"indian_pct":0,"other_pct":0,"age_mean":44.65,"age_median":44.6,"contact_pct":86.47,"male_malay":509,"male_chinese":0,"male_indian":0,"male_other":0,"female_malay":563,"female_chinese":0,"female_indian":0,"female_other":0}},{"type":"Feature","geometry":{"type":"Point","coordinates":[101.4190921,3.0382733]},"properties":{"dm_code":"02.JALAN YADI","dun_code":"N.44","dun_prefix":"44","code_parlimen":"P.109","total_voters":6760,"male":3328,"female":3432,"male_pct":49.2,"female_pct":50.8,"malay_pct":89.82,"chinese_pct":6.43,"indian_pct":3.05,"other_pct":0.7,"age_mean":42.99,"age_median":43,"contact_pct":76.97,"male_malay":2976,"male_chinese":225,"male_indian":103,"male_other":24,"female_malay":3096,"female_chinese":210,"female_indian":103,"female_other":23}},{"type":"Feature","geometry":{"type":"Point","coordinates":[101.5206563,2.8949651]},"properties":{"dm_code":"02.JENJARUM TEMPATAN KETIGA","dun_code":"N.52","dun_prefix":"52","code_parlimen":"P.112","total_voters":6618,"male":3369,"female":3249,"male_pct":50.9,"female_pct":49.1,"malay_pct":8.25,"chinese_pct":83.05,"indian_pct":6.32,"other_pct":2.38,"age_mean":40.88,"age_median":40.9,"contact_pct":76.4,"male_malay":304,"male_chinese":2815,"male_indian":201,"male_other":49,"female_malay":242,"female_chinese":2681,"female_indian":217,"female_other":109}},{"type":"Feature","geometry":{"type":"Point","coordinates":[100.9636745,3.7412176]},"properties":{"dm_code":"02.KAMPUNG AIR MANIS","dun_code":"N.02","dun_prefix":"02","code_parlimen":"P.092","total_voters":2422,"male":1180,"female":1242,"male_pct":48.7,"female_pct":51.3,"malay_pct":93.6,"chinese_pct":5.12,"indian_pct":1.28,"other_pct":0,"age_mean":41.4,"age_median":41.4,"contact_pct":72.21,"male_malay":1103,"male_chinese":63,"male_indian":14,"male_other":0,"female_malay":1164,"female_chinese":61,"female_indian":17,"female_other":0}},{"type":"Feature","geometry":{"type":"Point","coordinates":[101.4410127,3.1334027]},"properties":{"dm_code":"02.KAMPUNG HAJI SHARIFF","dun_code":"N.42","dun_prefix":"42","code_parlimen":"P.109","total_voters":4226,"male":2073,"female":2153,"male_pct":49.1,"female_pct":50.9,"malay_pct":90.46,"chinese_pct":4.09,"indian_pct":5.3,"other_pct":0.15,"age_mean":43.15,"age_median":43.1,"contact_pct":76.12,"male_malay":1870,"male_chinese":93,"male_indian":107,"male_other":3,"female_malay":1953,"female_chinese":80,"female_indian":117,"female_other":3}},{"type":"Feature","geometry":{"type":"Point","coordinates":[101.425055,2.992381]},"properties":{"dm_code":"02.KAMPUNG IDAMAN","dun_code":"N.46","dun_prefix":"46","code_parlimen":"P.110","total_voters":4160,"male":2005,"female":2155,"male_pct":48.2,"female_pct":51.8,"malay_pct":76.2,"chinese_pct":16.08,"indian_pct":7.14,"other_pct":0.58,"age_mean":45.09,"age_median":45.1,"contact_pct":83.08,"male_malay":1507,"male_chinese":340,"male_indian":146,"male_other":12,"female_malay":1663,"female_chinese":329,"female_indian":151,"female_other":12}},{"type":"Feature","geometry":{"type":"Point","coordinates":[101.556569,3.064441]},"properties":{"dm_code":"02.KAMPUNG KEBUN BUNGA","dun_code":"N.41","dun_prefix":"41","code_parlimen":"P.108","total_voters":1348,"male":688,"female":660,"male_pct":51,"female_pct":49,"malay_pct":91.25,"chinese_pct":5.04,"indian_pct":2.97,"other_pct":0.74,"age_mean":44.95,"age_median":45,"contact_pct":82.64,"male_malay":625,"male_chinese":38,"male_indian":18,"male_other":7,"female_malay":605,"female_chinese":30,"female_indian":22,"female_other":3}},{"type":"Feature","geometry":{"type":"Point","coordinates":[101.3452233,3.135496]},"properties":{"dm_code":"02.KAMPUNG TOK MUDA","dun_code":"N.43","dun_prefix":"43","code_parlimen":"P.109","total_voters":4654,"male":2311,"female":2343,"male_pct":49.7,"female_pct":50.3,"malay_pct":73.85,"chinese_pct":13.13,"indian_pct":12.16,"other_pct":0.86,"age_mean":38.59,"age_median":38.6,"contact_pct":70.46,"male_malay":1725,"male_chinese":307,"male_indian":263,"male_other":16,"female_malay":1712,"female_chinese":304,"female_indian":303,"female_other":24}},{"type":"Feature","geometry":{"type":"Point","coordinates":[101.4119225,3.0732672]},"properties":{"dm_code":"02.KAWASAN SEKOLAH CINA 'B'","dun_code":"N.47","dun_prefix":"47","code_parlimen":"P.110","total_voters":4111,"male":2034,"female":2077,"male_pct":49.5,"female_pct":50.5,"malay_pct":11.58,"chinese_pct":76.38,"indian_pct":8.78,"other_pct":3.26,"age_mean":49.28,"age_median":49.3,"contact_pct":79.86,"male_malay":251,"male_chinese":1565,"male_indian":170,"male_other":48,"female_malay":225,"female_chinese":1575,"female_indian":191,"female_other":86}},{"type":"Feature","geometry":{"type":"Point","coordinates":[101.7652016,3.2430136]},"properties":{"dm_code":"02.KELANG GATE","dun_code":"N.18","dun_prefix":"18","code_parlimen":"P.098","total_voters":2368,"male":1184,"female":1184,"male_pct":50,"female_pct":50,"malay_pct":96.96,"chinese_pct":2.62,"indian_pct":0.38,"other_pct":0.04,"age_mean":42.42,"age_median":42.4,"contact_pct":77.66,"male_malay":1143,"male_chinese":33,"male_indian":7,"male_other":1,"female_malay":1153,"female_chinese":29,"female_indian":2,"female_other":0}},{"type":"Feature","geometry":{"type":"Point","coordinates":[101.649001,3.050629]},"properties":{"dm_code":"02.KINRARA SEKSYEN 2","dun_code":"N.30","dun_prefix":"30","code_parlimen":"P.104","total_voters":2605,"male":1243,"female":1362,"male_pct":47.7,"female_pct":52.3,"malay_pct":14.17,"chinese_pct":51.4,"indian_pct":21.34,"other_pct":13.09,"age_mean":46.31,"age_median":46.3,"contact_pct":80.61,"male_malay":174,"male_chinese":679,"male_indian":257,"male_other":133,"female_malay":195,"female_chinese":660,"female_indian":299,"female_other":208}},{"type":"Feature","geometry":{"type":"Point","coordinates":[101.568992,3.317109]},"properties":{"dm_code":"02.KUALA GARING","dun_code":"N.14","dun_prefix":"14","code_parlimen":"P.097","total_voters":3830,"male":1931,"female":1899,"male_pct":50.4,"female_pct":49.6,"malay_pct":44.49,"chinese_pct":22.98,"indian_pct":32.43,"other_pct":0.1,"age_mean":45.23,"age_median":45.2,"contact_pct":75.3,"male_malay":874,"male_chinese":451,"male_indian":604,"male_other":2,"female_malay":830,"female_chinese":429,"female_indian":638,"female_other":2}},{"type":"Feature","geometry":{"type":"Point","coordinates":[101.5155708,3.6727167]},"properties":{"dm_code":"02.LADANG LIMA BELAS","dun_code":"N.05","dun_prefix":"05","code_parlimen":"P.094","total_voters":744,"male":360,"female":384,"male_pct":48.4,"female_pct":51.6,"malay_pct":68.15,"chinese_pct":2.28,"indian_pct":29.44,"other_pct":0.13,"age_mean":48.37,"age_median":48.4,"contact_pct":75.67,"male_malay":241,"male_chinese":13,"male_indian":105,"male_other":1,"female_malay":266,"female_chinese":4,"female_indian":114,"female_other":0}},{"type":"Feature","geometry":{"type":"Point","coordinates":[101.786999,3.1455439]},"properties":{"dm_code":"02.LEMBAH JAYA UTARA","dun_code":"N.20","dun_prefix":"20","code_parlimen":"P.099","total_voters":3505,"male":1754,"female":1751,"male_pct":50,"female_pct":50,"malay_pct":96.83,"chinese_pct":0.68,"indian_pct":2.34,"other_pct":0.15,"age_mean":43.55,"age_median":43.5,"contact_pct":79.8,"male_malay":1697,"male_chinese":12,"male_indian":42,"male_other":3,"female_malay":1697,"female_chinese":12,"female_indian":40,"female_other":2}},{"type":"Feature","geometry":{"type":"Point","coordinates":[101.8335811,3.133909800000001]},"properties":{"dm_code":"02.LUI","dun_code":"N.23","dun_prefix":"23","code_parlimen":"P.101","total_voters":2989,"male":1518,"female":1471,"male_pct":50.8,"female_pct":49.2,"malay_pct":96.59,"chinese_pct":0.17,"indian_pct":1.97,"other_pct":1.27,"age_mean":41.79,"age_median":41.8,"contact_pct":77.22,"male_malay":1461,"male_chinese":0,"male_indian":34,"male_other":23,"female_malay":1426,"female_chinese":5,"female_indian":25,"female_other":15}},{"type":"Feature","geometry":{"type":"Point","coordinates":[101.5393805,3.071242]},"properties":{"dm_code":"02.MONTEREZ","dun_code":"N.40","dun_prefix":"40","code_parlimen":"P.108","total_voters":13324,"male":6599,"female":6725,"male_pct":49.5,"female_pct":50.5,"malay_pct":76.73,"chinese_pct":14.43,"indian_pct":6.37,"other_pct":2.47,"age_mean":35.32,"age_median":35.3,"contact_pct":72.06,"male_malay":5057,"male_chinese":942,"male_indian":429,"male_other":171,"female_malay":5166,"female_chinese":980,"female_indian":420,"female_other":159}},{"type":"Feature","geometry":{"type":"Point","coordinates":[101.0375439,3.770621]},"properties":{"dm_code":"02.PARIT 13 - 15 SUNGAI PANJANG","dun_code":"N.03","dun_prefix":"03","code_parlimen":"P.093","total_voters":2723,"male":1391,"female":1332,"male_pct":51.1,"female_pct":48.9,"malay_pct":99.82,"chinese_pct":0.07,"indian_pct":0.11,"other_pct":0,"age_mean":42.94,"age_median":42.9,"contact_pct":71.32,"male_malay":1389,"male_chinese":0,"male_indian":2,"male_other":0,"female_malay":1329,"female_chinese":2,"female_indian":1,"female_other":0}},{"type":"Feature","geometry":{"type":"Point","coordinates":[101.4479363,3.0473745]},"properties":{"dm_code":"02.PERSIARAN SULTAN IBRAHIM 2","dun_code":"N.45","dun_prefix":"45","code_parlimen":"P.110","total_voters":2894,"male":1440,"female":1454,"male_pct":49.8,"female_pct":50.2,"malay_pct":2.25,"chinese_pct":92.43,"indian_pct":2.8,"other_pct":2.52,"age_mean":57.55,"age_median":57.5,"contact_pct":78.02,"male_malay":36,"male_chinese":1342,"male_indian":36,"male_other":26,"female_malay":29,"female_chinese":1333,"female_indian":45,"female_other":47}},{"type":"Feature","geometry":{"type":"Point","coordinates":[101.6545201,3.5608697]},"properties":{"dm_code":"02.PERTAK","dun_code":"N.06","dun_prefix":"06","code_parlimen":"P.094","total_voters":428,"male":205,"female":223,"male_pct":47.9,"female_pct":52.1,"malay_pct":66.82,"chinese_pct":7.24,"indian_pct":25.7,"other_pct":0.24,"age_mean":40.71,"age_median":40.7,"contact_pct":55.14,"male_malay":145,"male_chinese":10,"male_indian":49,"male_other":1,"female_malay":141,"female_chinese":21,"female_indian":61,"female_other":0}},{"type":"Feature","geometry":{"type":"Point","coordinates":[101.5576101,3.1596495]},"properties":{"dm_code":"02.RRI SUNGAI BULOH","dun_code":"N.39","dun_prefix":"39","code_parlimen":"P.107","total_voters":1768,"male":867,"female":901,"male_pct":49,"female_pct":51,"malay_pct":51.3,"chinese_pct":3.11,"indian_pct":45.08,"other_pct":0.51,"age_mean":50.64,"age_median":50.6,"contact_pct":86.14,"male_malay":445,"male_chinese":28,"male_indian":391,"male_other":3,"female_malay":462,"female_chinese":27,"female_indian":406,"female_other":6}},{"type":"Feature","geometry":{"type":"Point","coordinates":[101.71481,2.641609]},"properties":{"dm_code":"02.SALAK","dun_code":"N.56","dun_prefix":"56","code_parlimen":"P.113","total_voters":8188,"male":4096,"female":4092,"male_pct":50,"female_pct":50,"malay_pct":98.97,"chinese_pct":0.44,"indian_pct":0.24,"other_pct":0.35,"age_mean":38.56,"age_median":38.6,"contact_pct":70.36,"male_malay":4046,"male_chinese":23,"male_indian":12,"male_other":15,"female_malay":4058,"female_chinese":13,"female_indian":8,"female_other":13}},{"type":"Feature","geometry":{"type":"Point","coordinates":[101.7906451,3.012899]},"properties":{"dm_code":"02.SAUJANA IMPIAN","dun_code":"N.25","dun_prefix":"25","code_parlimen":"P.102","total_voters":7096,"male":3490,"female":3606,"male_pct":49.2,"female_pct":50.8,"malay_pct":83.58,"chinese_pct":7.78,"indian_pct":3.57,"other_pct":5.07,"age_mean":37.3,"age_median":37.3,"contact_pct":74.92,"male_malay":2925,"male_chinese":288,"male_indian":118,"male_other":159,"female_malay":3006,"female_chinese":264,"female_indian":135,"female_other":201}},{"type":"Feature","geometry":{"type":"Point","coordinates":[101.1348419,3.4606548]},"properties":{"dm_code":"02.SAWAH SEMPADAN UTARA","dun_code":"N.08","dun_prefix":"08","code_parlimen":"P.095","total_voters":1653,"male":860,"female":793,"male_pct":52,"female_pct":48,"malay_pct":99.58,"chinese_pct":0.42,"indian_pct":0,"other_pct":0,"age_mean":43.98,"age_median":44,"contact_pct":73.62,"male_malay":858,"male_chinese":2,"male_indian":0,"male_other":0,"female_malay":788,"female_chinese":5,"female_indian":0,"female_other":0}},{"type":"Feature","geometry":{"type":"Point","coordinates":[101.6540669,3.100449]},"properties":{"dm_code":"02.SEKSYEN 17 BARAT","dun_code":"N.34","dun_prefix":"34","code_parlimen":"P.105","total_voters":1947,"male":982,"female":965,"male_pct":50.4,"female_pct":49.6,"malay_pct":6.78,"chinese_pct":79.3,"indian_pct":7.24,"other_pct":6.68,"age_mean":57.11,"age_median":57.1,"contact_pct":75.19,"male_malay":76,"male_chinese":791,"male_indian":65,"male_other":50,"female_malay":56,"female_chinese":753,"female_indian":76,"female_other":80}},{"type":"Feature","geometry":{"type":"Point","coordinates":[101.5391002,3.055377]},"properties":{"dm_code":"02.SEKSYEN 20 UTARA","dun_code":"N.35","dun_prefix":"35","code_parlimen":"P.106","total_voters":3249,"male":1570,"female":1679,"male_pct":48.3,"female_pct":51.7,"malay_pct":3.51,"chinese_pct":85.53,"indian_pct":4.37,"other_pct":6.59,"age_mean":58.96,"age_median":59,"contact_pct":72.85,"male_malay":53,"male_chinese":1368,"male_indian":64,"male_other":85,"female_malay":61,"female_chinese":1411,"female_indian":78,"female_other":129}},{"type":"Feature","geometry":{"type":"Point","coordinates":[101.6372498,3.0732207]},"properties":{"dm_code":"02.SEKSYEN 4 PETALING JAYA","dun_code":"N.33","dun_prefix":"33","code_parlimen":"P.105","total_voters":3987,"male":1925,"female":2062,"male_pct":48.3,"female_pct":51.7,"malay_pct":23.6,"chinese_pct":50.31,"indian_pct":19.06,"other_pct":7.03,"age_mean":53.82,"age_median":53.8,"contact_pct":73.89,"male_malay":500,"male_chinese":945,"male_indian":353,"male_other":127,"female_malay":441,"female_chinese":1061,"female_indian":407,"female_other":153}},{"type":"Feature","geometry":{"type":"Point","coordinates":[101.6294995,2.7878072]},"properties":{"dm_code":"02.SENTOSA DATO YUSOF SHAHBUDDIN","dun_code":"N.48","dun_prefix":"48","code_parlimen":"P.111","total_voters":7061,"male":3385,"female":3676,"male_pct":47.9,"female_pct":52.1,"malay_pct":10.04,"chinese_pct":36.85,"indian_pct":51.3,"other_pct":1.81,"age_mean":43.94,"age_median":43.9,"contact_pct":80.48,"male_malay":337,"male_chinese":1301,"male_indian":1700,"male_other":47,"female_malay":372,"female_chinese":1301,"female_indian":1922,"female_other":81}},{"type":"Feature","geometry":{"type":"Point","coordinates":[101.7055411,3.021998]},"properties":{"dm_code":"02.SERDANG UTAMA","dun_code":"N.28","dun_prefix":"28","code_parlimen":"P.103","total_voters":804,"male":396,"female":408,"male_pct":49.3,"female_pct":50.7,"malay_pct":2.99,"chinese_pct":67.91,"indian_pct":4.23,"other_pct":24.87,"age_mean":48.41,"age_median":48.4,"contact_pct":79.23,"male_malay":12,"male_chinese":285,"male_indian":17,"male_other":82,"female_malay":12,"female_chinese":261,"female_indian":17,"female_other":118}},{"type":"Feature","geometry":{"type":"Point","coordinates":[101.7161106,3.0114813]},"properties":{"dm_code":"02.SERI SERDANG UTARA","dun_code":"N.29","dun_prefix":"29","code_parlimen":"P.103","total_voters":4463,"male":2184,"female":2279,"male_pct":48.9,"female_pct":51.1,"malay_pct":57.38,"chinese_pct":22.16,"indian_pct":10.93,"other_pct":9.53,"age_mean":46.08,"age_median":46.1,"contact_pct":79.99,"male_malay":1254,"male_chinese":508,"male_indian":235,"male_other":187,"female_malay":1307,"female_chinese":481,"female_indian":253,"female_other":238}},{"type":"Feature","geometry":{"type":"Point","coordinates":[101.5349271,3.0054171]},"properties":{"dm_code":"02.SHAH ALAM S 28","dun_code":"N.50","dun_prefix":"50","code_parlimen":"P.111","total_voters":4188,"male":2110,"female":2078,"male_pct":50.4,"female_pct":49.6,"malay_pct":66.38,"chinese_pct":12.37,"indian_pct":19.94,"other_pct":1.31,"age_mean":43.15,"age_median":43.1,"contact_pct":77.53,"male_malay":1421,"male_chinese":261,"male_indian":401,"male_other":27,"female_malay":1359,"female_chinese":257,"female_indian":434,"female_other":28}},{"type":"Feature","geometry":{"type":"Point","coordinates":[101.4348337,2.9326767]},"properties":{"dm_code":"02.SIJANGKANG DALAM UTARA","dun_code":"N.51","dun_prefix":"51","code_parlimen":"P.112","total_voters":4967,"male":2459,"female":2508,"male_pct":49.5,"female_pct":50.5,"malay_pct":95.69,"chinese_pct":0.58,"indian_pct":3.58,"other_pct":0.15,"age_mean":41.56,"age_median":41.6,"contact_pct":72.24,"male_malay":2364,"male_chinese":10,"male_indian":83,"male_other":2,"female_malay":2389,"female_chinese":19,"female_indian":95,"female_other":5}},{"type":"Feature","geometry":{"type":"Point","coordinates":[101.6104999,3.1925945]},"properties":{"dm_code":"02.SRI DAMANSARA JALAN SD 1 - SD 5","dun_code":"N.37","dun_prefix":"37","code_parlimen":"P.106","total_voters":6549,"male":3209,"female":3340,"male_pct":49,"female_pct":51,"malay_pct":20.22,"chinese_pct":65.09,"indian_pct":9.48,"other_pct":5.21,"age_mean":46.32,"age_median":46.3,"contact_pct":81.98,"male_malay":643,"male_chinese":2121,"male_indian":284,"male_other":161,"female_malay":681,"female_chinese":2142,"female_indian":337,"female_other":180}},{"type":"Feature","geometry":{"type":"Point","coordinates":[101.594768,3.078872]},"properties":{"dm_code":"02.SS 12","dun_code":"N.31","dun_prefix":"31","code_parlimen":"P.104","total_voters":3665,"male":1709,"female":1956,"male_pct":46.6,"female_pct":53.4,"malay_pct":26.93,"chinese_pct":45.81,"indian_pct":12.22,"other_pct":15.04,"age_mean":50.9,"age_median":50.9,"contact_pct":78.88,"male_malay":461,"male_chinese":823,"male_indian":203,"male_other":222,"female_malay":526,"female_chinese":856,"female_indian":245,"female_other":329}},{"type":"Feature","geometry":{"type":"Point","coordinates":[101.6119073,3.1467185]},"properties":{"dm_code":"02.SS 20","dun_code":"N.36","dun_prefix":"36","code_parlimen":"P.106","total_voters":3524,"male":1633,"female":1891,"male_pct":46.3,"female_pct":53.7,"malay_pct":18.27,"chinese_pct":70.03,"indian_pct":5.62,"other_pct":6.08,"age_mean":54.66,"age_median":54.7,"contact_pct":76.16,"male_malay":302,"male_chinese":1142,"male_indian":93,"male_other":96,"female_malay":342,"female_chinese":1326,"female_indian":105,"female_other":118}},{"type":"Feature","geometry":{"type":"Point","coordinates":[101.6027579,3.097914]},"properties":{"dm_code":"02.SS 6","dun_code":"N.32","dun_prefix":"32","code_parlimen":"P.105","total_voters":2521,"male":1263,"female":1258,"male_pct":50.1,"female_pct":49.9,"malay_pct":77.35,"chinese_pct":9.08,"indian_pct":11.15,"other_pct":2.42,"age_mean":42.96,"age_median":43,"contact_pct":77.23,"male_malay":1010,"male_chinese":96,"male_indian":126,"male_other":31,"female_malay":940,"female_chinese":133,"female_indian":155,"female_other":30}},{"type":"Feature","geometry":{"type":"Point","coordinates":[101.4908796,2.8459953]},"properties":{"dm_code":"02.SUNGAI BUAYA TENGAH","dun_code":"N.53","dun_prefix":"53","code_parlimen":"P.112","total_voters":2554,"male":1297,"female":1257,"male_pct":50.8,"female_pct":49.2,"malay_pct":98.71,"chinese_pct":0.55,"indian_pct":0.43,"other_pct":0.31,"age_mean":42.3,"age_median":42.3,"contact_pct":72,"male_malay":1280,"male_chinese":9,"male_indian":4,"male_other":4,"female_malay":1241,"female_chinese":5,"female_indian":7,"female_other":4}},{"type":"Feature","geometry":{"type":"Point","coordinates":[101.4892188,3.037822]},"properties":{"dm_code":"02.SUNGAI KANDIS","dun_code":"N.49","dun_prefix":"49","code_parlimen":"P.111","total_voters":3159,"male":1566,"female":1593,"male_pct":49.6,"female_pct":50.4,"malay_pct":84.81,"chinese_pct":6.33,"indian_pct":8.67,"other_pct":0.19,"age_mean":40.73,"age_median":40.7,"contact_pct":73.41,"male_malay":1326,"male_chinese":105,"male_indian":131,"male_other":4,"female_malay":1353,"female_chinese":95,"female_indian":143,"female_other":2}},{"type":"Feature","geometry":{"type":"Point","coordinates":[101.0874,3.53204]},"properties":{"dm_code":"02.SUNGAI LEMAN BENDANG TENGAH","dun_code":"N.04","dun_prefix":"04","code_parlimen":"P.093","total_voters":1970,"male":1039,"female":931,"male_pct":52.7,"female_pct":47.3,"malay_pct":97.46,"chinese_pct":1.22,"indian_pct":1.32,"other_pct":0,"age_mean":40.38,"age_median":40.4,"contact_pct":72.18,"male_malay":1006,"male_chinese":18,"male_indian":15,"male_other":0,"female_malay":914,"female_chinese":6,"female_indian":11,"female_other":0}},{"type":"Feature","geometry":{"type":"Point","coordinates":[101.7575824,2.9749271]},"properties":{"dm_code":"02.SUNGAI RAMAL DALAM","dun_code":"N.26","dun_prefix":"26","code_parlimen":"P.102","total_voters":5145,"male":2555,"female":2590,"male_pct":49.7,"female_pct":50.3,"malay_pct":99.48,"chinese_pct":0.17,"indian_pct":0.1,"other_pct":0.25,"age_mean":39.12,"age_median":39.1,"contact_pct":86.63,"male_malay":2543,"male_chinese":4,"male_indian":2,"male_other":6,"female_malay":2575,"female_chinese":5,"female_indian":3,"female_other":7}},{"type":"Feature","geometry":{"type":"Point","coordinates":[101.6727088,2.6633978]},"properties":{"dm_code":"02.SUNGAI RAWANG","dun_code":"N.54","dun_prefix":"54","code_parlimen":"P.113","total_voters":1729,"male":853,"female":876,"male_pct":49.3,"female_pct":50.7,"malay_pct":91.32,"chinese_pct":0.87,"indian_pct":7.75,"other_pct":0.06,"age_mean":43.58,"age_median":43.6,"contact_pct":69.69,"male_malay":782,"male_chinese":10,"male_indian":60,"male_other":1,"female_malay":797,"female_chinese":5,"female_indian":74,"female_other":0}},{"type":"Feature","geometry":{"type":"Point","coordinates":[101.5471463,3.2829547]},"properties":{"dm_code":"02.SUNGAI SERAI","dun_code":"N.13","dun_prefix":"13","code_parlimen":"P.097","total_voters":1423,"male":695,"female":728,"male_pct":48.8,"female_pct":51.2,"malay_pct":79.76,"chinese_pct":5.06,"indian_pct":15.18,"other_pct":0,"age_mean":43.36,"age_median":43.4,"contact_pct":81.94,"male_malay":552,"male_chinese":37,"male_indian":106,"male_other":0,"female_malay":583,"female_chinese":35,"female_indian":110,"female_other":0}},{"type":"Feature","geometry":{"type":"Point","coordinates":[100.8771059,3.824322999999999]},"properties":{"dm_code":"02.SUNGAI TENGAR UTARA","dun_code":"N.01","dun_prefix":"01","code_parlimen":"P.092","total_voters":871,"male":428,"female":443,"male_pct":49.1,"female_pct":50.9,"malay_pct":98.05,"chinese_pct":1.61,"indian_pct":0.34,"other_pct":0,"age_mean":44.2,"age_median":44.2,"contact_pct":86.11,"male_malay":418,"male_chinese":7,"male_indian":3,"male_other":0,"female_malay":436,"female_chinese":7,"female_indian":0,"female_other":0}},{"type":"Feature","geometry":{"type":"Point","coordinates":[101.7046945,3.2332475]},"properties":{"dm_code":"02.TAMAN GREENWOOD","dun_code":"N.17","dun_prefix":"17","code_parlimen":"P.098","total_voters":4686,"male":2294,"female":2392,"male_pct":49,"female_pct":51,"malay_pct":87.54,"chinese_pct":5.01,"indian_pct":7.32,"other_pct":0.13,"age_mean":45.54,"age_median":45.5,"contact_pct":79.88,"male_malay":2009,"male_chinese":122,"male_indian":162,"male_other":1,"female_malay":2093,"female_chinese":113,"female_indian":181,"female_other":5}},{"type":"Feature","geometry":{"type":"Point","coordinates":[101.6730552,3.2567519]},"properties":{"dm_code":"02.TAMAN JASA","dun_code":"N.16","dun_prefix":"16","code_parlimen":"P.098","total_voters":3779,"male":1846,"female":1933,"male_pct":48.8,"female_pct":51.2,"malay_pct":82.69,"chinese_pct":3.36,"indian_pct":13.89,"other_pct":0.06,"age_mean":41.43,"age_median":41.4,"contact_pct":76.61,"male_malay":1522,"male_chinese":62,"male_indian":261,"male_other":1,"female_malay":1603,"female_chinese":65,"female_indian":264,"female_other":1}},{"type":"Feature","geometry":{"type":"Point","coordinates":[101.756795,3.119282]},"properties":{"dm_code":"02.TAMAN MUDA TIMUR","dun_code":"N.22","dun_prefix":"22","code_parlimen":"P.100","total_voters":2167,"male":1040,"female":1127,"male_pct":48,"female_pct":52,"malay_pct":7.89,"chinese_pct":64.1,"indian_pct":2.63,"other_pct":25.38,"age_mean":54.5,"age_median":54.5,"contact_pct":84.03,"male_malay":81,"male_chinese":718,"male_indian":24,"male_other":217,"female_malay":90,"female_chinese":671,"female_indian":33,"female_other":333}},{"type":"Feature","geometry":{"type":"Point","coordinates":[101.6545201,3.5608721]},"properties":{"dm_code":"03.AMPANG PECHAH","dun_code":"N.06","dun_prefix":"06","code_parlimen":"P.094","total_voters":4763,"male":2324,"female":2439,"male_pct":48.8,"female_pct":51.2,"malay_pct":73.63,"chinese_pct":9.78,"indian_pct":16.52,"other_pct":0.07,"age_mean":41.15,"age_median":41.1,"contact_pct":75.44,"male_malay":1686,"male_chinese":251,"male_indian":386,"male_other":1,"female_malay":1821,"female_chinese":215,"female_indian":401,"female_other":2}},{"type":"Feature","geometry":{"type":"Point","coordinates":[101.2941281,3.292248]},"properties":{"dm_code":"03.ASAM JAWA","dun_code":"N.10","dun_prefix":"10","code_parlimen":"P.096","total_voters":3784,"male":1867,"female":1917,"male_pct":49.3,"female_pct":50.7,"malay_pct":71.64,"chinese_pct":9.88,"indian_pct":18.47,"other_pct":0.01,"age_mean":41.25,"age_median":41.2,"contact_pct":72.73,"male_malay":1323,"male_chinese":188,"male_indian":356,"male_other":0,"female_malay":1388,"female_chinese":186,"female_indian":343,"female_other":0}},{"type":"Feature","geometry":{"type":"Point","coordinates":[101.4436451,2.751226]},"properties":{"dm_code":"03.BANDAR","dun_code":"N.53","dun_prefix":"53","code_parlimen":"P.112","total_voters":2364,"male":1186,"female":1178,"male_pct":50.2,"female_pct":49.8,"malay_pct":91.67,"chinese_pct":7.49,"indian_pct":0.55,"other_pct":0.29,"age_mean":43.51,"age_median":43.5,"contact_pct":73.14,"male_malay":1087,"male_chinese":89,"male_indian":6,"male_other":4,"female_malay":1080,"female_chinese":88,"female_indian":7,"female_other":3}},{"type":"Feature","geometry":{"type":"Point","coordinates":[101.4689729,3.06158]},"properties":{"dm_code":"03.BANDAR KLANG","dun_code":"N.45","dun_prefix":"45","code_parlimen":"P.110","total_voters":3241,"male":1648,"female":1593,"male_pct":50.8,"female_pct":49.2,"malay_pct":2.96,"chinese_pct":88.06,"indian_pct":6.23,"other_pct":2.75,"age_mean":53.17,"age_median":53.2,"contact_pct":78.86,"male_malay":48,"male_chinese":1468,"male_indian":102,"male_other":30,"female_malay":48,"female_chinese":1386,"female_indian":100,"female_other":59}},{"type":"Feature","geometry":{"type":"Point","coordinates":[101.4103643,3.3783619]},"properties":{"dm_code":"03.BATANG BERJUNTAI SATU","dun_code":"N.09","dun_prefix":"09","code_parlimen":"P.095","total_voters":2231,"male":1094,"female":1137,"male_pct":49,"female_pct":51,"malay_pct":74,"chinese_pct":2.42,"indian_pct":23.49,"other_pct":0.09,"age_mean":44.64,"age_median":44.6,"contact_pct":80.91,"male_malay":820,"male_chinese":26,"male_indian":247,"male_other":1,"female_malay":831,"female_chinese":28,"female_indian":277,"female_other":1}},{"type":"Feature","geometry":{"type":"Point","coordinates":[101.6397689,3.2464362]},"properties":{"dm_code":"03.BUKIT IDAMAN","dun_code":"N.15","dun_prefix":"15","code_parlimen":"P.097","total_voters":6850,"male":3621,"female":3229,"male_pct":52.9,"female_pct":47.1,"malay_pct":49.43,"chinese_pct":33.81,"indian_pct":16.29,"other_pct":0.47,"age_mean":42.63,"age_median":42.6,"contact_pct":79.9,"male_malay":1919,"male_chinese":1136,"male_indian":545,"male_other":21,"female_malay":1467,"female_chinese":1180,"female_indian":571,"female_other":11}},{"type":"Feature","geometry":{"type":"Point","coordinates":[101.332413,3.270783]},"properties":{"dm_code":"03.BUKIT KUCHING TENGAH","dun_code":"N.12","dun_prefix":"12","code_parlimen":"P.096","total_voters":1246,"male":641,"female":605,"male_pct":51.4,"female_pct":48.6,"malay_pct":99.12,"chinese_pct":0.32,"indian_pct":0.48,"other_pct":0.08,"age_mean":41.07,"age_median":41.1,"contact_pct":65.17,"male_malay":631,"male_chinese":4,"male_indian":5,"male_other":1,"female_malay":604,"female_chinese":0,"female_indian":1,"female_other":0}},{"type":"Feature","geometry":{"type":"Point","coordinates":[101.5603229,3.216821]},"properties":{"dm_code":"03.BUKIT RAHMAN PUTRA","dun_code":"N.38","dun_prefix":"38","code_parlimen":"P.107","total_voters":9377,"male":4747,"female":4630,"male_pct":50.6,"female_pct":49.4,"malay_pct":29.43,"chinese_pct":56.99,"indian_pct":7.58,"other_pct":6,"age_mean":39.85,"age_median":39.9,"contact_pct":75.19,"male_malay":1489,"male_chinese":2679,"male_indian":339,"male_other":240,"female_malay":1271,"female_chinese":2665,"female_indian":372,"female_other":322}},{"type":"Feature","geometry":{"type":"Point","coordinates":[101.6184025,3.1284193]},"properties":{"dm_code":"03.DAMANSARA JAYA UTARA","dun_code":"N.36","dun_prefix":"36","code_parlimen":"P.106","total_voters":4156,"male":1945,"female":2211,"male_pct":46.8,"female_pct":53.2,"malay_pct":9.43,"chinese_pct":79.16,"indian_pct":3.99,"other_pct":7.42,"age_mean":53.73,"age_median":53.7,"contact_pct":73.41,"male_malay":177,"male_chinese":1550,"male_indian":90,"male_other":128,"female_malay":215,"female_chinese":1740,"female_indian":76,"female_other":180}},{"type":"Feature","geometry":{"type":"Point","coordinates":[101.3814059,3.738607]},"properties":{"dm_code":"03.GEDANGSA","dun_code":"N.05","dun_prefix":"05","code_parlimen":"P.094","total_voters":3060,"male":1511,"female":1549,"male_pct":49.4,"female_pct":50.6,"malay_pct":88.63,"chinese_pct":2.16,"indian_pct":9.22,"other_pct":0,"age_mean":46.13,"age_median":46.1,"contact_pct":88.56,"male_malay":1334,"male_chinese":38,"male_indian":139,"male_other":0,"female_malay":1378,"female_chinese":28,"female_indian":143,"female_other":0}},{"type":"Feature","geometry":{"type":"Point","coordinates":[101.7833333,3.4333333]},"properties":{"dm_code":"03.HULU KALI","dun_code":"N.07","dun_prefix":"07","code_parlimen":"P.094","total_voters":1765,"male":883,"female":882,"male_pct":50,"female_pct":50,"malay_pct":83.91,"chinese_pct":4.7,"indian_pct":11.16,"other_pct":0.23,"age_mean":43.85,"age_median":43.9,"contact_pct":68.33,"male_malay":737,"male_chinese":47,"male_indian":98,"male_other":1,"female_malay":744,"female_chinese":36,"female_indian":99,"female_other":3}},{"type":"Feature","geometry":{"type":"Point","coordinates":[101.3942926,2.9996565]},"properties":{"dm_code":"03.JALAN PADANG","dun_code":"N.46","dun_prefix":"46","code_parlimen":"P.110","total_voters":622,"male":316,"female":306,"male_pct":50.8,"female_pct":49.2,"malay_pct":48.39,"chinese_pct":18.65,"indian_pct":31.83,"other_pct":1.13,"age_mean":55.32,"age_median":55.3,"contact_pct":55.79,"male_malay":147,"male_chinese":61,"male_indian":105,"male_other":3,"female_malay":154,"female_chinese":55,"female_indian":93,"female_other":4}},{"type":"Feature","geometry":{"type":"Point","coordinates":[101.4152322,3.180058]},"properties":{"dm_code":"03.JAYA SETIA","dun_code":"N.11","dun_prefix":"11","code_parlimen":"P.096","total_voters":2273,"male":1119,"female":1154,"male_pct":49.2,"female_pct":50.8,"malay_pct":96.35,"chinese_pct":0.48,"indian_pct":3.12,"other_pct":0.05,"age_mean":42.95,"age_median":43,"contact_pct":76.59,"male_malay":1079,"male_chinese":7,"male_indian":33,"male_other":0,"female_malay":1111,"female_chinese":4,"female_indian":38,"female_other":1}},{"type":"Feature","geometry":{"type":"Point","coordinates":[101.5206563,2.8949651]},"properties":{"dm_code":"03.JENJARUM TEMPATAN KEEMPAT","dun_code":"N.52","dun_prefix":"52","code_parlimen":"P.112","total_voters":2156,"male":1127,"female":1029,"male_pct":52.3,"female_pct":47.7,"malay_pct":8.58,"chinese_pct":83.67,"indian_pct":4.41,"other_pct":3.34,"age_mean":48.74,"age_median":48.7,"contact_pct":79.36,"male_malay":116,"male_chinese":934,"male_indian":42,"male_other":35,"female_malay":69,"female_chinese":870,"female_indian":53,"female_other":37}},{"type":"Feature","geometry":{"type":"Point","coordinates":[101.404457,3.0340203]},"properties":{"dm_code":"03.KAMPONG DELEK","dun_code":"N.44","dun_prefix":"44","code_parlimen":"P.109","total_voters":1581,"male":727,"female":854,"male_pct":46,"female_pct":54,"malay_pct":99.56,"chinese_pct":0.19,"indian_pct":0.19,"other_pct":0.06,"age_mean":52.2,"age_median":52.2,"contact_pct":77.99,"male_malay":724,"male_chinese":2,"male_indian":1,"male_other":0,"female_malay":850,"female_chinese":1,"female_indian":2,"female_other":1}},{"type":"Feature","geometry":{"type":"Point","coordinates":[101.8335811,3.133909800000001]},"properties":{"dm_code":"03.KAMPUNG JAWA","dun_code":"N.23","dun_prefix":"23","code_parlimen":"P.101","total_voters":1024,"male":500,"female":524,"male_pct":48.8,"female_pct":51.2,"malay_pct":96.19,"chinese_pct":2.25,"indian_pct":0,"other_pct":1.56,"age_mean":44.64,"age_median":44.6,"contact_pct":80.18,"male_malay":480,"male_chinese":13,"male_indian":0,"male_other":7,"female_malay":505,"female_chinese":10,"female_indian":0,"female_other":9}},{"type":"Feature","geometry":{"type":"Point","coordinates":[101.4240192,3.1418884]},"properties":{"dm_code":"03.KAMPUNG NENAS","dun_code":"N.42","dun_prefix":"42","code_parlimen":"P.109","total_voters":10858,"male":5342,"female":5516,"male_pct":49.2,"female_pct":50.8,"malay_pct":95.98,"chinese_pct":1.06,"indian_pct":2.85,"other_pct":0.11,"age_mean":38.6,"age_median":38.6,"contact_pct":69.49,"male_malay":5108,"male_chinese":65,"male_indian":163,"male_other":6,"female_malay":5313,"female_chinese":50,"female_indian":146,"female_other":7}},{"type":"Feature","geometry":{"type":"Point","coordinates":[101.7458,3.1454448]},"properties":{"dm_code":"03.KAMPUNG PANDAN DALAM KIRI","dun_code":"N.21","dun_prefix":"21","code_parlimen":"P.100","total_voters":4603,"male":2357,"female":2246,"male_pct":51.2,"female_pct":48.8,"malay_pct":98.67,"chinese_pct":0.39,"indian_pct":0.56,"other_pct":0.38,"age_mean":44.46,"age_median":44.5,"contact_pct":83.55,"male_malay":2323,"male_chinese":10,"male_indian":16,"male_other":8,"female_malay":2219,"female_chinese":8,"female_indian":10,"female_other":9}},{"type":"Feature","geometry":{"type":"Point","coordinates":[101.5739269,3.323489]},"properties":{"dm_code":"03.KAMPUNG RAJAH","dun_code":"N.14","dun_prefix":"14","code_parlimen":"P.097","total_voters":1208,"male":605,"female":603,"male_pct":50.1,"female_pct":49.9,"malay_pct":14.74,"chinese_pct":65.89,"indian_pct":19.12,"other_pct":0.25,"age_mean":55.68,"age_median":55.7,"contact_pct":80.05,"male_malay":83,"male_chinese":417,"male_indian":105,"male_other":0,"female_malay":95,"female_chinese":379,"female_indian":126,"female_other":3}},{"type":"Feature","geometry":{"type":"Point","coordinates":[101.5868509,2.980526]},"properties":{"dm_code":"03.KAMPUNG SERI AMAN","dun_code":"N.02","dun_prefix":"02","code_parlimen":"P.092","total_voters":2418,"male":1214,"female":1204,"male_pct":50.2,"female_pct":49.8,"malay_pct":66.29,"chinese_pct":33.13,"indian_pct":0.58,"other_pct":0,"age_mean":45.54,"age_median":45.5,"contact_pct":77.87,"male_malay":779,"male_chinese":429,"male_indian":6,"male_other":0,"female_malay":824,"female_chinese":372,"female_indian":8,"female_other":0}},{"type":"Feature","geometry":{"type":"Point","coordinates":[101.6496322,3.0895998]},"properties":{"dm_code":"03.KAWASAN MELAYU","dun_code":"N.33","dun_prefix":"33","code_parlimen":"P.105","total_voters":2098,"male":987,"female":1111,"male_pct":47,"female_pct":53,"malay_pct":71.5,"chinese_pct":16.97,"indian_pct":8.34,"other_pct":3.19,"age_mean":50.42,"age_median":50.4,"contact_pct":79.84,"male_malay":711,"male_chinese":165,"male_indian":79,"male_other":32,"female_malay":789,"female_chinese":191,"female_indian":96,"female_other":35}},{"type":"Feature","geometry":{"type":"Point","coordinates":[101.4119225,3.0732672]},"properties":{"dm_code":"03.KAWASAN SEKOLAH CINA 'A'","dun_code":"N.47","dun_prefix":"47","code_parlimen":"P.110","total_voters":4440,"male":2228,"female":2212,"male_pct":50.2,"female_pct":49.8,"malay_pct":7.59,"chinese_pct":82.32,"indian_pct":8.09,"other_pct":2,"age_mean":53.17,"age_median":53.2,"contact_pct":82.41,"male_malay":185,"male_chinese":1824,"male_indian":182,"male_other":37,"female_malay":152,"female_chinese":1831,"female_indian":177,"female_other":52}},{"type":"Feature","geometry":{"type":"Point","coordinates":[101.7194109,3.0137228]},"properties":{"dm_code":"03.KAWASAN UPM","dun_code":"N.29","dun_prefix":"29","code_parlimen":"P.103","total_voters":2053,"male":1024,"female":1029,"male_pct":49.9,"female_pct":50.1,"malay_pct":79.83,"chinese_pct":4.63,"indian_pct":13.49,"other_pct":2.05,"age_mean":52.26,"age_median":52.3,"contact_pct":78.32,"male_malay":811,"male_chinese":49,"male_indian":143,"male_other":21,"female_malay":828,"female_chinese":46,"female_indian":134,"female_other":21}},{"type":"Feature","geometry":{"type":"Point","coordinates":[101.649001,3.050629]},"properties":{"dm_code":"03.KINRARA SEKSYEN 1","dun_code":"N.30","dun_prefix":"30","code_parlimen":"P.104","total_voters":4202,"male":2026,"female":2176,"male_pct":48.2,"female_pct":51.8,"malay_pct":15.4,"chinese_pct":52.14,"indian_pct":18.78,"other_pct":13.68,"age_mean":49.76,"age_median":49.8,"contact_pct":79.75,"male_malay":315,"male_chinese":1069,"male_indian":394,"male_other":248,"female_malay":332,"female_chinese":1122,"female_indian":395,"female_other":327}},{"type":"Feature","geometry":{"type":"Point","coordinates":[101.6227451,2.804547]},"properties":{"dm_code":"03.LABUHAN DAGANG","dun_code":"N.55","dun_prefix":"55","code_parlimen":"P.113","total_voters":6251,"male":3070,"female":3181,"male_pct":49.1,"female_pct":50.9,"malay_pct":96.14,"chinese_pct":0.27,"indian_pct":1.74,"other_pct":1.85,"age_mean":40.18,"age_median":40.2,"contact_pct":70.31,"male_malay":2952,"male_chinese":9,"male_indian":61,"male_other":48,"female_malay":3058,"female_chinese":8,"female_indian":48,"female_other":67}},{"type":"Feature","geometry":{"type":"Point","coordinates":[101.0847274,3.7263584]},"properties":{"dm_code":"03.PARIT 6 - 12 SUNGAI PANJANG","dun_code":"N.03","dun_prefix":"03","code_parlimen":"P.093","total_voters":1743,"male":866,"female":877,"male_pct":49.7,"female_pct":50.3,"malay_pct":98.91,"chinese_pct":1.03,"indian_pct":0.06,"other_pct":0,"age_mean":43.26,"age_median":43.3,"contact_pct":69.94,"male_malay":858,"male_chinese":7,"male_indian":1,"male_other":0,"female_malay":866,"female_chinese":11,"female_indian":0,"female_other":0}},{"type":"Feature","geometry":{"type":"Point","coordinates":[101.5526896,3.2582981]},"properties":{"dm_code":"03.PEKAN KUANG","dun_code":"N.13","dun_prefix":"13","code_parlimen":"P.097","total_voters":2214,"male":1143,"female":1071,"male_pct":51.6,"female_pct":48.4,"malay_pct":31.44,"chinese_pct":30.71,"indian_pct":37.62,"other_pct":0.23,"age_mean":45.89,"age_median":45.9,"contact_pct":74.21,"male_malay":339,"male_chinese":369,"male_indian":432,"male_other":3,"female_malay":357,"female_chinese":311,"female_indian":401,"female_other":2}},{"type":"Feature","geometry":{"type":"Point","coordinates":[101.387237,3.090799]},"properties":{"dm_code":"03.PEREPAT","dun_code":"N.43","dun_prefix":"43","code_parlimen":"P.109","total_voters":6222,"male":3090,"female":3132,"male_pct":49.7,"female_pct":50.3,"malay_pct":63.48,"chinese_pct":8.95,"indian_pct":26.89,"other_pct":0.68,"age_mean":40.05,"age_median":40,"contact_pct":70.33,"male_malay":1953,"male_chinese":282,"male_indian":834,"male_other":21,"female_malay":1997,"female_chinese":275,"female_indian":839,"female_other":21}},{"type":"Feature","geometry":{"type":"Point","coordinates":[101.7701819,3.0613221]},"properties":{"dm_code":"03.PERIMBUN","dun_code":"N.27","dun_prefix":"27","code_parlimen":"P.102","total_voters":11249,"male":5471,"female":5778,"male_pct":48.6,"female_pct":51.4,"malay_pct":19.11,"chinese_pct":49.14,"indian_pct":9.07,"other_pct":22.68,"age_mean":44.01,"age_median":44,"contact_pct":78.35,"male_malay":1068,"male_chinese":2871,"male_indian":494,"male_other":1038,"female_malay":1082,"female_chinese":2657,"female_indian":526,"female_other":1513}},{"type":"Feature","geometry":{"type":"Point","coordinates":[101.5381021,3.1638897]},"properties":{"dm_code":"03.PINGGIRAN SUBANG","dun_code":"N.39","dun_prefix":"39","code_parlimen":"P.107","total_voters":5607,"male":2752,"female":2855,"male_pct":49.1,"female_pct":50.9,"malay_pct":67.49,"chinese_pct":19.21,"indian_pct":11.02,"other_pct":2.28,"age_mean":38.08,"age_median":38.1,"contact_pct":73.75,"male_malay":1825,"male_chinese":568,"male_indian":308,"male_other":51,"female_malay":1959,"female_chinese":509,"female_indian":310,"female_other":77}},{"type":"Feature","geometry":{"type":"Point","coordinates":[101.5556238,3.050613]},"properties":{"dm_code":"03.PINGGIRAN USJ","dun_code":"N.41","dun_prefix":"41","code_parlimen":"P.108","total_voters":3247,"male":1567,"female":1680,"male_pct":48.3,"female_pct":51.7,"malay_pct":66.12,"chinese_pct":8.16,"indian_pct":23.96,"other_pct":1.76,"age_mean":37.96,"age_median":38,"contact_pct":65.17,"male_malay":1052,"male_chinese":133,"male_indian":357,"male_other":25,"female_malay":1095,"female_chinese":132,"female_indian":421,"female_other":32}},{"type":"Feature","geometry":{"type":"Point","coordinates":[101.71481,2.641609]},"properties":{"dm_code":"03.SALAK JIJAN","dun_code":"N.56","dun_prefix":"56","code_parlimen":"P.113","total_voters":1646,"male":826,"female":820,"male_pct":50.2,"female_pct":49.8,"malay_pct":44.17,"chinese_pct":46.9,"indian_pct":6.62,"other_pct":2.31,"age_mean":46.93,"age_median":46.9,"contact_pct":77.95,"male_malay":352,"male_chinese":407,"male_indian":56,"male_other":11,"female_malay":375,"female_chinese":365,"female_indian":53,"female_other":27}},{"type":"Feature","geometry":{"type":"Point","coordinates":[101.6540669,3.100449]},"properties":{"dm_code":"03.SEKSYEN 17 TENGAH","dun_code":"N.34","dun_prefix":"34","code_parlimen":"P.105","total_voters":3032,"male":1447,"female":1585,"male_pct":47.7,"female_pct":52.3,"malay_pct":8.28,"chinese_pct":78.53,"indian_pct":5.38,"other_pct":7.81,"age_mean":57.92,"age_median":57.9,"contact_pct":70.68,"male_malay":124,"male_chinese":1146,"male_indian":79,"male_other":98,"female_malay":127,"female_chinese":1235,"female_indian":84,"female_other":139}},{"type":"Feature","geometry":{"type":"Point","coordinates":[101.5391002,3.055377]},"properties":{"dm_code":"03.SEKSYEN 20 SELATAN","dun_code":"N.35","dun_prefix":"35","code_parlimen":"P.106","total_voters":1815,"male":876,"female":939,"male_pct":48.3,"female_pct":51.7,"malay_pct":3.47,"chinese_pct":81.93,"indian_pct":7.82,"other_pct":6.78,"age_mean":58.95,"age_median":59,"contact_pct":76.14,"male_malay":25,"male_chinese":721,"male_indian":71,"male_other":59,"female_malay":38,"female_chinese":766,"female_indian":71,"female_other":64}},{"type":"Feature","geometry":{"type":"Point","coordinates":[101.7595875,3.0093038]},"properties":{"dm_code":"03.SEKSYEN 3 BBB","dun_code":"N.26","dun_prefix":"26","code_parlimen":"P.102","total_voters":9455,"male":4753,"female":4702,"male_pct":50.3,"female_pct":49.7,"malay_pct":98.54,"chinese_pct":0.2,"indian_pct":0.77,"other_pct":0.49,"age_mean":38.27,"age_median":38.3,"contact_pct":86.91,"male_malay":4683,"male_chinese":10,"male_indian":41,"male_other":19,"female_malay":4634,"female_chinese":9,"female_indian":32,"female_other":27}},{"type":"Feature","geometry":{"type":"Point","coordinates":[101.7055411,3.021998]},"properties":{"dm_code":"03.SERI KEMBANGAN 2","dun_code":"N.28","dun_prefix":"28","code_parlimen":"P.103","total_voters":2635,"male":1378,"female":1257,"male_pct":52.3,"female_pct":47.7,"malay_pct":1.63,"chinese_pct":69.79,"indian_pct":3.49,"other_pct":25.09,"age_mean":55.18,"age_median":55.2,"contact_pct":82.09,"male_malay":21,"male_chinese":997,"male_indian":56,"male_other":304,"female_malay":22,"female_chinese":842,"female_indian":36,"female_other":357}},{"type":"Feature","geometry":{"type":"Point","coordinates":[101.5393805,3.071242]},"properties":{"dm_code":"03.SHAH ALAM S 9","dun_code":"N.40","dun_prefix":"40","code_parlimen":"P.108","total_voters":6640,"male":3573,"female":3067,"male_pct":53.8,"female_pct":46.2,"malay_pct":86.82,"chinese_pct":7.97,"indian_pct":3.8,"other_pct":1.41,"age_mean":42.07,"age_median":42.1,"contact_pct":85.36,"male_malay":3087,"male_chinese":273,"male_indian":157,"male_other":56,"female_malay":2678,"female_chinese":256,"female_indian":95,"female_other":38}},{"type":"Feature","geometry":{"type":"Point","coordinates":[101.4348337,2.9326767]},"properties":{"dm_code":"03.SIJANGKANG DALAM SELATAN","dun_code":"N.51","dun_prefix":"51","code_parlimen":"P.112","total_voters":2324,"male":1179,"female":1145,"male_pct":50.7,"female_pct":49.3,"malay_pct":95.78,"chinese_pct":0.77,"indian_pct":3.36,"other_pct":0.09,"age_mean":40.8,"age_median":40.8,"contact_pct":71.3,"male_malay":1128,"male_chinese":12,"male_indian":39,"male_other":0,"female_malay":1098,"female_chinese":6,"female_indian":39,"female_other":2}},{"type":"Feature","geometry":{"type":"Point","coordinates":[101.7034148,3.2419494]},"properties":{"dm_code":"03.SIMPANG TIGA","dun_code":"N.17","dun_prefix":"17","code_parlimen":"P.098","total_voters":7483,"male":3795,"female":3688,"male_pct":50.7,"female_pct":49.3,"malay_pct":99.09,"chinese_pct":0.71,"indian_pct":0.13,"other_pct":0.07,"age_mean":40.61,"age_median":40.6,"contact_pct":72.66,"male_malay":3762,"male_chinese":26,"male_indian":4,"male_other":3,"female_malay":3653,"female_chinese":27,"female_indian":6,"female_other":2}},{"type":"Feature","geometry":{"type":"Point","coordinates":[101.6104999,3.1925945]},"properties":{"dm_code":"03.SRI DAMANSARA  JALAN SD7 - JALAN SD9","dun_code":"N.37","dun_prefix":"37","code_parlimen":"P.106","total_voters":6827,"male":3285,"female":3542,"male_pct":48.1,"female_pct":51.9,"malay_pct":24.48,"chinese_pct":64.35,"indian_pct":4.2,"other_pct":6.97,"age_mean":42.53,"age_median":42.5,"contact_pct":81.98,"male_malay":807,"male_chinese":2128,"male_indian":130,"male_other":220,"female_malay":864,"female_chinese":2265,"female_indian":157,"female_other":256}},{"type":"Feature","geometry":{"type":"Point","coordinates":[101.5495345,3.0276172]},"properties":{"dm_code":"03.SRI MUDA 1","dun_code":"N.50","dun_prefix":"50","code_parlimen":"P.111","total_voters":8604,"male":4274,"female":4330,"male_pct":49.7,"female_pct":50.3,"malay_pct":34.68,"chinese_pct":18.81,"indian_pct":44.39,"other_pct":2.12,"age_mean":42.85,"age_median":42.9,"contact_pct":75.1,"male_malay":1537,"male_chinese":836,"male_indian":1810,"male_other":91,"female_malay":1447,"female_chinese":782,"female_indian":2009,"female_other":92}},{"type":"Feature","geometry":{"type":"Point","coordinates":[101.5874168,3.073608]},"properties":{"dm_code":"03.SS 15","dun_code":"N.31","dun_prefix":"31","code_parlimen":"P.104","total_voters":3439,"male":1748,"female":1691,"male_pct":50.8,"female_pct":49.2,"malay_pct":28.76,"chinese_pct":49.78,"indian_pct":7.62,"other_pct":13.84,"age_mean":53.29,"age_median":53.3,"contact_pct":77.26,"male_malay":492,"male_chinese":903,"male_indian":137,"male_other":216,"female_malay":497,"female_chinese":809,"female_indian":125,"female_other":260}},{"type":"Feature","geometry":{"type":"Point","coordinates":[101.7141998,3.219417]},"properties":{"dm_code":"03.SS 5D","dun_code":"N.32","dun_prefix":"32","code_parlimen":"P.105","total_voters":2145,"male":992,"female":1153,"male_pct":46.2,"female_pct":53.8,"malay_pct":68.72,"chinese_pct":17.53,"indian_pct":11.38,"other_pct":2.37,"age_mean":49.34,"age_median":49.3,"contact_pct":83.12,"male_malay":700,"male_chinese":161,"male_indian":109,"male_other":22,"female_malay":774,"female_chinese":215,"female_indian":135,"female_other":29}},{"type":"Feature","geometry":{"type":"Point","coordinates":[100.8956516,3.8441266]},"properties":{"dm_code":"03.SUNGAI AIR TAWAR","dun_code":"N.01","dun_prefix":"01","code_parlimen":"P.092","total_voters":2462,"male":1245,"female":1217,"male_pct":50.6,"female_pct":49.4,"malay_pct":88.63,"chinese_pct":6.01,"indian_pct":5.28,"other_pct":0.08,"age_mean":45.07,"age_median":45.1,"contact_pct":73.35,"male_malay":1097,"male_chinese":78,"male_indian":68,"male_other":2,"female_malay":1085,"female_chinese":70,"female_indian":62,"female_other":0}},{"type":"Feature","geometry":{"type":"Point","coordinates":[101.1348419,3.4606548]},"properties":{"dm_code":"03.SUNGAI BURONG BENDANG","dun_code":"N.08","dun_prefix":"08","code_parlimen":"P.095","total_voters":2237,"male":1091,"female":1146,"male_pct":48.8,"female_pct":51.2,"malay_pct":84.22,"chinese_pct":0.4,"indian_pct":15.38,"other_pct":0,"age_mean":43.3,"age_median":43.3,"contact_pct":78.1,"male_malay":920,"male_chinese":4,"male_indian":167,"male_other":0,"female_malay":964,"female_chinese":5,"female_indian":177,"female_other":0}},{"type":"Feature","geometry":{"type":"Point","coordinates":[101.0874,3.53204]},"properties":{"dm_code":"03.SUNGAI LEMAN BENDANG SELATAN","dun_code":"N.04","dun_prefix":"04","code_parlimen":"P.093","total_voters":196,"male":85,"female":111,"male_pct":43.4,"female_pct":56.6,"malay_pct":98.98,"chinese_pct":1.02,"indian_pct":0,"other_pct":0,"age_mean":67.14,"age_median":67.1,"contact_pct":78.57,"male_malay":85,"male_chinese":0,"male_indian":0,"male_other":0,"female_malay":109,"female_chinese":2,"female_indian":0,"female_other":0}},{"type":"Feature","geometry":{"type":"Point","coordinates":[101.6978055,3.3125463]},"properties":{"dm_code":"03.SUNGAI TUA","dun_code":"N.16","dun_prefix":"16","code_parlimen":"P.098","total_voters":3030,"male":1503,"female":1527,"male_pct":49.6,"female_pct":50.4,"malay_pct":91.98,"chinese_pct":1.98,"indian_pct":5.94,"other_pct":0.1,"age_mean":44.43,"age_median":44.4,"contact_pct":77.85,"male_malay":1392,"male_chinese":23,"male_indian":88,"male_other":0,"female_malay":1395,"female_chinese":37,"female_indian":92,"female_other":3}},{"type":"Feature","geometry":{"type":"Point","coordinates":[101.4459816,3.0012183]},"properties":{"dm_code":"03.TAMAN DESAWAN","dun_code":"N.48","dun_prefix":"48","code_parlimen":"P.111","total_voters":3530,"male":1701,"female":1829,"male_pct":48.2,"female_pct":51.8,"malay_pct":17.93,"chinese_pct":39.86,"indian_pct":40.57,"other_pct":1.64,"age_mean":44.76,"age_median":44.8,"contact_pct":81.59,"male_malay":301,"male_chinese":708,"male_indian":671,"male_other":21,"female_malay":332,"female_chinese":699,"female_indian":761,"female_other":37}},{"type":"Feature","geometry":{"type":"Point","coordinates":[101.7818502,3.1392298]},"properties":{"dm_code":"03.TAMAN KOSAS","dun_code":"N.20","dun_prefix":"20","code_parlimen":"P.099","total_voters":5214,"male":2608,"female":2606,"male_pct":50,"female_pct":50,"malay_pct":65.59,"chinese_pct":22.04,"indian_pct":10.93,"other_pct":1.44,"age_mean":44.24,"age_median":44.2,"contact_pct":78.69,"male_malay":1711,"male_chinese":582,"male_indian":280,"male_other":35,"female_malay":1709,"female_chinese":567,"female_indian":290,"female_other":40}},{"type":"Feature","geometry":{"type":"Point","coordinates":[101.7470841,3.212581]},"properties":{"dm_code":"03.TAMAN MELAWATI","dun_code":"N.18","dun_prefix":"18","code_parlimen":"P.098","total_voters":9188,"male":4455,"female":4733,"male_pct":48.5,"female_pct":51.5,"malay_pct":71.46,"chinese_pct":23.15,"indian_pct":5.28,"other_pct":0.11,"age_mean":42.76,"age_median":42.8,"contact_pct":80.26,"male_malay":3186,"male_chinese":1043,"male_indian":223,"male_other":3,"female_malay":3380,"female_chinese":1084,"female_indian":262,"female_other":7}},{"type":"Feature","geometry":{"type":"Point","coordinates":[101.7793069,3.013429]},"properties":{"dm_code":"03.TAMAN MESRA","dun_code":"N.25","dun_prefix":"25","code_parlimen":"P.102","total_voters":1763,"male":871,"female":892,"male_pct":49.4,"female_pct":50.6,"malay_pct":85.65,"chinese_pct":6.35,"indian_pct":4.82,"other_pct":3.18,"age_mean":46.83,"age_median":46.8,"contact_pct":81.79,"male_malay":732,"male_chinese":64,"male_indian":46,"male_other":29,"female_malay":778,"female_chinese":48,"female_indian":39,"female_other":27}},{"type":"Feature","geometry":{"type":"Point","coordinates":[101.6118421,2.968621]},"properties":{"dm_code":"03.TAMAN PUTRA","dun_code":"N.22","dun_prefix":"22","code_parlimen":"P.100","total_voters":4412,"male":2141,"female":2271,"male_pct":48.5,"female_pct":51.5,"malay_pct":21.78,"chinese_pct":50.97,"indian_pct":5.46,"other_pct":21.79,"age_mean":47.4,"age_median":47.4,"contact_pct":84.81,"male_malay":474,"male_chinese":1155,"male_indian":109,"male_other":403,"female_malay":487,"female_chinese":1094,"female_indian":132,"female_other":558}},{"type":"Feature","geometry":{"type":"Point","coordinates":[101.6469213,2.6427958]},"properties":{"dm_code":"03.TANJONG RHU","dun_code":"N.54","dun_prefix":"54","code_parlimen":"P.113","total_voters":1361,"male":658,"female":703,"male_pct":48.3,"female_pct":51.7,"malay_pct":7.71,"chinese_pct":0.81,"indian_pct":91.04,"other_pct":0.44,"age_mean":45.65,"age_median":45.6,"contact_pct":72.01,"male_malay":44,"male_chinese":5,"male_indian":604,"male_other":5,"female_malay":61,"female_chinese":6,"female_indian":635,"female_other":1}},{"type":"Feature","geometry":{"type":"Point","coordinates":[101.8470485,2.9476167]},"properties":{"dm_code":"03.TARUN","dun_code":"N.24","dun_prefix":"24","code_parlimen":"P.101","total_voters":1211,"male":631,"female":580,"male_pct":52.1,"female_pct":47.9,"malay_pct":17.09,"chinese_pct":43.77,"indian_pct":19.74,"other_pct":19.4,"age_mean":45.84,"age_median":45.8,"contact_pct":73,"male_malay":101,"male_chinese":287,"male_indian":125,"male_other":118,"female_malay":106,"female_chinese":243,"female_indian":114,"female_other":117}},{"type":"Feature","geometry":{"type":"Point","coordinates":[101.4775553,3.0328488]},"properties":{"dm_code":"03.TELUK MENEGUN","dun_code":"N.49","dun_prefix":"49","code_parlimen":"P.111","total_voters":3466,"male":1648,"female":1818,"male_pct":47.5,"female_pct":52.5,"malay_pct":75.13,"chinese_pct":7.5,"indian_pct":16.76,"other_pct":0.61,"age_mean":45.71,"age_median":45.7,"contact_pct":83.84,"male_malay":1226,"male_chinese":136,"male_indian":278,"male_other":8,"female_malay":1378,"female_chinese":124,"female_indian":303,"female_other":13}},{"type":"Feature","geometry":{"type":"Point","coordinates":[101.7593719,3.165799]},"properties":{"dm_code":"03.UKAY HEIGHT","dun_code":"N.19","dun_prefix":"19","code_parlimen":"P.099","total_voters":1509,"male":717,"female":792,"male_pct":47.5,"female_pct":52.5,"malay_pct":38.77,"chinese_pct":51.16,"indian_pct":6.36,"other_pct":3.71,"age_mean":50.01,"age_median":50,"contact_pct":74.75,"male_malay":279,"male_chinese":367,"male_indian":46,"male_other":25,"female_malay":306,"female_chinese":405,"female_indian":50,"female_other":31}},{"type":"Feature","geometry":{"type":"Point","coordinates":[101.770358,3.186191]},"properties":{"dm_code":"04.AMPANG JAYA","dun_code":"N.19","dun_prefix":"19","code_parlimen":"P.099","total_voters":3404,"male":1684,"female":1720,"male_pct":49.5,"female_pct":50.5,"malay_pct":74.24,"chinese_pct":17.8,"indian_pct":6.82,"other_pct":1.14,"age_mean":49.25,"age_median":49.2,"contact_pct":79.02,"male_malay":1289,"male_chinese":262,"male_indian":108,"male_other":25,"female_malay":1238,"female_chinese":344,"female_indian":124,"female_other":14}},{"type":"Feature","geometry":{"type":"Point","coordinates":[101.6999828,2.8533706]},"properties":{"dm_code":"04.AMPAR TENANG","dun_code":"N.55","dun_prefix":"55","code_parlimen":"P.113","total_voters":1781,"male":875,"female":906,"male_pct":49.1,"female_pct":50.9,"malay_pct":83.1,"chinese_pct":6.57,"indian_pct":9.49,"other_pct":0.84,"age_mean":39.79,"age_median":39.8,"contact_pct":72.88,"male_malay":736,"male_chinese":55,"male_indian":70,"male_other":14,"female_malay":744,"female_chinese":62,"female_indian":99,"female_other":1}},{"type":"Feature","geometry":{"type":"Point","coordinates":[101.7731801,3.046271]},"properties":{"dm_code":"04.BATU 11 CHERAS","dun_code":"N.27","dun_prefix":"27","code_parlimen":"P.102","total_voters":5688,"male":2833,"female":2855,"male_pct":49.8,"female_pct":50.2,"malay_pct":9.81,"chinese_pct":57.28,"indian_pct":7.45,"other_pct":25.46,"age_mean":47.27,"age_median":47.3,"contact_pct":78.18,"male_malay":286,"male_chinese":1708,"male_indian":196,"male_other":643,"female_malay":272,"female_chinese":1550,"female_indian":228,"female_other":805}},{"type":"Feature","geometry":{"type":"Point","coordinates":[101.7225907,3.2460491]},"properties":{"dm_code":"04.BATU 8 GOMBAK","dun_code":"N.17","dun_prefix":"17","code_parlimen":"P.098","total_voters":6308,"male":3128,"female":3180,"male_pct":49.6,"female_pct":50.4,"malay_pct":95.36,"chinese_pct":3,"indian_pct":1.6,"other_pct":0.04,"age_mean":38.58,"age_median":38.6,"contact_pct":72.75,"male_malay":2973,"male_chinese":106,"male_indian":46,"male_other":3,"female_malay":3042,"female_chinese":83,"female_indian":55,"female_other":0}},{"type":"Feature","geometry":{"type":"Point","coordinates":[101.4135412,3.336206]},"properties":{"dm_code":"04.BUKIT BADONG","dun_code":"N.11","dun_prefix":"11","code_parlimen":"P.096","total_voters":4310,"male":2108,"female":2202,"male_pct":48.9,"female_pct":51.1,"malay_pct":85.38,"chinese_pct":2.34,"indian_pct":12.25,"other_pct":0.03,"age_mean":42.84,"age_median":42.8,"contact_pct":76.45,"male_malay":1795,"male_chinese":50,"male_indian":263,"male_other":0,"female_malay":1885,"female_chinese":51,"female_indian":265,"female_other":1}},{"type":"Feature","geometry":{"type":"Point","coordinates":[101.6937539,3.1407566]},"properties":{"dm_code":"04.BUKIT INDAH JALAN 1 & 2","dun_code":"N.20","dun_prefix":"20","code_parlimen":"P.099","total_voters":5460,"male":2674,"female":2786,"male_pct":49,"female_pct":51,"malay_pct":64.93,"chinese_pct":26.89,"indian_pct":6.23,"other_pct":1.95,"age_mean":42.9,"age_median":42.9,"contact_pct":79.6,"male_malay":1722,"male_chinese":725,"male_indian":176,"male_other":51,"female_malay":1823,"female_chinese":743,"female_indian":164,"female_other":56}},{"type":"Feature","geometry":{"type":"Point","coordinates":[101.6002812,3.1829965]},"properties":{"dm_code":"04.BUKIT LANJAN","dun_code":"N.37","dun_prefix":"37","code_parlimen":"P.106","total_voters":11351,"male":5505,"female":5846,"male_pct":48.5,"female_pct":51.5,"malay_pct":44.2,"chinese_pct":40.52,"indian_pct":10.24,"other_pct":5.04,"age_mean":39.95,"age_median":40,"contact_pct":73.29,"male_malay":2505,"male_chinese":2164,"male_indian":572,"male_other":264,"female_malay":2512,"female_chinese":2435,"female_indian":590,"female_other":309}},{"type":"Feature","geometry":{"type":"Point","coordinates":[101.4154626,2.8342827]},"properties":{"dm_code":"04.JUGRA","dun_code":"N.53","dun_prefix":"53","code_parlimen":"P.112","total_voters":6334,"male":3260,"female":3074,"male_pct":51.5,"female_pct":48.5,"malay_pct":75.28,"chinese_pct":10.23,"indian_pct":13.36,"other_pct":1.13,"age_mean":38.22,"age_median":38.2,"contact_pct":67.49,"male_malay":2457,"male_chinese":344,"male_indian":414,"male_other":45,"female_malay":2311,"female_chinese":304,"female_indian":432,"female_other":27}},{"type":"Feature","geometry":{"type":"Point","coordinates":[101.661697,3.558261]},"properties":{"dm_code":"04.KAMPUNG BAHARU CHINA K.K.B","dun_code":"N.06","dun_prefix":"06","code_parlimen":"P.094","total_voters":2345,"male":1199,"female":1146,"male_pct":51.1,"female_pct":48.9,"malay_pct":11.34,"chinese_pct":71.34,"indian_pct":17.23,"other_pct":0.09,"age_mean":49.9,"age_median":49.9,"contact_pct":84.18,"male_malay":126,"male_chinese":894,"male_indian":179,"male_other":0,"female_malay":140,"female_chinese":779,"female_indian":225,"female_other":2}},{"type":"Feature","geometry":{"type":"Point","coordinates":[101.5421111,3.2446085]},"properties":{"dm_code":"04.KAMPUNG GOMBAK","dun_code":"N.13","dun_prefix":"13","code_parlimen":"P.097","total_voters":2724,"male":1347,"female":1377,"male_pct":49.4,"female_pct":50.6,"malay_pct":97.91,"chinese_pct":0.77,"indian_pct":1.32,"other_pct":0,"age_mean":42.12,"age_median":42.1,"contact_pct":75.81,"male_malay":1318,"male_chinese":10,"male_indian":19,"male_other":0,"female_malay":1349,"female_chinese":11,"female_indian":17,"female_other":0}},{"type":"Feature","geometry":{"type":"Point","coordinates":[101.2463485,3.3416401]},"properties":{"dm_code":"04.KAMPUNG KUANTAN KELAB","dun_code":"N.10","dun_prefix":"10","code_parlimen":"P.096","total_voters":1171,"male":565,"female":606,"male_pct":48.2,"female_pct":51.8,"malay_pct":36.55,"chinese_pct":5.81,"indian_pct":57.64,"other_pct":0,"age_mean":48.39,"age_median":48.4,"contact_pct":77.03,"male_malay":187,"male_chinese":35,"male_indian":343,"male_other":0,"female_malay":241,"female_chinese":33,"female_indian":332,"female_other":0}},{"type":"Feature","geometry":{"type":"Point","coordinates":[101.6752828,3.2500018]},"properties":{"dm_code":"04.KAMPUNG NAKHODA","dun_code":"N.16","dun_prefix":"16","code_parlimen":"P.098","total_voters":6181,"male":3102,"female":3079,"male_pct":50.2,"female_pct":49.8,"malay_pct":99.32,"chinese_pct":0.49,"indian_pct":0.16,"other_pct":0.03,"age_mean":43.54,"age_median":43.5,"contact_pct":78.9,"male_malay":3082,"male_chinese":16,"male_indian":3,"male_other":1,"female_malay":3057,"female_chinese":14,"female_indian":7,"female_other":1}},{"type":"Feature","geometry":{"type":"Point","coordinates":[101.6519159,3.446597]},"properties":{"dm_code":"04.KAMPUNG PADANG","dun_code":"N.07","dun_prefix":"07","code_parlimen":"P.094","total_voters":1621,"male":740,"female":881,"male_pct":45.7,"female_pct":54.3,"malay_pct":84.64,"chinese_pct":11.72,"indian_pct":3.64,"other_pct":0,"age_mean":46.34,"age_median":46.3,"contact_pct":76.5,"male_malay":629,"male_chinese":87,"male_indian":24,"male_other":0,"female_malay":743,"female_chinese":103,"female_indian":35,"female_other":0}},{"type":"Feature","geometry":{"type":"Point","coordinates":[101.5868509,2.980526]},"properties":{"dm_code":"04.KAMPUNG SRI AMAN","dun_code":"N.29","dun_prefix":"29","code_parlimen":"P.103","total_voters":7034,"male":3583,"female":3451,"male_pct":50.9,"female_pct":49.1,"malay_pct":93.65,"chinese_pct":3.44,"indian_pct":1.24,"other_pct":1.67,"age_mean":40.07,"age_median":40.1,"contact_pct":73.86,"male_malay":3365,"male_chinese":138,"male_indian":40,"male_other":40,"female_malay":3222,"female_chinese":104,"female_indian":47,"female_other":78}},{"type":"Feature","geometry":{"type":"Point","coordinates":[101.8478011,2.9508927]},"properties":{"dm_code":"04.KAMPUNG TANJONG","dun_code":"N.24","dun_prefix":"24","code_parlimen":"P.101","total_voters":6181,"male":3033,"female":3148,"male_pct":49.1,"female_pct":50.9,"malay_pct":78.42,"chinese_pct":6.47,"indian_pct":11.83,"other_pct":3.28,"age_mean":41.3,"age_median":41.3,"contact_pct":77.43,"male_malay":2399,"male_chinese":196,"male_indian":336,"male_other":102,"female_malay":2448,"female_chinese":204,"female_indian":395,"female_other":101}},{"type":"Feature","geometry":{"type":"Point","coordinates":[101.372148,3.0172019]},"properties":{"dm_code":"04.KAWASAN PELABUHAN","dun_code":"N.46","dun_prefix":"46","code_parlimen":"P.110","total_voters":4786,"male":2361,"female":2425,"male_pct":49.3,"female_pct":50.7,"malay_pct":62.95,"chinese_pct":9.84,"indian_pct":26.18,"other_pct":1.03,"age_mean":39.13,"age_median":39.1,"contact_pct":76.24,"male_malay":1501,"male_chinese":234,"male_indian":601,"male_other":25,"female_malay":1512,"female_chinese":237,"female_indian":652,"female_other":24}},{"type":"Feature","geometry":{"type":"Point","coordinates":[101.767685,3.211825]},"properties":{"dm_code":"04.KEMENSAH","dun_code":"N.18","dun_prefix":"18","code_parlimen":"P.098","total_voters":2469,"male":1268,"female":1201,"male_pct":51.4,"female_pct":48.6,"malay_pct":83.31,"chinese_pct":10.81,"indian_pct":5.71,"other_pct":0.17,"age_mean":44.29,"age_median":44.3,"contact_pct":76.43,"male_malay":1061,"male_chinese":134,"male_indian":70,"male_other":3,"female_malay":996,"female_chinese":133,"female_indian":71,"female_other":1}},{"type":"Feature","geometry":{"type":"Point","coordinates":[101.4922193,3.0741068]},"properties":{"dm_code":"04.KINRARA SEKSYEN 7","dun_code":"N.30","dun_prefix":"30","code_parlimen":"P.104","total_voters":3316,"male":1629,"female":1687,"male_pct":49.1,"female_pct":50.9,"malay_pct":34.68,"chinese_pct":35.65,"indian_pct":19.54,"other_pct":10.13,"age_mean":44.96,"age_median":45,"contact_pct":78.14,"male_malay":580,"male_chinese":589,"male_indian":305,"male_other":155,"female_malay":570,"female_chinese":593,"female_indian":343,"female_other":181}},{"type":"Feature","geometry":{"type":"Point","coordinates":[101.5333505,2.8529733]},"properties":{"dm_code":"04.KOTA SRI LANGAT","dun_code":"N.52","dun_prefix":"52","code_parlimen":"P.112","total_voters":1929,"male":902,"female":1027,"male_pct":46.8,"female_pct":53.2,"malay_pct":17.78,"chinese_pct":6.64,"indian_pct":74.6,"other_pct":0.98,"age_mean":45.12,"age_median":45.1,"contact_pct":75.79,"male_malay":164,"male_chinese":60,"male_indian":671,"male_other":7,"female_malay":179,"female_chinese":68,"female_indian":768,"female_other":12}},{"type":"Feature","geometry":{"type":"Point","coordinates":[101.4882473,3.4761622]},"properties":{"dm_code":"04.LADANG MARY","dun_code":"N.09","dun_prefix":"09","code_parlimen":"P.095","total_voters":357,"male":170,"female":187,"male_pct":47.6,"female_pct":52.4,"malay_pct":5.88,"chinese_pct":5.04,"indian_pct":89.08,"other_pct":0,"age_mean":49.74,"age_median":49.7,"contact_pct":79.27,"male_malay":11,"male_chinese":12,"male_indian":147,"male_other":0,"female_malay":10,"female_chinese":6,"female_indian":171,"female_other":0}},{"type":"Feature","geometry":{"type":"Point","coordinates":[101.4892188,3.037822]},"properties":{"dm_code":"04.LLN CONNOUGHT BRIDGE","dun_code":"N.49","dun_prefix":"49","code_parlimen":"P.111","total_voters":2876,"male":1404,"female":1472,"male_pct":48.8,"female_pct":51.2,"malay_pct":83.41,"chinese_pct":4.03,"indian_pct":11.96,"other_pct":0.6,"age_mean":43.03,"age_median":43,"contact_pct":75.83,"male_malay":1162,"male_chinese":57,"male_indian":176,"male_other":9,"female_malay":1237,"female_chinese":59,"female_indian":168,"female_other":8}},{"type":"Feature","geometry":{"type":"Point","coordinates":[101.7277939,3.1425906]},"properties":{"dm_code":"04.LORONG RAYA KAMPUNG PANDAN","dun_code":"N.21","dun_prefix":"21","code_parlimen":"P.100","total_voters":1175,"male":556,"female":619,"male_pct":47.3,"female_pct":52.7,"malay_pct":99.06,"chinese_pct":0,"indian_pct":0.34,"other_pct":0.6,"age_mean":46.48,"age_median":46.5,"contact_pct":83.74,"male_malay":548,"male_chinese":0,"male_indian":4,"male_other":4,"female_malay":616,"female_chinese":0,"female_indian":0,"female_other":3}},{"type":"Feature","geometry":{"type":"Point","coordinates":[101.71481,2.641609]},"properties":{"dm_code":"04.LOTHIAN TIMUR","dun_code":"N.56","dun_prefix":"56","code_parlimen":"P.113","total_voters":1632,"male":1211,"female":421,"male_pct":74.2,"female_pct":25.8,"malay_pct":68.87,"chinese_pct":3.49,"indian_pct":23.9,"other_pct":3.74,"age_mean":42.43,"age_median":42.4,"contact_pct":85.54,"male_malay":922,"male_chinese":36,"male_indian":195,"male_other":58,"female_malay":202,"female_chinese":21,"female_indian":195,"female_other":3}},{"type":"Feature","geometry":{"type":"Point","coordinates":[101.514672,3.218802]},"properties":{"dm_code":"04.MERBAU SEMPAK","dun_code":"N.38","dun_prefix":"38","code_parlimen":"P.107","total_voters":5010,"male":2482,"female":2528,"male_pct":49.5,"female_pct":50.5,"malay_pct":87.27,"chinese_pct":1.32,"indian_pct":10.98,"other_pct":0.43,"age_mean":41.56,"age_median":41.6,"contact_pct":74.25,"male_malay":2145,"male_chinese":38,"male_indian":289,"male_other":10,"female_malay":2227,"female_chinese":28,"female_indian":261,"female_other":12}},{"type":"Feature","geometry":{"type":"Point","coordinates":[101.4208187,3.0108692]},"properties":{"dm_code":"04.PANDAMARAN","dun_code":"N.47","dun_prefix":"47","code_parlimen":"P.110","total_voters":3384,"male":1690,"female":1694,"male_pct":49.9,"female_pct":50.1,"malay_pct":3.9,"chinese_pct":74.53,"indian_pct":19.24,"other_pct":2.33,"age_mean":53.9,"age_median":53.9,"contact_pct":82.09,"male_malay":70,"male_chinese":1269,"male_indian":309,"male_other":42,"female_malay":62,"female_chinese":1253,"female_indian":342,"female_other":37}},{"type":"Feature","geometry":{"type":"Point","coordinates":[101.0770711,3.725657199999999]},"properties":{"dm_code":"04.PARIT 2 - 5 SUNGAI PANJANG","dun_code":"N.03","dun_prefix":"03","code_parlimen":"P.093","total_voters":1299,"male":641,"female":658,"male_pct":49.3,"female_pct":50.7,"malay_pct":99.85,"chinese_pct":0.15,"indian_pct":0,"other_pct":0,"age_mean":43.84,"age_median":43.8,"contact_pct":77.14,"male_malay":641,"male_chinese":0,"male_indian":0,"male_other":0,"female_malay":656,"female_chinese":2,"female_indian":0,"female_other":0}},{"type":"Feature","geometry":{"type":"Point","coordinates":[101.8335811,3.133909800000001]},"properties":{"dm_code":"04.PEKAN LUI","dun_code":"N.23","dun_prefix":"23","code_parlimen":"P.101","total_voters":1819,"male":883,"female":936,"male_pct":48.5,"female_pct":51.5,"malay_pct":87.03,"chinese_pct":8.36,"indian_pct":0.11,"other_pct":4.5,"age_mean":45.35,"age_median":45.4,"contact_pct":79.38,"male_malay":765,"male_chinese":85,"male_indian":1,"male_other":32,"female_malay":818,"female_chinese":67,"female_indian":1,"female_other":50}},{"type":"Feature","geometry":{"type":"Point","coordinates":[101.4410127,3.1334027]},"properties":{"dm_code":"04.PEKAN MERU","dun_code":"N.42","dun_prefix":"42","code_parlimen":"P.109","total_voters":7642,"male":3726,"female":3916,"male_pct":48.8,"female_pct":51.2,"malay_pct":62.72,"chinese_pct":13.16,"indian_pct":22.8,"other_pct":1.32,"age_mean":39.92,"age_median":39.9,"contact_pct":71.62,"male_malay":2361,"male_chinese":507,"male_indian":815,"male_other":43,"female_malay":2432,"female_chinese":499,"female_indian":927,"female_other":58}},{"type":"Feature","geometry":{"type":"Point","coordinates":[101.647701,3.079804]},"properties":{"dm_code":"04.PJS 1","dun_code":"N.33","dun_prefix":"33","code_parlimen":"P.105","total_voters":6812,"male":3333,"female":3479,"male_pct":48.9,"female_pct":51.1,"malay_pct":58.13,"chinese_pct":11.79,"indian_pct":28.17,"other_pct":1.91,"age_mean":40.93,"age_median":40.9,"contact_pct":74.54,"male_malay":1964,"male_chinese":408,"male_indian":907,"male_other":54,"female_malay":1996,"female_chinese":395,"female_indian":1012,"female_other":76}},{"type":"Feature","geometry":{"type":"Point","coordinates":[101.5773339,3.3199377]},"properties":{"dm_code":"04.RAWANG","dun_code":"N.14","dun_prefix":"14","code_parlimen":"P.097","total_voters":1342,"male":713,"female":629,"male_pct":53.1,"female_pct":46.9,"malay_pct":22.21,"chinese_pct":61.77,"indian_pct":15.95,"other_pct":0.07,"age_mean":59.34,"age_median":59.3,"contact_pct":81.07,"male_malay":182,"male_chinese":418,"male_indian":113,"male_other":0,"female_malay":116,"female_chinese":411,"female_indian":101,"female_other":1}},{"type":"Feature","geometry":{"type":"Point","coordinates":[101.7561398,2.975831]},"properties":{"dm_code":"04.SEKSYEN 1 BBB","dun_code":"N.26","dun_prefix":"26","code_parlimen":"P.102","total_voters":4729,"male":2262,"female":2467,"male_pct":47.8,"female_pct":52.2,"malay_pct":94.18,"chinese_pct":2.45,"indian_pct":1.97,"other_pct":1.4,"age_mean":47.3,"age_median":47.3,"contact_pct":90.57,"male_malay":2127,"male_chinese":69,"male_indian":42,"male_other":24,"female_malay":2327,"female_chinese":47,"female_indian":51,"female_other":42}},{"type":"Feature","geometry":{"type":"Point","coordinates":[101.6540669,3.100449]},"properties":{"dm_code":"04.SEKSYEN 17 SELATAN","dun_code":"N.34","dun_prefix":"34","code_parlimen":"P.105","total_voters":2388,"male":1108,"female":1280,"male_pct":46.4,"female_pct":53.6,"malay_pct":27.05,"chinese_pct":61.52,"indian_pct":6.37,"other_pct":5.06,"age_mean":56.67,"age_median":56.7,"contact_pct":76.38,"male_malay":298,"male_chinese":682,"male_indian":75,"male_other":53,"female_malay":348,"female_chinese":787,"female_indian":77,"female_other":68}},{"type":"Feature","geometry":{"type":"Point","coordinates":[101.5550021,3.0715812]},"properties":{"dm_code":"04.SEKSYEN 22","dun_code":"N.35","dun_prefix":"35","code_parlimen":"P.106","total_voters":2484,"male":1184,"female":1300,"male_pct":47.7,"female_pct":52.3,"malay_pct":35.47,"chinese_pct":45.85,"indian_pct":11.92,"other_pct":6.76,"age_mean":51.22,"age_median":51.2,"contact_pct":73.43,"male_malay":418,"male_chinese":548,"male_indian":132,"male_other":86,"female_malay":463,"female_chinese":591,"female_indian":164,"female_other":82}},{"type":"Feature","geometry":{"type":"Point","coordinates":[101.6507048,3.259684]},"properties":{"dm_code":"04.SELAYANG BAHARU TIGA","dun_code":"N.15","dun_prefix":"15","code_parlimen":"P.097","total_voters":5367,"male":2745,"female":2622,"male_pct":51.1,"female_pct":48.9,"malay_pct":91.28,"chinese_pct":6.32,"indian_pct":2.4,"other_pct":0,"age_mean":42.88,"age_median":42.9,"contact_pct":78,"male_malay":2487,"male_chinese":194,"male_indian":64,"male_other":0,"female_malay":2412,"female_chinese":145,"female_indian":65,"female_other":0}},{"type":"Feature","geometry":{"type":"Point","coordinates":[101.387237,3.090799]},"properties":{"dm_code":"04.SEMENTA","dun_code":"N.43","dun_prefix":"43","code_parlimen":"P.109","total_voters":4417,"male":2190,"female":2227,"male_pct":49.6,"female_pct":50.4,"malay_pct":79.28,"chinese_pct":12.77,"indian_pct":7.11,"other_pct":0.84,"age_mean":43.44,"age_median":43.4,"contact_pct":75.96,"male_malay":1727,"male_chinese":295,"male_indian":153,"male_other":15,"female_malay":1775,"female_chinese":269,"female_indian":161,"female_other":22}},{"type":"Feature","geometry":{"type":"Point","coordinates":[101.4607688,2.998961]},"properties":{"dm_code":"04.SENTOSA DATO ABDUL HAMID 1","dun_code":"N.48","dun_prefix":"48","code_parlimen":"P.111","total_voters":7709,"male":3676,"female":4033,"male_pct":47.7,"female_pct":52.3,"malay_pct":12.22,"chinese_pct":29.34,"indian_pct":56.92,"other_pct":1.52,"age_mean":43.46,"age_median":43.5,"contact_pct":80.3,"male_malay":464,"male_chinese":1135,"male_indian":2037,"male_other":40,"female_malay":478,"female_chinese":1127,"female_indian":2351,"female_other":77}},{"type":"Feature","geometry":{"type":"Point","coordinates":[101.7055411,3.021998]},"properties":{"dm_code":"04.SERI KEMBANGAN 1","dun_code":"N.28","dun_prefix":"28","code_parlimen":"P.103","total_voters":3142,"male":1534,"female":1608,"male_pct":48.8,"female_pct":51.2,"malay_pct":3.15,"chinese_pct":65.56,"indian_pct":5.25,"other_pct":26.04,"age_mean":48.35,"age_median":48.4,"contact_pct":81.41,"male_malay":53,"male_chinese":1071,"male_indian":72,"male_other":338,"female_malay":46,"female_chinese":989,"female_indian":93,"female_other":480}},{"type":"Feature","geometry":{"type":"Point","coordinates":[101.546811,3.077519]},"properties":{"dm_code":"04.SHAH ALAM S 20 - S 23","dun_code":"N.41","dun_prefix":"41","code_parlimen":"P.108","total_voters":9240,"male":4474,"female":4766,"male_pct":48.4,"female_pct":51.6,"malay_pct":80.4,"chinese_pct":3.11,"indian_pct":15.68,"other_pct":0.81,"age_mean":39.13,"age_median":39.1,"contact_pct":77.69,"male_malay":3627,"male_chinese":148,"male_indian":673,"male_other":26,"female_malay":3802,"female_chinese":139,"female_indian":776,"female_other":49}},{"type":"Feature","geometry":{"type":"Point","coordinates":[101.5393805,3.071242]},"properties":{"dm_code":"04.SHAH ALAM S 8","dun_code":"N.40","dun_prefix":"40","code_parlimen":"P.108","total_voters":6562,"male":3234,"female":3328,"male_pct":49.3,"female_pct":50.7,"malay_pct":89.93,"chinese_pct":5.12,"indian_pct":3.75,"other_pct":1.2,"age_mean":45.75,"age_median":45.8,"contact_pct":85.29,"male_malay":2919,"male_chinese":163,"male_indian":114,"male_other":38,"female_malay":2982,"female_chinese":173,"female_indian":132,"female_other":41}},{"type":"Feature","geometry":{"type":"Point","coordinates":[101.4453422,2.9458799]},"properties":{"dm_code":"04.SIJANGKANG SELATAN","dun_code":"N.51","dun_prefix":"51","code_parlimen":"P.112","total_voters":4724,"male":2305,"female":2419,"male_pct":48.8,"female_pct":51.2,"malay_pct":98.41,"chinese_pct":0.59,"indian_pct":0.66,"other_pct":0.34,"age_mean":40.51,"age_median":40.5,"contact_pct":71.53,"male_malay":2266,"male_chinese":16,"male_indian":13,"male_other":10,"female_malay":2383,"female_chinese":12,"female_indian":18,"female_other":6}},{"type":"Feature","geometry":{"type":"Point","coordinates":[101.3433465,3.2250383]},"properties":{"dm_code":"04.SIMPANG TIGA","dun_code":"N.12","dun_prefix":"12","code_parlimen":"P.096","total_voters":2230,"male":1113,"female":1117,"male_pct":49.9,"female_pct":50.1,"malay_pct":61.08,"chinese_pct":11.97,"indian_pct":26.82,"other_pct":0.13,"age_mean":43.79,"age_median":43.8,"contact_pct":76.05,"male_malay":684,"male_chinese":142,"male_indian":286,"male_other":1,"female_malay":678,"female_chinese":125,"female_indian":312,"female_other":2}},{"type":"Feature","geometry":{"type":"Point","coordinates":[101.534841,3.03173]},"properties":{"dm_code":"04.SRI MUDA 2 UTARA","dun_code":"N.50","dun_prefix":"50","code_parlimen":"P.111","total_voters":6651,"male":3410,"female":3241,"male_pct":51.3,"female_pct":48.7,"malay_pct":37.54,"chinese_pct":20.51,"indian_pct":39.24,"other_pct":2.71,"age_mean":43.2,"age_median":43.2,"contact_pct":74.68,"male_malay":1338,"male_chinese":720,"male_indian":1248,"male_other":104,"female_malay":1159,"female_chinese":644,"female_indian":1362,"female_other":76}},{"type":"Feature","geometry":{"type":"Point","coordinates":[101.579247,3.075199]},"properties":{"dm_code":"04.SS 16 & SS 17","dun_code":"N.31","dun_prefix":"31","code_parlimen":"P.104","total_voters":4141,"male":1980,"female":2161,"male_pct":47.8,"female_pct":52.2,"malay_pct":28.54,"chinese_pct":47.36,"indian_pct":9.59,"other_pct":14.51,"age_mean":50.44,"age_median":50.4,"contact_pct":81.04,"male_malay":611,"male_chinese":916,"male_indian":199,"male_other":254,"female_malay":571,"female_chinese":1045,"female_indian":198,"female_other":347}},{"type":"Feature","geometry":{"type":"Point","coordinates":[101.6119073,3.1467185]},"properties":{"dm_code":"04.SS 23","dun_code":"N.36","dun_prefix":"36","code_parlimen":"P.106","total_voters":4385,"male":2112,"female":2273,"male_pct":48.2,"female_pct":51.8,"malay_pct":2.39,"chinese_pct":89.08,"indian_pct":1.6,"other_pct":6.93,"age_mean":48.61,"age_median":48.6,"contact_pct":79.2,"male_malay":48,"male_chinese":1885,"male_indian":34,"male_other":145,"female_malay":57,"female_chinese":2021,"female_indian":36,"female_other":159}},{"type":"Feature","geometry":{"type":"Point","coordinates":[101.7141998,3.219417]},"properties":{"dm_code":"04.SS 5B & 5C","dun_code":"N.32","dun_prefix":"32","code_parlimen":"P.105","total_voters":3978,"male":1903,"female":2075,"male_pct":47.8,"female_pct":52.2,"malay_pct":48.87,"chinese_pct":28.21,"indian_pct":18.12,"other_pct":4.8,"age_mean":50.91,"age_median":50.9,"contact_pct":80.69,"male_malay":940,"male_chinese":523,"male_indian":354,"male_other":86,"female_malay":1004,"female_chinese":599,"female_indian":367,"female_other":105}},{"type":"Feature","geometry":{"type":"Point","coordinates":[100.8956516,3.8441266]},"properties":{"dm_code":"04.SUNGAI BERNAM","dun_code":"N.01","dun_prefix":"01","code_parlimen":"P.092","total_voters":546,"male":229,"female":317,"male_pct":41.9,"female_pct":58.1,"malay_pct":38.28,"chinese_pct":1.1,"indian_pct":60.62,"other_pct":0,"age_mean":46.74,"age_median":46.7,"contact_pct":77.84,"male_malay":86,"male_chinese":1,"male_indian":142,"male_other":0,"female_malay":123,"female_chinese":5,"female_indian":189,"female_other":0}},{"type":"Feature","geometry":{"type":"Point","coordinates":[101.1348419,3.4606548]},"properties":{"dm_code":"04.SUNGAI BURONG UTARA","dun_code":"N.08","dun_prefix":"08","code_parlimen":"P.095","total_voters":2068,"male":1048,"female":1020,"male_pct":50.7,"female_pct":49.3,"malay_pct":98.26,"chinese_pct":0.34,"indian_pct":1.4,"other_pct":0,"age_mean":40.73,"age_median":40.7,"contact_pct":73.4,"male_malay":1033,"male_chinese":1,"male_indian":14,"male_other":0,"female_malay":999,"female_chinese":6,"female_indian":15,"female_other":0}},{"type":"Feature","geometry":{"type":"Point","coordinates":[101.7822923,3.019065]},"properties":{"dm_code":"04.SUNGAI KANTAN","dun_code":"N.25","dun_prefix":"25","code_parlimen":"P.102","total_voters":4240,"male":2068,"female":2172,"male_pct":48.8,"female_pct":51.2,"malay_pct":89.36,"chinese_pct":3.87,"indian_pct":4.22,"other_pct":2.55,"age_mean":43.75,"age_median":43.8,"contact_pct":87.85,"male_malay":1846,"male_chinese":81,"male_indian":87,"male_other":54,"female_malay":1943,"female_chinese":83,"female_indian":92,"female_other":54}},{"type":"Feature","geometry":{"type":"Point","coordinates":[101.0874,3.53204]},"properties":{"dm_code":"04.SUNGAI LEMAN KAMPUNG DARAT","dun_code":"N.04","dun_prefix":"04","code_parlimen":"P.093","total_voters":3663,"male":1905,"female":1758,"male_pct":52,"female_pct":48,"malay_pct":99.45,"chinese_pct":0.33,"indian_pct":0.19,"other_pct":0.03,"age_mean":41.32,"age_median":41.3,"contact_pct":75.27,"male_malay":1894,"male_chinese":6,"male_indian":5,"male_other":0,"female_malay":1749,"female_chinese":6,"female_indian":2,"female_other":1}},{"type":"Feature","geometry":{"type":"Point","coordinates":[101.4439921,3.0597673]},"properties":{"dm_code":"04.SUNGAI PINANG SELATAN","dun_code":"N.45","dun_prefix":"45","code_parlimen":"P.110","total_voters":864,"male":438,"female":426,"male_pct":50.7,"female_pct":49.3,"malay_pct":3.94,"chinese_pct":90.05,"indian_pct":3.7,"other_pct":2.31,"age_mean":58.6,"age_median":58.6,"contact_pct":77.55,"male_malay":22,"male_chinese":385,"male_indian":19,"male_other":12,"female_malay":12,"female_chinese":393,"female_indian":13,"female_other":8}},{"type":"Feature","geometry":{"type":"Point","coordinates":[101.4447904,3.738928499999999]},"properties":{"dm_code":"04.SUNGAI SELISIK","dun_code":"N.05","dun_prefix":"05","code_parlimen":"P.094","total_voters":1096,"male":552,"female":544,"male_pct":50.4,"female_pct":49.6,"malay_pct":99.36,"chinese_pct":0.46,"indian_pct":0.18,"other_pct":0,"age_mean":45.45,"age_median":45.5,"contact_pct":76.19,"male_malay":548,"male_chinese":2,"male_indian":2,"male_other":0,"female_malay":541,"female_chinese":3,"female_indian":0,"female_other":0}},{"type":"Feature","geometry":{"type":"Point","coordinates":[101.839994,2.9491998]},"properties":{"dm_code":"04.SUNGAI SIRIH","dun_code":"N.44","dun_prefix":"44","code_parlimen":"P.109","total_voters":2877,"male":1447,"female":1430,"male_pct":50.3,"female_pct":49.7,"malay_pct":98.78,"chinese_pct":0.14,"indian_pct":0.9,"other_pct":0.18,"age_mean":41.42,"age_median":41.4,"contact_pct":75.5,"male_malay":1434,"male_chinese":1,"male_indian":11,"male_other":1,"female_malay":1408,"female_chinese":3,"female_indian":15,"female_other":4}},{"type":"Feature","geometry":{"type":"Point","coordinates":[101.7605002,3.113693]},"properties":{"dm_code":"04.TAMAN SERAYA","dun_code":"N.22","dun_prefix":"22","code_parlimen":"P.100","total_voters":8262,"male":4139,"female":4123,"male_pct":50.1,"female_pct":49.9,"malay_pct":31.3,"chinese_pct":46.91,"indian_pct":3.28,"other_pct":18.51,"age_mean":44.73,"age_median":44.7,"contact_pct":80.4,"male_malay":1295,"male_chinese":2028,"male_indian":141,"male_other":675,"female_malay":1291,"female_chinese":1848,"female_indian":130,"female_other":854}},{"type":"Feature","geometry":{"type":"Point","coordinates":[101.5261448,3.154171]},"properties":{"dm_code":"04.TAMAN SUBANG BARU","dun_code":"N.39","dun_prefix":"39","code_parlimen":"P.107","total_voters":4623,"male":2314,"female":2309,"male_pct":50.1,"female_pct":49.9,"malay_pct":76.08,"chinese_pct":7.48,"indian_pct":15.31,"other_pct":1.13,"age_mean":40.93,"age_median":40.9,"contact_pct":82.2,"male_malay":1777,"male_chinese":174,"male_indian":331,"male_other":32,"female_malay":1740,"female_chinese":172,"female_indian":377,"female_other":20}},{"type":"Feature","geometry":{"type":"Point","coordinates":[101.5576981,2.665308]},"properties":{"dm_code":"04.TANJONG SEPAT TEMPATAN 1","dun_code":"N.54","dun_prefix":"54","code_parlimen":"P.113","total_voters":2591,"male":1394,"female":1197,"male_pct":53.8,"female_pct":46.2,"malay_pct":4.63,"chinese_pct":91.9,"indian_pct":1.12,"other_pct":2.35,"age_mean":51.4,"age_median":51.4,"contact_pct":80.39,"male_malay":64,"male_chinese":1289,"male_indian":19,"male_other":22,"female_malay":56,"female_chinese":1092,"female_indian":10,"female_other":39}},{"type":"Feature","geometry":{"type":"Point","coordinates":[100.972476,3.7199288]},"properties":{"dm_code":"04.TEBUK PULAI","dun_code":"N.02","dun_prefix":"02","code_parlimen":"P.092","total_voters":1414,"male":669,"female":745,"male_pct":47.3,"female_pct":52.7,"malay_pct":96.32,"chinese_pct":2.9,"indian_pct":0.78,"other_pct":0,"age_mean":44.33,"age_median":44.3,"contact_pct":75.95,"male_malay":639,"male_chinese":25,"male_indian":5,"male_other":0,"female_malay":723,"female_chinese":16,"female_indian":6,"female_other":0}},{"type":"Feature","geometry":{"type":"Point","coordinates":[101.661697,3.558261]},"properties":{"dm_code":"05.BANDAR KUALA KUBU BAHARU","dun_code":"N.06","dun_prefix":"06","code_parlimen":"P.094","total_voters":3641,"male":1983,"female":1658,"male_pct":54.5,"female_pct":45.5,"malay_pct":58.5,"chinese_pct":26.39,"indian_pct":14.86,"other_pct":0.25,"age_mean":45.98,"age_median":46,"contact_pct":80.23,"male_malay":1194,"male_chinese":509,"male_indian":272,"male_other":8,"female_malay":936,"female_chinese":452,"female_indian":269,"female_other":1}},{"type":"Feature","geometry":{"type":"Point","coordinates":[101.6314212,2.9961732]},"properties":{"dm_code":"05.BATU 14 PUCHONG","dun_code":"N.29","dun_prefix":"29","code_parlimen":"P.103","total_voters":4238,"male":2101,"female":2137,"male_pct":49.6,"female_pct":50.4,"malay_pct":52.01,"chinese_pct":27.21,"indian_pct":9.32,"other_pct":11.46,"age_mean":48.5,"age_median":48.5,"contact_pct":79.31,"male_malay":1077,"male_chinese":611,"male_indian":198,"male_other":215,"female_malay":1127,"female_chinese":542,"female_indian":197,"female_other":271}},{"type":"Feature","geometry":{"type":"Point","coordinates":[101.5018161,2.9300128]},"properties":{"dm_code":"05.BATU 9 KEBUN BAHARU","dun_code":"N.51","dun_prefix":"51","code_parlimen":"P.112","total_voters":6251,"male":3092,"female":3159,"male_pct":49.5,"female_pct":50.5,"malay_pct":94.18,"chinese_pct":2.27,"indian_pct":3.23,"other_pct":0.32,"age_mean":39.83,"age_median":39.8,"contact_pct":70.87,"male_malay":2907,"male_chinese":73,"male_indian":103,"male_other":9,"female_malay":2980,"female_chinese":69,"female_indian":99,"female_other":11}},{"type":"Feature","geometry":{"type":"Point","coordinates":[101.5214393,3.0123589]},"properties":{"dm_code":"05.BUKIT KEMUNING","dun_code":"N.50","dun_prefix":"50","code_parlimen":"P.111","total_voters":7983,"male":3898,"female":4085,"male_pct":48.8,"female_pct":51.2,"malay_pct":17.85,"chinese_pct":51.08,"indian_pct":27.55,"other_pct":3.52,"age_mean":42.19,"age_median":42.2,"contact_pct":77.77,"male_malay":713,"male_chinese":2016,"male_indian":1043,"male_other":126,"female_malay":712,"female_chinese":2062,"female_indian":1156,"female_other":155}},{"type":"Feature","geometry":{"type":"Point","coordinates":[101.7649176,3.0416255]},"properties":{"dm_code":"05.CHERAS PERDANA","dun_code":"N.27","dun_prefix":"27","code_parlimen":"P.102","total_voters":8501,"male":4133,"female":4368,"male_pct":48.6,"female_pct":51.4,"malay_pct":30.2,"chinese_pct":41.7,"indian_pct":9.81,"other_pct":18.29,"age_mean":44.46,"age_median":44.5,"contact_pct":83.05,"male_malay":1245,"male_chinese":1844,"male_indian":381,"male_other":663,"female_malay":1322,"female_chinese":1701,"female_indian":453,"female_other":892}},{"type":"Feature","geometry":{"type":"Point","coordinates":[101.674871,3.2438455]},"properties":{"dm_code":"05.DESA JAYA JALAN 20 - JALAN 38","dun_code":"N.37","dun_prefix":"37","code_parlimen":"P.106","total_voters":3307,"male":1578,"female":1729,"male_pct":47.7,"female_pct":52.3,"malay_pct":14.09,"chinese_pct":67.4,"indian_pct":12.52,"other_pct":5.99,"age_mean":49.79,"age_median":49.8,"contact_pct":78.86,"male_malay":219,"male_chinese":1056,"male_indian":202,"male_other":101,"female_malay":247,"female_chinese":1173,"female_indian":212,"female_other":97}},{"type":"Feature","geometry":{"type":"Point","coordinates":[101.6956481,3.2231164]},"properties":{"dm_code":"05.GOMBAK SELATAN","dun_code":"N.17","dun_prefix":"17","code_parlimen":"P.098","total_voters":8829,"male":4430,"female":4399,"male_pct":50.2,"female_pct":49.8,"malay_pct":97.96,"chinese_pct":1.29,"indian_pct":0.65,"other_pct":0.1,"age_mean":39.89,"age_median":39.9,"contact_pct":76.76,"male_malay":4341,"male_chinese":56,"male_indian":29,"male_other":4,"female_malay":4308,"female_chinese":58,"female_indian":28,"female_other":5}},{"type":"Feature","geometry":{"type":"Point","coordinates":[101.7593337,3.1721314]},"properties":{"dm_code":"05.HULU KELANG","dun_code":"N.18","dun_prefix":"18","code_parlimen":"P.098","total_voters":6852,"male":3448,"female":3404,"male_pct":50.3,"female_pct":49.7,"malay_pct":88.24,"chinese_pct":9.34,"indian_pct":2.34,"other_pct":0.08,"age_mean":41.49,"age_median":41.5,"contact_pct":77,"male_malay":3031,"male_chinese":333,"male_indian":81,"male_other":3,"female_malay":3015,"female_chinese":307,"female_indian":79,"female_other":3}},{"type":"Feature","geometry":{"type":"Point","coordinates":[101.6393705,3.4735233]},"properties":{"dm_code":"05.HULU YAM BARU 1","dun_code":"N.07","dun_prefix":"07","code_parlimen":"P.094","total_voters":2260,"male":1136,"female":1124,"male_pct":50.3,"female_pct":49.7,"malay_pct":23.19,"chinese_pct":65.27,"indian_pct":11.5,"other_pct":0.04,"age_mean":49.88,"age_median":49.9,"contact_pct":84.42,"male_malay":230,"male_chinese":776,"male_indian":130,"male_other":0,"female_malay":294,"female_chinese":699,"female_indian":130,"female_other":1}},{"type":"Feature","geometry":{"type":"Point","coordinates":[101.432295,3.1182103]},"properties":{"dm_code":"05.JALAN HAJI SALLEH","dun_code":"N.42","dun_prefix":"42","code_parlimen":"P.109","total_voters":11688,"male":5801,"female":5887,"male_pct":49.6,"female_pct":50.4,"malay_pct":79.43,"chinese_pct":9.13,"indian_pct":10.81,"other_pct":0.63,"age_mean":39,"age_median":39,"contact_pct":76.74,"male_malay":4599,"male_chinese":564,"male_indian":609,"male_other":29,"female_malay":4685,"female_chinese":503,"female_indian":654,"female_other":45}},{"type":"Feature","geometry":{"type":"Point","coordinates":[101.3982821,2.998271]},"properties":{"dm_code":"05.JALAN KEM","dun_code":"N.46","dun_prefix":"46","code_parlimen":"P.110","total_voters":3010,"male":1513,"female":1497,"male_pct":50.3,"female_pct":49.7,"malay_pct":48.67,"chinese_pct":19.24,"indian_pct":31.03,"other_pct":1.06,"age_mean":53.79,"age_median":53.8,"contact_pct":82.79,"male_malay":716,"male_chinese":317,"male_indian":458,"male_other":22,"female_malay":749,"female_chinese":262,"female_indian":476,"female_other":10}},{"type":"Feature","geometry":{"type":"Point","coordinates":[101.3991355,3.0061584]},"properties":{"dm_code":"05.JALAN TENGKU BADAR UTARA","dun_code":"N.47","dun_prefix":"47","code_parlimen":"P.110","total_voters":4146,"male":2042,"female":2104,"male_pct":49.3,"female_pct":50.7,"malay_pct":13.15,"chinese_pct":59.5,"indian_pct":24.05,"other_pct":3.3,"age_mean":49.4,"age_median":49.4,"contact_pct":78.22,"male_malay":280,"male_chinese":1221,"male_indian":482,"male_other":59,"female_malay":265,"female_chinese":1246,"female_indian":515,"female_other":78}},{"type":"Feature","geometry":{"type":"Point","coordinates":[101.316218,3.232016]},"properties":{"dm_code":"05.JERAM","dun_code":"N.12","dun_prefix":"12","code_parlimen":"P.096","total_voters":1094,"male":520,"female":574,"male_pct":47.5,"female_pct":52.5,"malay_pct":67.28,"chinese_pct":19.01,"indian_pct":13.71,"other_pct":0,"age_mean":43.77,"age_median":43.8,"contact_pct":77.61,"male_malay":331,"male_chinese":111,"male_indian":78,"male_other":0,"female_malay":405,"female_chinese":97,"female_indian":72,"female_other":0}},{"type":"Feature","geometry":{"type":"Point","coordinates":[101.6799782,2.8609102]},"properties":{"dm_code":"05.KAMPUNG BAHARU DENGKIL","dun_code":"N.55","dun_prefix":"55","code_parlimen":"P.113","total_voters":3110,"male":1576,"female":1534,"male_pct":50.7,"female_pct":49.3,"malay_pct":58.14,"chinese_pct":31.67,"indian_pct":6.37,"other_pct":3.82,"age_mean":43.19,"age_median":43.2,"contact_pct":78.23,"male_malay":903,"male_chinese":506,"male_indian":101,"male_other":66,"female_malay":905,"female_chinese":479,"female_indian":97,"female_other":53}},{"type":"Feature","geometry":{"type":"Point","coordinates":[101.8407319,2.951987]},"properties":{"dm_code":"05.KAMPUNG BAHARU SEMENYIH","dun_code":"N.24","dun_prefix":"24","code_parlimen":"P.101","total_voters":4141,"male":2086,"female":2055,"male_pct":50.4,"female_pct":49.6,"malay_pct":13.38,"chinese_pct":54.19,"indian_pct":7.7,"other_pct":24.73,"age_mean":48.93,"age_median":48.9,"contact_pct":79.09,"male_malay":276,"male_chinese":1220,"male_indian":145,"male_other":445,"female_malay":278,"female_chinese":1024,"female_indian":174,"female_other":579}},{"type":"Feature","geometry":{"type":"Point","coordinates":[101.40269,3.0932192]},"properties":{"dm_code":"05.KAMPUNG BATU EMPAT","dun_code":"N.43","dun_prefix":"43","code_parlimen":"P.109","total_voters":4321,"male":2181,"female":2140,"male_pct":50.5,"female_pct":49.5,"malay_pct":53.02,"chinese_pct":37.28,"indian_pct":7.96,"other_pct":1.74,"age_mean":45.96,"age_median":46,"contact_pct":79.22,"male_malay":1157,"male_chinese":822,"male_indian":174,"male_other":28,"female_malay":1134,"female_chinese":789,"female_indian":170,"female_other":47}},{"type":"Feature","geometry":{"type":"Point","coordinates":[101.4387649,3.730562]},"properties":{"dm_code":"05.KAMPUNG GESIR","dun_code":"N.05","dun_prefix":"05","code_parlimen":"P.094","total_voters":1713,"male":852,"female":861,"male_pct":49.7,"female_pct":50.3,"malay_pct":95.1,"chinese_pct":0.7,"indian_pct":4.14,"other_pct":0.06,"age_mean":43.01,"age_median":43,"contact_pct":72.5,"male_malay":797,"male_chinese":9,"male_indian":45,"male_other":1,"female_malay":832,"female_chinese":3,"female_indian":26,"female_other":0}},{"type":"Feature","geometry":{"type":"Point","coordinates":[101.4007799,3.313638]},"properties":{"dm_code":"05.KAMPUNG IJOK","dun_code":"N.11","dun_prefix":"11","code_parlimen":"P.096","total_voters":992,"male":472,"female":520,"male_pct":47.6,"female_pct":52.4,"malay_pct":93.45,"chinese_pct":3.12,"indian_pct":3.43,"other_pct":0,"age_mean":46.53,"age_median":46.5,"contact_pct":78.23,"male_malay":444,"male_chinese":14,"male_indian":14,"male_other":0,"female_malay":483,"female_chinese":17,"female_indian":20,"female_other":0}},{"type":"Feature","geometry":{"type":"Point","coordinates":[101.5501147,3.2576943]},"properties":{"dm_code":"05.KAMPUNG KUANG","dun_code":"N.13","dun_prefix":"13","code_parlimen":"P.097","total_voters":6718,"male":3312,"female":3406,"male_pct":49.3,"female_pct":50.7,"malay_pct":99.14,"chinese_pct":0.55,"indian_pct":0.28,"other_pct":0.03,"age_mean":40.59,"age_median":40.6,"contact_pct":82.24,"male_malay":3282,"male_chinese":18,"male_indian":10,"male_other":2,"female_malay":3378,"female_chinese":19,"female_indian":9,"female_other":0}},{"type":"Feature","geometry":{"type":"Point","coordinates":[101.2999792,3.361159]},"properties":{"dm_code":"05.KAMPUNG KUANTAN","dun_code":"N.10","dun_prefix":"10","code_parlimen":"P.096","total_voters":2008,"male":1033,"female":975,"male_pct":51.4,"female_pct":48.6,"malay_pct":75.75,"chinese_pct":7.52,"indian_pct":16.73,"other_pct":0,"age_mean":45.12,"age_median":45.1,"contact_pct":77.39,"male_malay":768,"male_chinese":84,"male_indian":181,"male_other":0,"female_malay":753,"female_chinese":67,"female_indian":155,"female_other":0}},{"type":"Feature","geometry":{"type":"Point","coordinates":[101.6745008,3.2477775]},"properties":{"dm_code":"05.KAMPUNG LAKSAMANA","dun_code":"N.16","dun_prefix":"16","code_parlimen":"P.098","total_voters":9213,"male":4435,"female":4778,"male_pct":48.1,"female_pct":51.9,"malay_pct":56.06,"chinese_pct":4.27,"indian_pct":39.6,"other_pct":0.07,"age_mean":40.74,"age_median":40.7,"contact_pct":75.01,"male_malay":2560,"male_chinese":192,"male_indian":1682,"male_other":1,"female_malay":2605,"female_chinese":201,"female_indian":1966,"female_other":6}},{"type":"Feature","geometry":{"type":"Point","coordinates":[101.594556,3.30649]},"properties":{"dm_code":"05.KAMPUNG MELAYU","dun_code":"N.14","dun_prefix":"14","code_parlimen":"P.097","total_voters":1347,"male":666,"female":681,"male_pct":49.4,"female_pct":50.6,"malay_pct":23.16,"chinese_pct":63.92,"indian_pct":12.77,"other_pct":0.15,"age_mean":54.48,"age_median":54.5,"contact_pct":81.51,"male_malay":161,"male_chinese":412,"male_indian":92,"male_other":1,"female_malay":151,"female_chinese":449,"female_indian":80,"female_other":1}},{"type":"Feature","geometry":{"type":"Point","coordinates":[101.5326529,3.160453]},"properties":{"dm_code":"05.KAMPUNG MELAYU SUBANG","dun_code":"N.39","dun_prefix":"39","code_parlimen":"P.107","total_voters":5053,"male":2566,"female":2487,"male_pct":50.8,"female_pct":49.2,"malay_pct":95.05,"chinese_pct":3.03,"indian_pct":1.33,"other_pct":0.59,"age_mean":44.01,"age_median":44,"contact_pct":80.15,"male_malay":2446,"male_chinese":70,"male_indian":30,"male_other":20,"female_malay":2357,"female_chinese":83,"female_indian":37,"female_other":10}},{"type":"Feature","geometry":{"type":"Point","coordinates":[101.455682,3.033516]},"properties":{"dm_code":"05.KAMPUNG PANDAN","dun_code":"N.49","dun_prefix":"49","code_parlimen":"P.111","total_voters":1305,"male":652,"female":653,"male_pct":50,"female_pct":50,"malay_pct":93.26,"chinese_pct":3.75,"indian_pct":2.53,"other_pct":0.46,"age_mean":43.37,"age_median":43.4,"contact_pct":76.93,"male_malay":608,"male_chinese":26,"male_indian":16,"male_other":2,"female_malay":609,"female_chinese":23,"female_indian":17,"female_other":4}},{"type":"Feature","geometry":{"type":"Point","coordinates":[101.619162,3.101022]},"properties":{"dm_code":"05.KAMPUNG TUNKU UTARA","dun_code":"N.35","dun_prefix":"35","code_parlimen":"P.106","total_voters":3123,"male":1424,"female":1699,"male_pct":45.6,"female_pct":54.4,"malay_pct":39.67,"chinese_pct":46.17,"indian_pct":8.9,"other_pct":5.26,"age_mean":52.02,"age_median":52,"contact_pct":72.97,"male_malay":555,"male_chinese":663,"male_indian":139,"male_other":67,"female_malay":684,"female_chinese":779,"female_indian":139,"female_other":97}},{"type":"Feature","geometry":{"type":"Point","coordinates":[101.6415922,3.0645721]},"properties":{"dm_code":"05.KINRARA SEKSYEN 3","dun_code":"N.30","dun_prefix":"30","code_parlimen":"P.104","total_voters":5984,"male":2970,"female":3014,"male_pct":49.6,"female_pct":50.4,"malay_pct":15.21,"chinese_pct":51.22,"indian_pct":19.28,"other_pct":14.29,"age_mean":49.53,"age_median":49.5,"contact_pct":78.09,"male_malay":449,"male_chinese":1622,"male_indian":533,"male_other":366,"female_malay":461,"female_chinese":1443,"female_indian":621,"female_other":489}},{"type":"Feature","geometry":{"type":"Point","coordinates":[101.4418818,3.0392164]},"properties":{"dm_code":"05.KUALA KLANG","dun_code":"N.44","dun_prefix":"44","code_parlimen":"P.109","total_voters":689,"male":381,"female":308,"male_pct":55.3,"female_pct":44.7,"malay_pct":81.28,"chinese_pct":3.48,"indian_pct":14.37,"other_pct":0.87,"age_mean":58.16,"age_median":58.2,"contact_pct":82.73,"male_malay":310,"male_chinese":11,"male_indian":57,"male_other":3,"female_malay":250,"female_chinese":13,"female_indian":42,"female_other":3}},{"type":"Feature","geometry":{"type":"Point","coordinates":[101.635959,3.074901]},"properties":{"dm_code":"05.MEDAN PEJASA","dun_code":"N.33","dun_prefix":"33","code_parlimen":"P.105","total_voters":6011,"male":3006,"female":3005,"male_pct":50,"female_pct":50,"malay_pct":53.14,"chinese_pct":27.78,"indian_pct":16.05,"other_pct":3.03,"age_mean":40.65,"age_median":40.6,"contact_pct":77.54,"male_malay":1643,"male_chinese":818,"male_indian":469,"male_other":76,"female_malay":1551,"female_chinese":852,"female_indian":496,"female_other":106}},{"type":"Feature","geometry":{"type":"Point","coordinates":[101.74671,3.13471]},"properties":{"dm_code":"05.PANDAN JAYA UTARA","dun_code":"N.21","dun_prefix":"21","code_parlimen":"P.100","total_voters":4571,"male":2217,"female":2354,"male_pct":48.5,"female_pct":51.5,"malay_pct":46.36,"chinese_pct":27.89,"indian_pct":13.54,"other_pct":12.21,"age_mean":47.26,"age_median":47.3,"contact_pct":86.11,"male_malay":1035,"male_chinese":643,"male_indian":298,"male_other":241,"female_malay":1084,"female_chinese":632,"female_indian":321,"female_other":317}},{"type":"Feature","geometry":{"type":"Point","coordinates":[101.4464252,3.0474937]},"properties":{"dm_code":"05.PASAR JAWA","dun_code":"N.45","dun_prefix":"45","code_parlimen":"P.110","total_voters":2234,"male":1109,"female":1125,"male_pct":49.6,"female_pct":50.4,"malay_pct":11.59,"chinese_pct":83.97,"indian_pct":2.69,"other_pct":1.75,"age_mean":61.2,"age_median":61.2,"contact_pct":75.87,"male_malay":143,"male_chinese":917,"male_indian":33,"male_other":16,"female_malay":116,"female_chinese":959,"female_indian":27,"female_other":23}},{"type":"Feature","geometry":{"type":"Point","coordinates":[101.5473128,3.201735]},"properties":{"dm_code":"05.PAYA JARAS","dun_code":"N.38","dun_prefix":"38","code_parlimen":"P.107","total_voters":9381,"male":4621,"female":4760,"male_pct":49.3,"female_pct":50.7,"malay_pct":91.42,"chinese_pct":3.2,"indian_pct":4.86,"other_pct":0.52,"age_mean":40.11,"age_median":40.1,"contact_pct":72.8,"male_malay":4208,"male_chinese":155,"male_indian":229,"male_other":29,"female_malay":4368,"female_chinese":145,"female_indian":227,"female_other":20}},{"type":"Feature","geometry":{"type":"Point","coordinates":[100.9878882,3.6764401]},"properties":{"dm_code":"05.PEKAN SUNGAI BESAR","dun_code":"N.03","dun_prefix":"03","code_parlimen":"P.093","total_voters":3122,"male":1711,"female":1411,"male_pct":54.8,"female_pct":45.2,"malay_pct":67.55,"chinese_pct":29.76,"indian_pct":2.63,"other_pct":0.06,"age_mean":48.55,"age_median":48.5,"contact_pct":79.31,"male_malay":1183,"male_chinese":476,"male_indian":50,"male_other":2,"female_malay":926,"female_chinese":453,"female_indian":32,"female_other":0}},{"type":"Feature","geometry":{"type":"Point","coordinates":[101.6540669,3.100449]},"properties":{"dm_code":"05.SEKSYEN 16","dun_code":"N.34","dun_prefix":"34","code_parlimen":"P.105","total_voters":1828,"male":841,"female":987,"male_pct":46,"female_pct":54,"malay_pct":37.91,"chinese_pct":48.52,"indian_pct":6.35,"other_pct":7.22,"age_mean":48.9,"age_median":48.9,"contact_pct":73.36,"male_malay":324,"male_chinese":404,"male_indian":49,"male_other":64,"female_malay":369,"female_chinese":483,"female_indian":67,"female_other":68}},{"type":"Feature","geometry":{"type":"Point","coordinates":[101.7561398,2.975831]},"properties":{"dm_code":"05.SEKSYEN 6 BBB","dun_code":"N.26","dun_prefix":"26","code_parlimen":"P.102","total_voters":8044,"male":4051,"female":3993,"male_pct":50.4,"female_pct":49.6,"malay_pct":93.31,"chinese_pct":0.68,"indian_pct":5.3,"other_pct":0.71,"age_mean":41.25,"age_median":41.2,"contact_pct":76.57,"male_malay":3813,"male_chinese":23,"male_indian":192,"male_other":23,"female_malay":3693,"female_chinese":32,"female_indian":234,"female_other":34}},{"type":"Feature","geometry":{"type":"Point","coordinates":[101.6507048,3.259684]},"properties":{"dm_code":"05.SELAYANG BAHARU DUA","dun_code":"N.15","dun_prefix":"15","code_parlimen":"P.097","total_voters":2417,"male":1161,"female":1256,"male_pct":48,"female_pct":52,"malay_pct":35.75,"chinese_pct":35.91,"indian_pct":28.34,"other_pct":0,"age_mean":47.72,"age_median":47.7,"contact_pct":81.38,"male_malay":439,"male_chinese":427,"male_indian":295,"male_other":0,"female_malay":425,"female_chinese":441,"female_indian":390,"female_other":0}},{"type":"Feature","geometry":{"type":"Point","coordinates":[101.4611854,3.0290032]},"properties":{"dm_code":"05.SENTOSA DATO DAGANG","dun_code":"N.48","dun_prefix":"48","code_parlimen":"P.111","total_voters":14504,"male":7025,"female":7479,"male_pct":48.4,"female_pct":51.6,"malay_pct":13.13,"chinese_pct":34.41,"indian_pct":50.3,"other_pct":2.16,"age_mean":38.72,"age_median":38.7,"contact_pct":73.47,"male_malay":954,"male_chinese":2492,"male_indian":3435,"male_other":144,"female_malay":950,"female_chinese":2499,"female_indian":3861,"female_other":169}},{"type":"Feature","geometry":{"type":"Point","coordinates":[101.71481,2.641609]},"properties":{"dm_code":"05.SEPANG UTARA","dun_code":"N.56","dun_prefix":"56","code_parlimen":"P.113","total_voters":2258,"male":1145,"female":1113,"male_pct":50.7,"female_pct":49.3,"malay_pct":4.69,"chinese_pct":58.46,"indian_pct":33.7,"other_pct":3.15,"age_mean":49.54,"age_median":49.5,"contact_pct":79.89,"male_malay":57,"male_chinese":702,"male_indian":358,"male_other":28,"female_malay":49,"female_chinese":618,"female_indian":403,"female_other":43}},{"type":"Feature","geometry":{"type":"Point","coordinates":[101.7093751,3.030107]},"properties":{"dm_code":"05.SERI KEMBANGAN 4","dun_code":"N.28","dun_prefix":"28","code_parlimen":"P.103","total_voters":1175,"male":589,"female":586,"male_pct":50.1,"female_pct":49.9,"malay_pct":4.26,"chinese_pct":70.64,"indian_pct":1.28,"other_pct":23.82,"age_mean":55.58,"age_median":55.6,"contact_pct":81.7,"male_malay":26,"male_chinese":433,"male_indian":8,"male_other":122,"female_malay":24,"female_chinese":397,"female_indian":7,"female_other":158}},{"type":"Feature","geometry":{"type":"Point","coordinates":[101.7818502,3.1392298]},"properties":{"dm_code":"05.SERI WATAN","dun_code":"N.20","dun_prefix":"20","code_parlimen":"P.099","total_voters":3653,"male":1776,"female":1877,"male_pct":48.6,"female_pct":51.4,"malay_pct":48.15,"chinese_pct":32.25,"indian_pct":17.99,"other_pct":1.61,"age_mean":44.79,"age_median":44.8,"contact_pct":80.34,"male_malay":842,"male_chinese":596,"male_indian":309,"male_other":29,"female_malay":917,"female_chinese":582,"female_indian":348,"female_other":30}},{"type":"Feature","geometry":{"type":"Point","coordinates":[101.5393805,3.071242]},"properties":{"dm_code":"05.SHAH ALAM S 1 & S 7/23-7/76","dun_code":"N.40","dun_prefix":"40","code_parlimen":"P.108","total_voters":4703,"male":2442,"female":2261,"male_pct":51.9,"female_pct":48.1,"malay_pct":88.5,"chinese_pct":6.7,"indian_pct":3.42,"other_pct":1.38,"age_mean":41.08,"age_median":41.1,"contact_pct":83.07,"male_malay":2173,"male_chinese":157,"male_indian":83,"male_other":29,"female_malay":1989,"female_chinese":158,"female_indian":78,"female_other":36}},{"type":"Feature","geometry":{"type":"Point","coordinates":[101.546811,3.077519]},"properties":{"dm_code":"05.SHAH ALAM S 19/15-19/31","dun_code":"N.41","dun_prefix":"41","code_parlimen":"P.108","total_voters":2538,"male":1247,"female":1291,"male_pct":49.1,"female_pct":50.9,"malay_pct":90.07,"chinese_pct":3.7,"indian_pct":5.79,"other_pct":0.44,"age_mean":45.32,"age_median":45.3,"contact_pct":85.54,"male_malay":1122,"male_chinese":50,"male_indian":67,"male_other":8,"female_malay":1164,"female_chinese":44,"female_indian":80,"female_other":3}},{"type":"Feature","geometry":{"type":"Point","coordinates":[101.5763584,3.0786542]},"properties":{"dm_code":"05.SS 19/1","dun_code":"N.31","dun_prefix":"31","code_parlimen":"P.104","total_voters":2492,"male":1239,"female":1253,"male_pct":49.7,"female_pct":50.3,"malay_pct":42.98,"chinese_pct":36.84,"indian_pct":7.87,"other_pct":12.31,"age_mean":47.45,"age_median":47.5,"contact_pct":82.18,"male_malay":534,"male_chinese":487,"male_indian":93,"male_other":125,"female_malay":537,"female_chinese":431,"female_indian":103,"female_other":182}},{"type":"Feature","geometry":{"type":"Point","coordinates":[101.6119073,3.1467185]},"properties":{"dm_code":"05.SS 24","dun_code":"N.36","dun_prefix":"36","code_parlimen":"P.106","total_voters":3112,"male":1495,"female":1617,"male_pct":48,"female_pct":52,"malay_pct":1.61,"chinese_pct":89.11,"indian_pct":2.25,"other_pct":7.03,"age_mean":52,"age_median":52,"contact_pct":75,"male_malay":29,"male_chinese":1338,"male_indian":40,"male_other":88,"female_malay":21,"female_chinese":1435,"female_indian":30,"female_other":131}},{"type":"Feature","geometry":{"type":"Point","coordinates":[101.7141998,3.219417]},"properties":{"dm_code":"05.SS 5A","dun_code":"N.32","dun_prefix":"32","code_parlimen":"P.105","total_voters":3381,"male":1664,"female":1717,"male_pct":49.2,"female_pct":50.8,"malay_pct":43.63,"chinese_pct":22.72,"indian_pct":29.7,"other_pct":3.95,"age_mean":49.7,"age_median":49.7,"contact_pct":81.43,"male_malay":755,"male_chinese":351,"male_indian":500,"male_other":58,"female_malay":720,"female_chinese":417,"female_indian":504,"female_other":76}},{"type":"Feature","geometry":{"type":"Point","coordinates":[100.8956516,3.8441266]},"properties":{"dm_code":"05.SUNGAI AIR TAWAR SELATAN","dun_code":"N.01","dun_prefix":"01","code_parlimen":"P.092","total_voters":1423,"male":712,"female":711,"male_pct":50,"female_pct":50,"malay_pct":96.98,"chinese_pct":2.88,"indian_pct":0.07,"other_pct":0.07,"age_mean":44.89,"age_median":44.9,"contact_pct":86.58,"male_malay":683,"male_chinese":28,"male_indian":1,"male_other":0,"female_malay":697,"female_chinese":13,"female_indian":0,"female_other":1}},{"type":"Feature","geometry":{"type":"Point","coordinates":[101.1348419,3.4606548]},"properties":{"dm_code":"05.SUNGAI BURONG SELATAN","dun_code":"N.08","dun_prefix":"08","code_parlimen":"P.095","total_voters":2885,"male":1519,"female":1366,"male_pct":52.7,"female_pct":47.3,"malay_pct":99.41,"chinese_pct":0.52,"indian_pct":0.07,"other_pct":0,"age_mean":42.02,"age_median":42,"contact_pct":75.08,"male_malay":1513,"male_chinese":5,"male_indian":1,"male_other":0,"female_malay":1355,"female_chinese":10,"female_indian":1,"female_other":0}},{"type":"Feature","geometry":{"type":"Point","coordinates":[101.0874,3.53204]},"properties":{"dm_code":"05.SUNGAI LEMAN KAMPUNG LAUT","dun_code":"N.04","dun_prefix":"04","code_parlimen":"P.093","total_voters":844,"male":434,"female":410,"male_pct":51.4,"female_pct":48.6,"malay_pct":94.43,"chinese_pct":1.07,"indian_pct":4.5,"other_pct":0,"age_mean":48.64,"age_median":48.6,"contact_pct":79.5,"male_malay":413,"male_chinese":3,"male_indian":18,"male_other":0,"female_malay":384,"female_chinese":6,"female_indian":20,"female_other":0}},{"type":"Feature","geometry":{"type":"Point","coordinates":[101.5487161,2.832579]},"properties":{"dm_code":"05.SUNGAI MANGGIS UTARA","dun_code":"N.52","dun_prefix":"52","code_parlimen":"P.112","total_voters":2849,"male":1336,"female":1513,"male_pct":46.9,"female_pct":53.1,"malay_pct":49.98,"chinese_pct":12.92,"indian_pct":36.57,"other_pct":0.53,"age_mean":45.29,"age_median":45.3,"contact_pct":77.43,"male_malay":675,"male_chinese":185,"male_indian":465,"male_other":11,"female_malay":749,"female_chinese":183,"female_indian":577,"female_other":4}},{"type":"Feature","geometry":{"type":"Point","coordinates":[101.4436451,2.751226]},"properties":{"dm_code":"05.SUNGAI RABA","dun_code":"N.53","dun_prefix":"53","code_parlimen":"P.112","total_voters":1628,"male":799,"female":829,"male_pct":49.1,"female_pct":50.9,"malay_pct":59.34,"chinese_pct":21.56,"indian_pct":17.94,"other_pct":1.16,"age_mean":48.71,"age_median":48.7,"contact_pct":75.37,"male_malay":477,"male_chinese":176,"male_indian":140,"male_other":6,"female_malay":489,"female_chinese":175,"female_indian":152,"female_other":13}},{"type":"Feature","geometry":{"type":"Point","coordinates":[101.858032,3.1069634]},"properties":{"dm_code":"05.SUNGAI TEKALI","dun_code":"N.23","dun_prefix":"23","code_parlimen":"P.101","total_voters":1611,"male":799,"female":812,"male_pct":49.6,"female_pct":50.4,"malay_pct":79.76,"chinese_pct":11.86,"indian_pct":4.16,"other_pct":4.22,"age_mean":43.57,"age_median":43.6,"contact_pct":86.96,"male_malay":635,"male_chinese":108,"male_indian":29,"male_other":27,"female_malay":650,"female_chinese":83,"female_indian":38,"female_other":41}},{"type":"Feature","geometry":{"type":"Point","coordinates":[101.471397,3.425561]},"properties":{"dm_code":"05.SUNGAI TINGGI","dun_code":"N.09","dun_prefix":"09","code_parlimen":"P.095","total_voters":687,"male":353,"female":334,"male_pct":51.4,"female_pct":48.6,"malay_pct":21.25,"chinese_pct":4.37,"indian_pct":74.24,"other_pct":0.14,"age_mean":50.79,"age_median":50.8,"contact_pct":80.79,"male_malay":91,"male_chinese":17,"male_indian":245,"male_other":0,"female_malay":55,"female_chinese":13,"female_indian":265,"female_other":1}},{"type":"Feature","geometry":{"type":"Point","coordinates":[101.803711,2.995832]},"properties":{"dm_code":"05.TAMAN KAJANG BAHARU","dun_code":"N.25","dun_prefix":"25","code_parlimen":"P.102","total_voters":6765,"male":3210,"female":3555,"male_pct":47.5,"female_pct":52.5,"malay_pct":37.97,"chinese_pct":25.47,"indian_pct":23.55,"other_pct":13.01,"age_mean":43.97,"age_median":44,"contact_pct":79.38,"male_malay":1219,"male_chinese":864,"male_indian":779,"male_other":348,"female_malay":1350,"female_chinese":859,"female_indian":814,"female_other":532}},{"type":"Feature","geometry":{"type":"Point","coordinates":[101.6055608,3.006062]},"properties":{"dm_code":"05.TAMAN MELOR","dun_code":"N.22","dun_prefix":"22","code_parlimen":"P.100","total_voters":2948,"male":1407,"female":1541,"male_pct":47.7,"female_pct":52.3,"malay_pct":54.44,"chinese_pct":26.97,"indian_pct":6.14,"other_pct":12.45,"age_mean":45.73,"age_median":45.7,"contact_pct":83.68,"male_malay":772,"male_chinese":399,"male_indian":85,"male_other":151,"female_malay":833,"female_chinese":396,"female_indian":96,"female_other":216}},{"type":"Feature","geometry":{"type":"Point","coordinates":[101.717504,3.2275957]},"properties":{"dm_code":"05.TAMAN PERWIRA","dun_code":"N.19","dun_prefix":"19","code_parlimen":"P.099","total_voters":4562,"male":2204,"female":2358,"male_pct":48.3,"female_pct":51.7,"malay_pct":58.72,"chinese_pct":30.34,"indian_pct":9.23,"other_pct":1.71,"age_mean":48.27,"age_median":48.3,"contact_pct":76.59,"male_malay":1293,"male_chinese":668,"male_indian":200,"male_other":43,"female_malay":1386,"female_chinese":716,"female_indian":221,"female_other":35}},{"type":"Feature","geometry":{"type":"Point","coordinates":[101.5576981,2.665308]},"properties":{"dm_code":"05.TANJONG SEPAT TEMPATAN 2","dun_code":"N.54","dun_prefix":"54","code_parlimen":"P.113","total_voters":1618,"male":851,"female":767,"male_pct":52.6,"female_pct":47.4,"malay_pct":0.68,"chinese_pct":93.26,"indian_pct":2.29,"other_pct":3.77,"age_mean":51.63,"age_median":51.6,"contact_pct":82.32,"male_malay":5,"male_chinese":796,"male_indian":20,"male_other":30,"female_malay":6,"female_chinese":713,"female_indian":17,"female_other":31}},{"type":"Feature","geometry":{"type":"Point","coordinates":[100.9821165,3.7677994]},"properties":{"dm_code":"05.TORKINGTON","dun_code":"N.02","dun_prefix":"02","code_parlimen":"P.092","total_voters":335,"male":165,"female":170,"male_pct":49.3,"female_pct":50.7,"malay_pct":21.49,"chinese_pct":7.46,"indian_pct":70.75,"other_pct":0.3,"age_mean":48.94,"age_median":48.9,"contact_pct":71.34,"male_malay":36,"male_chinese":14,"male_indian":115,"male_other":0,"female_malay":36,"female_chinese":11,"female_indian":122,"female_other":1}},{"type":"Feature","geometry":{"type":"Point","coordinates":[101.04253,3.617841]},"properties":{"dm_code":"06.BAGAN SUNGAI BESAR","dun_code":"N.03","dun_prefix":"03","code_parlimen":"P.093","total_voters":2103,"male":1085,"female":1018,"male_pct":51.6,"female_pct":48.4,"malay_pct":5.52,"chinese_pct":93.96,"indian_pct":0.38,"other_pct":0.14,"age_mean":48.11,"age_median":48.1,"contact_pct":83.4,"male_malay":40,"male_chinese":1040,"male_indian":5,"male_other":0,"female_malay":76,"female_chinese":936,"female_indian":3,"female_other":3}},{"type":"Feature","geometry":{"type":"Point","coordinates":[101.5696559,3.211588]},"properties":{"dm_code":"06.BANDAR BARU SUNGAI BULOH SELATAN","dun_code":"N.38","dun_prefix":"38","code_parlimen":"P.107","total_voters":4698,"male":2375,"female":2323,"male_pct":50.6,"female_pct":49.4,"malay_pct":76.54,"chinese_pct":9.83,"indian_pct":12.35,"other_pct":1.28,"age_mean":44.01,"age_median":44,"contact_pct":80.2,"male_malay":1840,"male_chinese":232,"male_indian":279,"male_other":24,"female_malay":1756,"female_chinese":230,"female_indian":301,"female_other":36}},{"type":"Feature","geometry":{"type":"Point","coordinates":[101.7592808,3.054445]},"properties":{"dm_code":"06.BANDAR TUN HUSSEIN ONN","dun_code":"N.27","dun_prefix":"27","code_parlimen":"P.102","total_voters":11509,"male":5651,"female":5858,"male_pct":49.1,"female_pct":50.9,"malay_pct":80.13,"chinese_pct":11.35,"indian_pct":2.61,"other_pct":5.91,"age_mean":37.1,"age_median":37.1,"contact_pct":76.99,"male_malay":4526,"male_chinese":693,"male_indian":132,"male_other":300,"female_malay":4696,"female_chinese":613,"female_indian":168,"female_other":381}},{"type":"Feature","geometry":{"type":"Point","coordinates":[101.7561398,2.975831]},"properties":{"dm_code":"06.BANGI","dun_code":"N.26","dun_prefix":"26","code_parlimen":"P.102","total_voters":6634,"male":3188,"female":3446,"male_pct":48.1,"female_pct":51.9,"malay_pct":65.19,"chinese_pct":10.63,"indian_pct":17.09,"other_pct":7.09,"age_mean":42.81,"age_median":42.8,"contact_pct":84.58,"male_malay":2091,"male_chinese":360,"male_indian":525,"male_other":212,"female_malay":2234,"female_chinese":345,"female_indian":609,"female_other":258}},{"type":"Feature","geometry":{"type":"Point","coordinates":[101.4103643,3.3783619]},"properties":{"dm_code":"06.BATANG BERJUNTAI UTARA","dun_code":"N.09","dun_prefix":"09","code_parlimen":"P.095","total_voters":1334,"male":666,"female":668,"male_pct":49.9,"female_pct":50.1,"malay_pct":44.6,"chinese_pct":4.65,"indian_pct":50.75,"other_pct":0,"age_mean":45.82,"age_median":45.8,"contact_pct":80.13,"male_malay":310,"male_chinese":38,"male_indian":318,"male_other":0,"female_malay":285,"female_chinese":24,"female_indian":359,"female_other":0}},{"type":"Feature","geometry":{"type":"Point","coordinates":[101.4067572,3.0866635]},"properties":{"dm_code":"06.BATU 11 & 12 KAPAR","dun_code":"N.43","dun_prefix":"43","code_parlimen":"P.109","total_voters":3170,"male":1612,"female":1558,"male_pct":50.9,"female_pct":49.1,"malay_pct":52.46,"chinese_pct":32.11,"indian_pct":13.41,"other_pct":2.02,"age_mean":48.21,"age_median":48.2,"contact_pct":76.03,"male_malay":833,"male_chinese":538,"male_indian":209,"male_other":32,"female_malay":830,"female_chinese":480,"female_indian":216,"female_other":32}},{"type":"Feature","geometry":{"type":"Point","coordinates":[101.1677764,3.4348369]},"properties":{"dm_code":"06.BATU 9 TANJONG KARANG","dun_code":"N.08","dun_prefix":"08","code_parlimen":"P.095","total_voters":2703,"male":1334,"female":1369,"male_pct":49.4,"female_pct":50.6,"malay_pct":89.57,"chinese_pct":8.99,"indian_pct":1.41,"other_pct":0.03,"age_mean":42.47,"age_median":42.5,"contact_pct":74.03,"male_malay":1196,"male_chinese":120,"male_indian":18,"male_other":0,"female_malay":1225,"female_chinese":123,"female_indian":20,"female_other":1}},{"type":"Feature","geometry":{"type":"Point","coordinates":[101.6619217,3.2515488]},"properties":{"dm_code":"06.DESA JAYA JALAN 39 - JALAN 56","dun_code":"N.37","dun_prefix":"37","code_parlimen":"P.106","total_voters":3114,"male":1498,"female":1616,"male_pct":48.1,"female_pct":51.9,"malay_pct":35.32,"chinese_pct":40.91,"indian_pct":18.43,"other_pct":5.34,"age_mean":43.16,"age_median":43.2,"contact_pct":76.56,"male_malay":549,"male_chinese":613,"male_indian":267,"male_other":69,"female_malay":551,"female_chinese":661,"female_indian":307,"female_other":97}},{"type":"Feature","geometry":{"type":"Point","coordinates":[101.8335811,3.133909800000001]},"properties":{"dm_code":"06.DUSUN TUA","dun_code":"N.23","dun_prefix":"23","code_parlimen":"P.101","total_voters":4404,"male":2188,"female":2216,"male_pct":49.7,"female_pct":50.3,"malay_pct":99,"chinese_pct":0.34,"indian_pct":0.11,"other_pct":0.55,"age_mean":42.24,"age_median":42.2,"contact_pct":76.2,"male_malay":2170,"male_chinese":6,"male_indian":2,"male_other":10,"female_malay":2190,"female_chinese":9,"female_indian":3,"female_other":14}},{"type":"Feature","geometry":{"type":"Point","coordinates":[101.7171169,3.218217]},"properties":{"dm_code":"06.GOMBAK SETIA","dun_code":"N.17","dun_prefix":"17","code_parlimen":"P.098","total_voters":5102,"male":2561,"female":2541,"male_pct":50.2,"female_pct":49.8,"malay_pct":92.9,"chinese_pct":4.41,"indian_pct":2.51,"other_pct":0.18,"age_mean":44.24,"age_median":44.2,"contact_pct":84.93,"male_malay":2379,"male_chinese":115,"male_indian":65,"male_other":2,"female_malay":2361,"female_chinese":110,"female_indian":63,"female_other":7}},{"type":"Feature","geometry":{"type":"Point","coordinates":[101.659144,3.427953]},"properties":{"dm_code":"06.HULU YAM BARU 2","dun_code":"N.07","dun_prefix":"07","code_parlimen":"P.094","total_voters":5881,"male":2995,"female":2886,"male_pct":50.9,"female_pct":49.1,"malay_pct":61.38,"chinese_pct":33.65,"indian_pct":4.88,"other_pct":0.09,"age_mean":41.14,"age_median":41.1,"contact_pct":73.08,"male_malay":1794,"male_chinese":1065,"male_indian":133,"male_other":3,"female_malay":1816,"female_chinese":914,"female_indian":154,"female_other":2}},{"type":"Feature","geometry":{"type":"Point","coordinates":[101.6540669,3.100449]},"properties":{"dm_code":"06.JALAN BUKIT","dun_code":"N.34","dun_prefix":"34","code_parlimen":"P.105","total_voters":4509,"male":2085,"female":2424,"male_pct":46.2,"female_pct":53.8,"malay_pct":21.09,"chinese_pct":49.23,"indian_pct":20.05,"other_pct":9.63,"age_mean":55.63,"age_median":55.6,"contact_pct":69.53,"male_malay":466,"male_chinese":1006,"male_indian":415,"male_other":198,"female_malay":485,"female_chinese":1214,"female_indian":489,"female_other":236}},{"type":"Feature","geometry":{"type":"Point","coordinates":[101.4379061,3.0608923]},"properties":{"dm_code":"06.JALAN GOH HOCK HUAT","dun_code":"N.45","dun_prefix":"45","code_parlimen":"P.110","total_voters":1531,"male":809,"female":722,"male_pct":52.8,"female_pct":47.2,"malay_pct":18.88,"chinese_pct":74.79,"indian_pct":4.38,"other_pct":1.95,"age_mean":62.09,"age_median":62.1,"contact_pct":77.01,"male_malay":148,"male_chinese":608,"male_indian":41,"male_other":12,"female_malay":141,"female_chinese":537,"female_indian":26,"female_other":18}},{"type":"Feature","geometry":{"type":"Point","coordinates":[101.3991355,3.0061584]},"properties":{"dm_code":"06.JALAN TENGKU BADAR SELATAN","dun_code":"N.47","dun_prefix":"47","code_parlimen":"P.110","total_voters":358,"male":180,"female":178,"male_pct":50.3,"female_pct":49.7,"malay_pct":18.72,"chinese_pct":65.92,"indian_pct":11.45,"other_pct":3.91,"age_mean":55.79,"age_median":55.8,"contact_pct":74.3,"male_malay":34,"male_chinese":117,"male_indian":22,"male_other":7,"female_malay":33,"female_chinese":119,"female_indian":19,"female_other":7}},{"type":"Feature","geometry":{"type":"Point","coordinates":[101.7908387,2.9919972]},"properties":{"dm_code":"06.KAJANG","dun_code":"N.25","dun_prefix":"25","code_parlimen":"P.102","total_voters":1141,"male":564,"female":577,"male_pct":49.4,"female_pct":50.6,"malay_pct":5.43,"chinese_pct":69.33,"indian_pct":4.21,"other_pct":21.03,"age_mean":67.58,"age_median":67.6,"contact_pct":78.26,"male_malay":37,"male_chinese":396,"male_indian":29,"male_other":102,"female_malay":25,"female_chinese":395,"female_indian":19,"female_other":138}},{"type":"Feature","geometry":{"type":"Point","coordinates":[101.661697,3.558261]},"properties":{"dm_code":"06.KAMPUNG AIR JERNIH","dun_code":"N.06","dun_prefix":"06","code_parlimen":"P.094","total_voters":4055,"male":1979,"female":2076,"male_pct":48.8,"female_pct":51.2,"malay_pct":70.83,"chinese_pct":12.97,"indian_pct":15.44,"other_pct":0.76,"age_mean":43.01,"age_median":43,"contact_pct":72.23,"male_malay":1420,"male_chinese":249,"male_indian":289,"male_other":21,"female_malay":1452,"female_chinese":277,"female_indian":337,"female_other":10}},{"type":"Feature","geometry":{"type":"Point","coordinates":[101.76264,3.138623]},"properties":{"dm_code":"06.KAMPUNG BAHARU AMPANG 1","dun_code":"N.19","dun_prefix":"19","code_parlimen":"P.099","total_voters":2727,"male":1358,"female":1369,"male_pct":49.8,"female_pct":50.2,"malay_pct":8.62,"chinese_pct":89.73,"indian_pct":0.44,"other_pct":1.21,"age_mean":60.33,"age_median":60.3,"contact_pct":78.44,"male_malay":108,"male_chinese":1230,"male_indian":6,"male_other":14,"female_malay":127,"female_chinese":1217,"female_indian":6,"female_other":19}},{"type":"Feature","geometry":{"type":"Point","coordinates":[101.5478219,3.036361]},"properties":{"dm_code":"06.KAMPUNG BARU HICOM","dun_code":"N.50","dun_prefix":"50","code_parlimen":"P.111","total_voters":1972,"male":1026,"female":946,"male_pct":52,"female_pct":48,"malay_pct":74.44,"chinese_pct":0.61,"indian_pct":24.04,"other_pct":0.91,"age_mean":38,"age_median":38,"contact_pct":66.38,"male_malay":779,"male_chinese":6,"male_indian":232,"male_other":9,"female_malay":689,"female_chinese":6,"female_indian":242,"female_other":9}},{"type":"Feature","geometry":{"type":"Point","coordinates":[101.5316111,3.218479]},"properties":{"dm_code":"06.KAMPUNG CEMPEDAK","dun_code":"N.13","dun_prefix":"13","code_parlimen":"P.097","total_voters":1854,"male":873,"female":981,"male_pct":47.1,"female_pct":52.9,"malay_pct":74.65,"chinese_pct":2.37,"indian_pct":22.87,"other_pct":0.11,"age_mean":43.55,"age_median":43.5,"contact_pct":75.57,"male_malay":677,"male_chinese":22,"male_indian":173,"male_other":1,"female_malay":707,"female_chinese":22,"female_indian":251,"female_other":1}},{"type":"Feature","geometry":{"type":"Point","coordinates":[101.6620369,2.858322]},"properties":{"dm_code":"06.KAMPUNG DENGKIL","dun_code":"N.55","dun_prefix":"55","code_parlimen":"P.113","total_voters":6372,"male":3200,"female":3172,"male_pct":50.2,"female_pct":49.8,"malay_pct":48.76,"chinese_pct":24.58,"indian_pct":25.52,"other_pct":1.14,"age_mean":40.08,"age_median":40.1,"contact_pct":75.83,"male_malay":1544,"male_chinese":822,"male_indian":808,"male_other":26,"female_malay":1563,"female_chinese":744,"female_indian":818,"female_other":47}},{"type":"Feature","geometry":{"type":"Point","coordinates":[101.488486,3.0110701]},"properties":{"dm_code":"06.KAMPUNG JAWA","dun_code":"N.49","dun_prefix":"49","code_parlimen":"P.111","total_voters":4884,"male":2408,"female":2476,"male_pct":49.3,"female_pct":50.7,"malay_pct":66.2,"chinese_pct":12.08,"indian_pct":21.05,"other_pct":0.67,"age_mean":43.43,"age_median":43.4,"contact_pct":80.06,"male_malay":1597,"male_chinese":300,"male_indian":497,"male_other":14,"female_malay":1636,"female_chinese":290,"female_indian":531,"female_other":19}},{"type":"Feature","geometry":{"type":"Point","coordinates":[101.5803731,3.314331]},"properties":{"dm_code":"06.KAMPUNG KENANGA","dun_code":"N.14","dun_prefix":"14","code_parlimen":"P.097","total_voters":7578,"male":3775,"female":3803,"male_pct":49.8,"female_pct":50.2,"malay_pct":37.79,"chinese_pct":41.3,"indian_pct":20.76,"other_pct":0.15,"age_mean":41.36,"age_median":41.4,"contact_pct":78.36,"male_malay":1406,"male_chinese":1620,"male_indian":746,"male_other":3,"female_malay":1458,"female_chinese":1510,"female_indian":827,"female_other":8}},{"type":"Feature","geometry":{"type":"Point","coordinates":[101.4000098,3.67554]},"properties":{"dm_code":"06.KAMPUNG SUNGAI DUSUN","dun_code":"N.05","dun_prefix":"05","code_parlimen":"P.094","total_voters":3586,"male":1776,"female":1810,"male_pct":49.5,"female_pct":50.5,"malay_pct":96.65,"chinese_pct":0.2,"indian_pct":3.15,"other_pct":0,"age_mean":44.01,"age_median":44,"contact_pct":75.4,"male_malay":1723,"male_chinese":0,"male_indian":53,"male_other":0,"female_malay":1743,"female_chinese":7,"female_indian":60,"female_other":0}},{"type":"Feature","geometry":{"type":"Point","coordinates":[101.619162,3.101022]},"properties":{"dm_code":"06.KAMPUNG TUNKU SELATAN","dun_code":"N.35","dun_prefix":"35","code_parlimen":"P.106","total_voters":3789,"male":1783,"female":2006,"male_pct":47.1,"female_pct":52.9,"malay_pct":35.76,"chinese_pct":40.62,"indian_pct":15.97,"other_pct":7.65,"age_mean":53.3,"age_median":53.3,"contact_pct":77.28,"male_malay":669,"male_chinese":707,"male_indian":271,"male_other":136,"female_malay":686,"female_chinese":832,"female_indian":334,"female_other":154}},{"type":"Feature","geometry":{"type":"Point","coordinates":[101.4552334,2.72839]},"properties":{"dm_code":"06.KANCHONG","dun_code":"N.53","dun_prefix":"53","code_parlimen":"P.112","total_voters":4498,"male":2273,"female":2225,"male_pct":50.5,"female_pct":49.5,"malay_pct":96.82,"chinese_pct":2.07,"indian_pct":0.71,"other_pct":0.4,"age_mean":42.1,"age_median":42.1,"contact_pct":73.79,"male_malay":2187,"male_chinese":60,"male_indian":15,"male_other":11,"female_malay":2168,"female_chinese":33,"female_indian":17,"female_other":7}},{"type":"Feature","geometry":{"type":"Point","coordinates":[101.2726903,3.3839594]},"properties":{"dm_code":"06.PASANGAN","dun_code":"N.10","dun_prefix":"10","code_parlimen":"P.096","total_voters":1898,"male":924,"female":974,"male_pct":48.7,"female_pct":51.3,"malay_pct":71.97,"chinese_pct":2.05,"indian_pct":25.82,"other_pct":0.16,"age_mean":44.32,"age_median":44.3,"contact_pct":77.03,"male_malay":670,"male_chinese":22,"male_indian":232,"male_other":0,"female_malay":696,"female_chinese":17,"female_indian":258,"female_other":3}},{"type":"Feature","geometry":{"type":"Point","coordinates":[101.4092377,3.3130273]},"properties":{"dm_code":"06.PEKAN IJOK","dun_code":"N.11","dun_prefix":"11","code_parlimen":"P.096","total_voters":5502,"male":2704,"female":2798,"male_pct":49.1,"female_pct":50.9,"malay_pct":55.33,"chinese_pct":28.63,"indian_pct":15.99,"other_pct":0.05,"age_mean":44.49,"age_median":44.5,"contact_pct":76.84,"male_malay":1483,"male_chinese":809,"male_indian":412,"male_other":0,"female_malay":1561,"female_chinese":766,"female_indian":468,"female_other":3}},{"type":"Feature","geometry":{"type":"Point","coordinates":[101.8451408,2.949684]},"properties":{"dm_code":"06.PEKAN SEMENYIH","dun_code":"N.24","dun_prefix":"24","code_parlimen":"P.101","total_voters":4824,"male":2397,"female":2427,"male_pct":49.7,"female_pct":50.3,"malay_pct":51.43,"chinese_pct":20.56,"indian_pct":17.74,"other_pct":10.27,"age_mean":42.19,"age_median":42.2,"contact_pct":77.43,"male_malay":1217,"male_chinese":537,"male_indian":417,"male_other":226,"female_malay":1264,"female_chinese":455,"female_indian":439,"female_other":269}},{"type":"Feature","geometry":{"type":"Point","coordinates":[101.6239056,3.0516805]},"properties":{"dm_code":"06.PUCHONG JAYA TIMUR","dun_code":"N.30","dun_prefix":"30","code_parlimen":"P.104","total_voters":9056,"male":4503,"female":4553,"male_pct":49.7,"female_pct":50.3,"malay_pct":10.68,"chinese_pct":63.17,"indian_pct":9.03,"other_pct":17.12,"age_mean":42.95,"age_median":43,"contact_pct":79.84,"male_malay":511,"male_chinese":2938,"male_indian":394,"male_other":660,"female_malay":456,"female_chinese":2783,"female_indian":424,"female_other":890}},{"type":"Feature","geometry":{"type":"Point","coordinates":[100.9821165,3.7677994]},"properties":{"dm_code":"06.SABAK BERNAM TIMUR","dun_code":"N.02","dun_prefix":"02","code_parlimen":"P.092","total_voters":5912,"male":2882,"female":3030,"male_pct":48.7,"female_pct":51.3,"malay_pct":59.15,"chinese_pct":22.65,"indian_pct":18.12,"other_pct":0.08,"age_mean":43.78,"age_median":43.8,"contact_pct":77.4,"male_malay":1699,"male_chinese":690,"male_indian":489,"male_other":4,"female_malay":1798,"female_chinese":649,"female_indian":582,"female_other":1}},{"type":"Feature","geometry":{"type":"Point","coordinates":[101.1032892,3.5041472]},"properties":{"dm_code":"06.SEKINCHAN SELATAN","dun_code":"N.04","dun_prefix":"04","code_parlimen":"P.093","total_voters":1862,"male":938,"female":924,"male_pct":50.4,"female_pct":49.6,"malay_pct":6.93,"chinese_pct":92.86,"indian_pct":0.11,"other_pct":0.1,"age_mean":47.92,"age_median":47.9,"contact_pct":85.61,"male_malay":46,"male_chinese":892,"male_indian":0,"male_other":0,"female_malay":83,"female_chinese":837,"female_indian":2,"female_other":2}},{"type":"Feature","geometry":{"type":"Point","coordinates":[101.672573,3.258758]},"properties":{"dm_code":"06.SELAYANG BAHARU EMPAT","dun_code":"N.16","dun_prefix":"16","code_parlimen":"P.098","total_voters":4730,"male":2392,"female":2338,"male_pct":50.6,"female_pct":49.4,"malay_pct":44.31,"chinese_pct":46.09,"indian_pct":9.45,"other_pct":0.15,"age_mean":45.26,"age_median":45.3,"contact_pct":77.19,"male_malay":1045,"male_chinese":1122,"male_indian":223,"male_other":2,"female_malay":1051,"female_chinese":1058,"female_indian":224,"female_other":5}},{"type":"Feature","geometry":{"type":"Point","coordinates":[101.6507048,3.259684]},"properties":{"dm_code":"06.SELAYANG BAHARU SATU","dun_code":"N.15","dun_prefix":"15","code_parlimen":"P.097","total_voters":3955,"male":1909,"female":2046,"male_pct":48.3,"female_pct":51.7,"malay_pct":79.54,"chinese_pct":9.99,"indian_pct":10.44,"other_pct":0.03,"age_mean":46.47,"age_median":46.5,"contact_pct":79.82,"male_malay":1513,"male_chinese":210,"male_indian":186,"male_other":0,"female_malay":1633,"female_chinese":185,"female_indian":227,"female_other":1}},{"type":"Feature","geometry":{"type":"Point","coordinates":[101.71481,2.641609]},"properties":{"dm_code":"06.SEPANG SELATAN","dun_code":"N.56","dun_prefix":"56","code_parlimen":"P.113","total_voters":3480,"male":1670,"female":1810,"male_pct":48,"female_pct":52,"malay_pct":32.47,"chinese_pct":21.09,"indian_pct":45.09,"other_pct":1.35,"age_mean":44.31,"age_median":44.3,"contact_pct":76.61,"male_malay":560,"male_chinese":368,"male_indian":722,"male_other":20,"female_malay":570,"female_chinese":366,"female_indian":847,"female_other":27}},{"type":"Feature","geometry":{"type":"Point","coordinates":[101.7820703,3.140402]},"properties":{"dm_code":"06.SERI AMPANG","dun_code":"N.20","dun_prefix":"20","code_parlimen":"P.099","total_voters":1753,"male":877,"female":876,"male_pct":50,"female_pct":50,"malay_pct":62.58,"chinese_pct":23.22,"indian_pct":13.23,"other_pct":0.97,"age_mean":46.12,"age_median":46.1,"contact_pct":86.71,"male_malay":556,"male_chinese":206,"male_indian":104,"male_other":11,"female_malay":541,"female_chinese":201,"female_indian":128,"female_other":6}},{"type":"Feature","geometry":{"type":"Point","coordinates":[101.7055411,3.021998]},"properties":{"dm_code":"06.SERI KEMBANGAN 5","dun_code":"N.28","dun_prefix":"28","code_parlimen":"P.103","total_voters":1493,"male":755,"female":738,"male_pct":50.6,"female_pct":49.4,"malay_pct":0.4,"chinese_pct":74.61,"indian_pct":0.94,"other_pct":24.05,"age_mean":54.86,"age_median":54.9,"contact_pct":81.98,"male_malay":5,"male_chinese":578,"male_indian":6,"male_other":166,"female_malay":1,"female_chinese":536,"female_indian":8,"female_other":193}},{"type":"Feature","geometry":{"type":"Point","coordinates":[101.7144003,3.003476800000001]},"properties":{"dm_code":"06.SERI SERDANG SELATAN 1","dun_code":"N.29","dun_prefix":"29","code_parlimen":"P.103","total_voters":2797,"male":1392,"female":1405,"male_pct":49.8,"female_pct":50.2,"malay_pct":63.39,"chinese_pct":17.73,"indian_pct":11.12,"other_pct":7.76,"age_mean":49.96,"age_median":50,"contact_pct":82.23,"male_malay":878,"male_chinese":273,"male_indian":156,"male_other":85,"female_malay":895,"female_chinese":223,"female_indian":155,"female_other":132}},{"type":"Feature","geometry":{"type":"Point","coordinates":[101.7141998,3.219417]},"properties":{"dm_code":"06.SERI SETIA","dun_code":"N.32","dun_prefix":"32","code_parlimen":"P.105","total_voters":2488,"male":1249,"female":1239,"male_pct":50.2,"female_pct":49.8,"malay_pct":55.39,"chinese_pct":26.89,"indian_pct":14.95,"other_pct":2.77,"age_mean":48.49,"age_median":48.5,"contact_pct":81.11,"male_malay":657,"male_chinese":362,"male_indian":193,"male_other":37,"female_malay":721,"female_chinese":307,"female_indian":179,"female_other":32}},{"type":"Feature","geometry":{"type":"Point","coordinates":[101.546811,3.077519]},"properties":{"dm_code":"06.SHAH ALAM S 19/1-19/14","dun_code":"N.41","dun_prefix":"41","code_parlimen":"P.108","total_voters":4881,"male":2447,"female":2434,"male_pct":50.1,"female_pct":49.9,"malay_pct":83.1,"chinese_pct":2.56,"indian_pct":13.79,"other_pct":0.55,"age_mean":44.72,"age_median":44.7,"contact_pct":83.47,"male_malay":2076,"male_chinese":49,"male_indian":308,"male_other":14,"female_malay":1980,"female_chinese":76,"female_indian":365,"female_other":13}},{"type":"Feature","geometry":{"type":"Point","coordinates":[101.5393805,3.071242]},"properties":{"dm_code":"06.SHAH ALAM S 6","dun_code":"N.40","dun_prefix":"40","code_parlimen":"P.108","total_voters":3213,"male":1531,"female":1682,"male_pct":47.7,"female_pct":52.3,"malay_pct":88.58,"chinese_pct":4.98,"indian_pct":5.1,"other_pct":1.34,"age_mean":47.51,"age_median":47.5,"contact_pct":84.19,"male_malay":1356,"male_chinese":82,"male_indian":74,"male_other":19,"female_malay":1490,"female_chinese":78,"female_indian":90,"female_other":24}},{"type":"Feature","geometry":{"type":"Point","coordinates":[101.4021785,3.0149214]},"properties":{"dm_code":"06.SRI PERANTAU","dun_code":"N.44","dun_prefix":"44","code_parlimen":"P.109","total_voters":5223,"male":2548,"female":2675,"male_pct":48.8,"female_pct":51.2,"malay_pct":72.1,"chinese_pct":0.69,"indian_pct":26.65,"other_pct":0.56,"age_mean":40.64,"age_median":40.6,"contact_pct":74.71,"male_malay":1851,"male_chinese":21,"male_indian":659,"male_other":17,"female_malay":1915,"female_chinese":15,"female_indian":733,"female_other":12}},{"type":"Feature","geometry":{"type":"Point","coordinates":[101.583075,3.067895]},"properties":{"dm_code":"06.SS 18","dun_code":"N.31","dun_prefix":"31","code_parlimen":"P.104","total_voters":5845,"male":2771,"female":3074,"male_pct":47.4,"female_pct":52.6,"malay_pct":30.83,"chinese_pct":46.18,"indian_pct":9,"other_pct":13.99,"age_mean":50.65,"age_median":50.6,"contact_pct":80.56,"male_malay":869,"male_chinese":1332,"male_indian":238,"male_other":332,"female_malay":933,"female_chinese":1367,"female_indian":288,"female_other":486}},{"type":"Feature","geometry":{"type":"Point","coordinates":[101.6119073,3.1467185]},"properties":{"dm_code":"06.SS 26","dun_code":"N.36","dun_prefix":"36","code_parlimen":"P.106","total_voters":3150,"male":1533,"female":1617,"male_pct":48.7,"female_pct":51.3,"malay_pct":1.46,"chinese_pct":89.17,"indian_pct":2.76,"other_pct":6.61,"age_mean":50.85,"age_median":50.9,"contact_pct":79.37,"male_malay":18,"male_chinese":1388,"male_indian":41,"male_other":86,"female_malay":28,"female_chinese":1421,"female_indian":46,"female_other":122}},{"type":"Feature","geometry":{"type":"Point","coordinates":[101.5407479,3.152875]},"properties":{"dm_code":"06.SUBANG PERDANA","dun_code":"N.39","dun_prefix":"39","code_parlimen":"P.107","total_voters":5648,"male":2736,"female":2912,"male_pct":48.4,"female_pct":51.6,"malay_pct":76.12,"chinese_pct":14.02,"indian_pct":8.16,"other_pct":1.7,"age_mean":39.67,"age_median":39.7,"contact_pct":76.77,"male_malay":2131,"male_chinese":357,"male_indian":202,"male_other":46,"female_malay":2168,"female_chinese":435,"female_indian":259,"female_other":50}},{"type":"Feature","geometry":{"type":"Point","coordinates":[101.5487161,2.832579]},"properties":{"dm_code":"06.SUNGAI MANGGIS SELATAN","dun_code":"N.52","dun_prefix":"52","code_parlimen":"P.112","total_voters":2866,"male":1415,"female":1451,"male_pct":49.4,"female_pct":50.6,"malay_pct":59.94,"chinese_pct":2.34,"indian_pct":37.12,"other_pct":0.6,"age_mean":38.37,"age_median":38.4,"contact_pct":64.76,"male_malay":884,"male_chinese":30,"male_indian":489,"male_other":12,"female_malay":834,"female_chinese":37,"female_indian":575,"female_other":5}},{"type":"Feature","geometry":{"type":"Point","coordinates":[101.3152907,3.199177]},"properties":{"dm_code":"06.SUNGAI SEMBILANG","dun_code":"N.12","dun_prefix":"12","code_parlimen":"P.096","total_voters":2184,"male":1126,"female":1058,"male_pct":51.6,"female_pct":48.4,"malay_pct":86.31,"chinese_pct":11.45,"indian_pct":2.24,"other_pct":0,"age_mean":43.4,"age_median":43.4,"contact_pct":82.83,"male_malay":948,"male_chinese":150,"male_indian":28,"male_other":0,"female_malay":937,"female_chinese":100,"female_indian":21,"female_other":0}},{"type":"Feature","geometry":{"type":"Point","coordinates":[100.8538621,3.824844]},"properties":{"dm_code":"06.SUNGAI TENGAR SELATAN","dun_code":"N.01","dun_prefix":"01","code_parlimen":"P.092","total_voters":1125,"male":533,"female":592,"male_pct":47.4,"female_pct":52.6,"malay_pct":98.58,"chinese_pct":1.42,"indian_pct":0,"other_pct":0,"age_mean":44.41,"age_median":44.4,"contact_pct":84.62,"male_malay":523,"male_chinese":10,"male_indian":0,"male_other":0,"female_malay":586,"female_chinese":6,"female_indian":0,"female_other":0}},{"type":"Feature","geometry":{"type":"Point","coordinates":[101.7497272,3.137759]},"properties":{"dm_code":"06.TAMAN CHEMPAKA","dun_code":"N.21","dun_prefix":"21","code_parlimen":"P.100","total_voters":4101,"male":2023,"female":2078,"male_pct":49.3,"female_pct":50.7,"malay_pct":70.01,"chinese_pct":18.34,"indian_pct":3.76,"other_pct":7.89,"age_mean":45.18,"age_median":45.2,"contact_pct":87.25,"male_malay":1438,"male_chinese":361,"male_indian":75,"male_other":149,"female_malay":1433,"female_chinese":391,"female_indian":79,"female_other":175}},{"type":"Feature","geometry":{"type":"Point","coordinates":[101.6360748,3.078189]},"properties":{"dm_code":"06.TAMAN DATO HARUN 1","dun_code":"N.33","dun_prefix":"33","code_parlimen":"P.105","total_voters":1989,"male":959,"female":1030,"male_pct":48.2,"female_pct":51.8,"malay_pct":90.2,"chinese_pct":1.86,"indian_pct":7.64,"other_pct":0.3,"age_mean":52.78,"age_median":52.8,"contact_pct":74.86,"male_malay":858,"male_chinese":20,"male_indian":76,"male_other":5,"female_malay":936,"female_chinese":17,"female_indian":76,"female_other":1}},{"type":"Feature","geometry":{"type":"Point","coordinates":[101.4495309,3.0054768]},"properties":{"dm_code":"06.TAMAN KLANG JAYA 2","dun_code":"N.48","dun_prefix":"48","code_parlimen":"P.111","total_voters":3478,"male":1691,"female":1787,"male_pct":48.6,"female_pct":51.4,"malay_pct":17.22,"chinese_pct":38.13,"indian_pct":41.95,"other_pct":2.7,"age_mean":45.49,"age_median":45.5,"contact_pct":78.92,"male_malay":296,"male_chinese":670,"male_indian":684,"male_other":41,"female_malay":303,"female_chinese":656,"female_indian":775,"female_other":53}},{"type":"Feature","geometry":{"type":"Point","coordinates":[101.7631012,3.10909]},"properties":{"dm_code":"06.TAMAN MEGA JAYA","dun_code":"N.22","dun_prefix":"22","code_parlimen":"P.100","total_voters":1232,"male":605,"female":627,"male_pct":49.1,"female_pct":50.9,"malay_pct":52.84,"chinese_pct":29.14,"indian_pct":4.06,"other_pct":13.96,"age_mean":42.84,"age_median":42.8,"contact_pct":78.08,"male_malay":321,"male_chinese":194,"male_indian":22,"male_other":68,"female_malay":330,"female_chinese":165,"female_indian":28,"female_other":104}},{"type":"Feature","geometry":{"type":"Point","coordinates":[101.4410127,3.1334027]},"properties":{"dm_code":"06.TAMAN MERU INDAH","dun_code":"N.42","dun_prefix":"42","code_parlimen":"P.109","total_voters":2146,"male":1031,"female":1115,"male_pct":48,"female_pct":52,"malay_pct":77.07,"chinese_pct":4.29,"indian_pct":18.31,"other_pct":0.33,"age_mean":40.51,"age_median":40.5,"contact_pct":75.77,"male_malay":788,"male_chinese":50,"male_indian":190,"male_other":3,"female_malay":866,"female_chinese":42,"female_indian":203,"female_other":4}},{"type":"Feature","geometry":{"type":"Point","coordinates":[101.752124,3.206724]},"properties":{"dm_code":"06.TAMAN PERMATA","dun_code":"N.18","dun_prefix":"18","code_parlimen":"P.098","total_voters":5209,"male":2555,"female":2654,"male_pct":49,"female_pct":51,"malay_pct":85.45,"chinese_pct":9.41,"indian_pct":5.13,"other_pct":0.01,"age_mean":46.07,"age_median":46.1,"contact_pct":81.4,"male_malay":2174,"male_chinese":245,"male_indian":136,"male_other":0,"female_malay":2277,"female_chinese":245,"female_indian":131,"female_other":1}},{"type":"Feature","geometry":{"type":"Point","coordinates":[101.5576981,2.665308]},"properties":{"dm_code":"06.TANJONG SEPAT TEMPATAN 3","dun_code":"N.54","dun_prefix":"54","code_parlimen":"P.113","total_voters":267,"male":121,"female":146,"male_pct":45.3,"female_pct":54.7,"malay_pct":0.75,"chinese_pct":97,"indian_pct":0.75,"other_pct":1.5,"age_mean":55.27,"age_median":55.3,"contact_pct":76.78,"male_malay":2,"male_chinese":118,"male_indian":0,"male_other":1,"female_malay":0,"female_chinese":141,"female_indian":2,"female_other":3}},{"type":"Feature","geometry":{"type":"Point","coordinates":[101.4453422,2.9458799]},"properties":{"dm_code":"06.TELUK 1","dun_code":"N.51","dun_prefix":"51","code_parlimen":"P.112","total_voters":4575,"male":2283,"female":2292,"male_pct":49.9,"female_pct":50.1,"malay_pct":47.32,"chinese_pct":23.37,"indian_pct":28.39,"other_pct":0.92,"age_mean":43.81,"age_median":43.8,"contact_pct":71.08,"male_malay":1085,"male_chinese":582,"male_indian":599,"male_other":17,"female_malay":1080,"female_chinese":487,"female_indian":700,"female_other":25}},{"type":"Feature","geometry":{"type":"Point","coordinates":[101.3772982,2.943901]},"properties":{"dm_code":"06.TELUK GONG UTARA","dun_code":"N.46","dun_prefix":"46","code_parlimen":"P.110","total_voters":2057,"male":1072,"female":985,"male_pct":52.1,"female_pct":47.9,"malay_pct":44.43,"chinese_pct":50.41,"indian_pct":3.01,"other_pct":2.15,"age_mean":44.54,"age_median":44.5,"contact_pct":82.26,"male_malay":463,"male_chinese":560,"male_indian":33,"male_other":16,"female_malay":451,"female_chinese":477,"female_indian":29,"female_other":28}},{"type":"Feature","geometry":{"type":"Point","coordinates":[100.9911856,3.7954484]},"properties":{"dm_code":"07.BAGAN NIRA","dun_code":"N.02","dun_prefix":"02","code_parlimen":"P.092","total_voters":1084,"male":514,"female":570,"male_pct":47.4,"female_pct":52.6,"malay_pct":94.28,"chinese_pct":4.98,"indian_pct":0.74,"other_pct":0,"age_mean":46.07,"age_median":46.1,"contact_pct":74.82,"male_malay":483,"male_chinese":26,"male_indian":5,"male_other":0,"female_malay":539,"female_chinese":28,"female_indian":3,"female_other":0}},{"type":"Feature","geometry":{"type":"Point","coordinates":[101.715534,3.010715]},"properties":{"dm_code":"07.BANDAR BUKIT PUCHONG","dun_code":"N.29","dun_prefix":"29","code_parlimen":"P.103","total_voters":11138,"male":5630,"female":5508,"male_pct":50.5,"female_pct":49.5,"malay_pct":41.72,"chinese_pct":28.6,"indian_pct":14.7,"other_pct":14.98,"age_mean":38.38,"age_median":38.4,"contact_pct":72.1,"male_malay":2341,"male_chinese":1710,"male_indian":801,"male_other":778,"female_malay":2306,"female_chinese":1476,"female_indian":836,"female_other":890}},{"type":"Feature","geometry":{"type":"Point","coordinates":[101.8335811,3.133909800000001]},"properties":{"dm_code":"07.BATU 14 HULU LANGAT","dun_code":"N.23","dun_prefix":"23","code_parlimen":"P.101","total_voters":4447,"male":2219,"female":2228,"male_pct":49.9,"female_pct":50.1,"malay_pct":90.51,"chinese_pct":5.76,"indian_pct":0.7,"other_pct":3.03,"age_mean":40.92,"age_median":40.9,"contact_pct":76.61,"male_malay":1990,"male_chinese":159,"male_indian":14,"male_other":56,"female_malay":2035,"female_chinese":97,"female_indian":17,"female_other":79}},{"type":"Feature","geometry":{"type":"Point","coordinates":[101.778061,3.140406]},"properties":{"dm_code":"07.BUKIT AMPANG","dun_code":"N.20","dun_prefix":"20","code_parlimen":"P.099","total_voters":4649,"male":2325,"female":2324,"male_pct":50,"female_pct":50,"malay_pct":57.07,"chinese_pct":27.64,"indian_pct":13.01,"other_pct":2.28,"age_mean":43.53,"age_median":43.5,"contact_pct":80.66,"male_malay":1311,"male_chinese":675,"male_indian":290,"male_other":49,"female_malay":1342,"female_chinese":610,"female_indian":315,"female_other":57}},{"type":"Feature","geometry":{"type":"Point","coordinates":[101.6002812,3.1829965]},"properties":{"dm_code":"07.DAMANSARA DAMAI PJU 10","dun_code":"N.37","dun_prefix":"37","code_parlimen":"P.106","total_voters":8812,"male":4315,"female":4497,"male_pct":49,"female_pct":51,"malay_pct":50.6,"chinese_pct":30.52,"indian_pct":15.44,"other_pct":3.44,"age_mean":37.25,"age_median":37.2,"contact_pct":69.75,"male_malay":2204,"male_chinese":1353,"male_indian":624,"male_other":134,"female_malay":2255,"female_chinese":1336,"female_indian":737,"female_other":169}},{"type":"Feature","geometry":{"type":"Point","coordinates":[101.71481,2.641609]},"properties":{"dm_code":"07.HULU CUCUH","dun_code":"N.56","dun_prefix":"56","code_parlimen":"P.113","total_voters":2139,"male":1033,"female":1106,"male_pct":48.3,"female_pct":51.7,"malay_pct":86.91,"chinese_pct":9.35,"indian_pct":2.81,"other_pct":0.93,"age_mean":41.23,"age_median":41.2,"contact_pct":77.98,"male_malay":892,"male_chinese":96,"male_indian":34,"male_other":11,"female_malay":967,"female_chinese":104,"female_indian":26,"female_other":9}},{"type":"Feature","geometry":{"type":"Point","coordinates":[101.4030077,3.0094523]},"properties":{"dm_code":"07.JALAN KASTAM","dun_code":"N.47","dun_prefix":"47","code_parlimen":"P.110","total_voters":3133,"male":1536,"female":1597,"male_pct":49,"female_pct":51,"malay_pct":54.93,"chinese_pct":29.68,"indian_pct":13.18,"other_pct":2.21,"age_mean":48.44,"age_median":48.4,"contact_pct":74.5,"male_malay":871,"male_chinese":441,"male_indian":191,"male_other":33,"female_malay":850,"female_chinese":489,"female_indian":222,"female_other":36}},{"type":"Feature","geometry":{"type":"Point","coordinates":[101.634805,3.1122868]},"properties":{"dm_code":"07.JALAN SEMANGAT","dun_code":"N.34","dun_prefix":"34","code_parlimen":"P.105","total_voters":3505,"male":1627,"female":1878,"male_pct":46.4,"female_pct":53.6,"malay_pct":15.69,"chinese_pct":66.5,"indian_pct":11.24,"other_pct":6.57,"age_mean":57,"age_median":57,"contact_pct":74.86,"male_malay":263,"male_chinese":1077,"male_indian":192,"male_other":95,"female_malay":287,"female_chinese":1254,"female_indian":202,"female_other":135}},{"type":"Feature","geometry":{"type":"Point","coordinates":[101.2704682,3.318651]},"properties":{"dm_code":"07.KAMPUNG BAHARU RAWANG","dun_code":"N.14","dun_prefix":"14","code_parlimen":"P.097","total_voters":3090,"male":1576,"female":1514,"male_pct":51,"female_pct":49,"malay_pct":8.9,"chinese_pct":87.48,"indian_pct":3.56,"other_pct":0.06,"age_mean":51.92,"age_median":51.9,"contact_pct":82.1,"male_malay":122,"male_chinese":1396,"male_indian":58,"male_other":0,"female_malay":153,"female_chinese":1307,"female_indian":52,"female_other":2}},{"type":"Feature","geometry":{"type":"Point","coordinates":[101.603314,3.11598]},"properties":{"dm_code":"07.KAMPUNG CHEMPAKA","dun_code":"N.36","dun_prefix":"36","code_parlimen":"P.106","total_voters":7927,"male":4041,"female":3886,"male_pct":51,"female_pct":49,"malay_pct":2.66,"chinese_pct":86.63,"indian_pct":3.36,"other_pct":7.35,"age_mean":48.99,"age_median":49,"contact_pct":81.49,"male_malay":115,"male_chinese":3526,"male_indian":145,"male_other":255,"female_malay":96,"female_chinese":3341,"female_indian":121,"female_other":328}},{"type":"Feature","geometry":{"type":"Point","coordinates":[101.4229924,3.618061599999999]},"properties":{"dm_code":"07.KAMPUNG DESA MAJU","dun_code":"N.05","dun_prefix":"05","code_parlimen":"P.094","total_voters":2128,"male":1010,"female":1118,"male_pct":47.5,"female_pct":52.5,"malay_pct":97.65,"chinese_pct":0.75,"indian_pct":1.6,"other_pct":0,"age_mean":49.97,"age_median":50,"contact_pct":84.54,"male_malay":984,"male_chinese":8,"male_indian":18,"male_other":0,"female_malay":1094,"female_chinese":8,"female_indian":16,"female_other":0}},{"type":"Feature","geometry":{"type":"Point","coordinates":[101.7623312,3.1530733]},"properties":{"dm_code":"07.KAMPUNG MELAYU AMPANG","dun_code":"N.19","dun_prefix":"19","code_parlimen":"P.099","total_voters":3591,"male":1767,"female":1824,"male_pct":49.2,"female_pct":50.8,"malay_pct":92.82,"chinese_pct":5.88,"indian_pct":1.17,"other_pct":0.13,"age_mean":46.33,"age_median":46.3,"contact_pct":80.67,"male_malay":1648,"male_chinese":97,"male_indian":19,"male_other":3,"female_malay":1685,"female_chinese":114,"female_indian":23,"female_other":2}},{"type":"Feature","geometry":{"type":"Point","coordinates":[100.8478919,3.816333]},"properties":{"dm_code":"07.KAMPUNG PARIT BAHARU","dun_code":"N.01","dun_prefix":"01","code_parlimen":"P.092","total_voters":1790,"male":857,"female":933,"male_pct":47.9,"female_pct":52.1,"malay_pct":94.86,"chinese_pct":5.08,"indian_pct":0,"other_pct":0.06,"age_mean":45.74,"age_median":45.7,"contact_pct":57.26,"male_malay":814,"male_chinese":43,"male_indian":0,"male_other":0,"female_malay":884,"female_chinese":48,"female_indian":0,"female_other":1}},{"type":"Feature","geometry":{"type":"Point","coordinates":[101.3218661,3.408971]},"properties":{"dm_code":"07.KAMPUNG RAJA MUSA","dun_code":"N.09","dun_prefix":"09","code_parlimen":"P.095","total_voters":1433,"male":734,"female":699,"male_pct":51.2,"female_pct":48.8,"malay_pct":75.23,"chinese_pct":5.37,"indian_pct":19.33,"other_pct":0.07,"age_mean":42.36,"age_median":42.4,"contact_pct":77.25,"male_malay":554,"male_chinese":46,"male_indian":134,"male_other":0,"female_malay":524,"female_chinese":31,"female_indian":143,"female_other":1}},{"type":"Feature","geometry":{"type":"Point","coordinates":[101.4431782,2.799646]},"properties":{"dm_code":"07.KELANANG","dun_code":"N.53","dun_prefix":"53","code_parlimen":"P.112","total_voters":3719,"male":1896,"female":1823,"male_pct":51,"female_pct":49,"malay_pct":77.09,"chinese_pct":12.07,"indian_pct":10.03,"other_pct":0.81,"age_mean":44.19,"age_median":44.2,"contact_pct":71.95,"male_malay":1460,"male_chinese":250,"male_indian":173,"male_other":13,"female_malay":1407,"female_chinese":199,"female_indian":200,"female_other":17}},{"type":"Feature","geometry":{"type":"Point","coordinates":[101.7577328,3.197594]},"properties":{"dm_code":"07.KERAMAT TENGAH AU 4","dun_code":"N.18","dun_prefix":"18","code_parlimen":"P.098","total_voters":3060,"male":1504,"female":1556,"male_pct":49.2,"female_pct":50.8,"malay_pct":99.58,"chinese_pct":0.23,"indian_pct":0.2,"other_pct":0,"age_mean":44.67,"age_median":44.7,"contact_pct":83.92,"male_malay":1497,"male_chinese":4,"male_indian":3,"male_other":0,"female_malay":1550,"female_chinese":3,"female_indian":3,"female_other":0}},{"type":"Feature","geometry":{"type":"Point","coordinates":[101.6545201,3.5608697]},"properties":{"dm_code":"07.KERLING","dun_code":"N.06","dun_prefix":"06","code_parlimen":"P.094","total_voters":2235,"male":1112,"female":1123,"male_pct":49.8,"female_pct":50.2,"malay_pct":59.11,"chinese_pct":23.71,"indian_pct":17.05,"other_pct":0.13,"age_mean":44.61,"age_median":44.6,"contact_pct":77.58,"male_malay":621,"male_chinese":296,"male_indian":194,"male_other":1,"female_malay":700,"female_chinese":234,"female_indian":187,"female_other":2}},{"type":"Feature","geometry":{"type":"Point","coordinates":[101.5853852,3.1504088]},"properties":{"dm_code":"07.KOTA DAMANSARA SEKSYEN 4 DAN 5","dun_code":"N.39","dun_prefix":"39","code_parlimen":"P.107","total_voters":14417,"male":6961,"female":7456,"male_pct":48.3,"female_pct":51.7,"malay_pct":50.66,"chinese_pct":40.25,"indian_pct":4.39,"other_pct":4.7,"age_mean":39.62,"age_median":39.6,"contact_pct":78.28,"male_malay":3515,"male_chinese":2823,"male_indian":326,"male_other":297,"female_malay":3789,"female_chinese":2980,"female_indian":307,"female_other":380}},{"type":"Feature","geometry":{"type":"Point","coordinates":[101.4784349,3.0305905]},"properties":{"dm_code":"07.KOTA RAJA","dun_code":"N.49","dun_prefix":"49","code_parlimen":"P.111","total_voters":4763,"male":2379,"female":2384,"male_pct":49.9,"female_pct":50.1,"malay_pct":61.75,"chinese_pct":19.55,"indian_pct":17.53,"other_pct":1.17,"age_mean":42.89,"age_median":42.9,"contact_pct":77.12,"male_malay":1492,"male_chinese":470,"male_indian":395,"male_other":22,"female_malay":1449,"female_chinese":461,"female_indian":440,"female_other":34}},{"type":"Feature","geometry":{"type":"Point","coordinates":[101.4453422,2.9458799]},"properties":{"dm_code":"07.LADANG CAREY BARAT","dun_code":"N.51","dun_prefix":"51","code_parlimen":"P.112","total_voters":1006,"male":505,"female":501,"male_pct":50.2,"female_pct":49.8,"malay_pct":18.79,"chinese_pct":2.09,"indian_pct":72.27,"other_pct":6.85,"age_mean":48.92,"age_median":48.9,"contact_pct":66.3,"male_malay":104,"male_chinese":11,"male_indian":358,"male_other":32,"female_malay":85,"female_chinese":10,"female_indian":369,"female_other":37}},{"type":"Feature","geometry":{"type":"Point","coordinates":[101.2481651,3.341172]},"properties":{"dm_code":"07.LADANG SUNGAI RAMBAI","dun_code":"N.10","dun_prefix":"10","code_parlimen":"P.096","total_voters":274,"male":140,"female":134,"male_pct":51.1,"female_pct":48.9,"malay_pct":2.55,"chinese_pct":6.57,"indian_pct":90.88,"other_pct":0,"age_mean":52.2,"age_median":52.2,"contact_pct":72.26,"male_malay":5,"male_chinese":8,"male_indian":127,"male_other":0,"female_malay":2,"female_chinese":10,"female_indian":122,"female_other":0}},{"type":"Feature","geometry":{"type":"Point","coordinates":[101.7637632,3.1320702]},"properties":{"dm_code":"07.PANDAN INDAH JALAN 1, 4 DAN 6","dun_code":"N.21","dun_prefix":"21","code_parlimen":"P.100","total_voters":13732,"male":6685,"female":7047,"male_pct":48.7,"female_pct":51.3,"malay_pct":36.96,"chinese_pct":38.3,"indian_pct":6.54,"other_pct":18.2,"age_mean":42.79,"age_median":42.8,"contact_pct":79.92,"male_malay":2545,"male_chinese":2610,"male_indian":417,"male_other":1113,"female_malay":2530,"female_chinese":2650,"female_indian":481,"female_other":1386}},{"type":"Feature","geometry":{"type":"Point","coordinates":[101.002223,3.6726437]},"properties":{"dm_code":"07.PARIT SATU TIMUR","dun_code":"N.03","dun_prefix":"03","code_parlimen":"P.093","total_voters":1504,"male":719,"female":785,"male_pct":47.8,"female_pct":52.2,"malay_pct":94.22,"chinese_pct":5.19,"indian_pct":0.6,"other_pct":0,"age_mean":37.54,"age_median":37.5,"contact_pct":72.61,"male_malay":681,"male_chinese":36,"male_indian":2,"male_other":0,"female_malay":736,"female_chinese":42,"female_indian":7,"female_other":0}},{"type":"Feature","geometry":{"type":"Point","coordinates":[101.4410127,3.1334027]},"properties":{"dm_code":"07.PEKAN KAPAR","dun_code":"N.42","dun_prefix":"42","code_parlimen":"P.109","total_voters":4137,"male":2028,"female":2109,"male_pct":49,"female_pct":51,"malay_pct":8.61,"chinese_pct":56.8,"indian_pct":31.59,"other_pct":3,"age_mean":42.62,"age_median":42.6,"contact_pct":76.79,"male_malay":179,"male_chinese":1195,"male_indian":603,"male_other":51,"female_malay":177,"female_chinese":1155,"female_indian":704,"female_other":73}},{"type":"Feature","geometry":{"type":"Point","coordinates":[101.4503792,3.0489849]},"properties":{"dm_code":"07.PERSIARAN SULTAN IBRAHIM 1","dun_code":"N.45","dun_prefix":"45","code_parlimen":"P.110","total_voters":3016,"male":1455,"female":1561,"male_pct":48.2,"female_pct":51.8,"malay_pct":3.35,"chinese_pct":92.57,"indian_pct":1.92,"other_pct":2.16,"age_mean":50.98,"age_median":51,"contact_pct":79.74,"male_malay":53,"male_chinese":1346,"male_indian":29,"male_other":27,"female_malay":48,"female_chinese":1446,"female_indian":29,"female_other":38}},{"type":"Feature","geometry":{"type":"Point","coordinates":[101.6203709,3.081858]},"properties":{"dm_code":"07.PJS 5 KAMPUNG PENAGA","dun_code":"N.32","dun_prefix":"32","code_parlimen":"P.105","total_voters":1442,"male":713,"female":729,"male_pct":49.4,"female_pct":50.6,"malay_pct":48.27,"chinese_pct":6.1,"indian_pct":44.52,"other_pct":1.11,"age_mean":52.61,"age_median":52.6,"contact_pct":86.69,"male_malay":360,"male_chinese":53,"male_indian":296,"male_other":4,"female_malay":336,"female_chinese":35,"female_indian":346,"female_other":12}},{"type":"Feature","geometry":{"type":"Point","coordinates":[101.6239056,3.0516805]},"properties":{"dm_code":"07.PUCHONG JAYA UTARA","dun_code":"N.30","dun_prefix":"30","code_parlimen":"P.104","total_voters":5397,"male":2638,"female":2759,"male_pct":48.9,"female_pct":51.1,"malay_pct":13.49,"chinese_pct":53.62,"indian_pct":16.73,"other_pct":16.16,"age_mean":43.73,"age_median":43.7,"contact_pct":79.36,"male_malay":365,"male_chinese":1480,"male_indian":422,"male_other":371,"female_malay":363,"female_chinese":1414,"female_indian":481,"female_other":501}},{"type":"Feature","geometry":{"type":"Point","coordinates":[101.4250653,2.9835947]},"properties":{"dm_code":"07.PULAU INDAH UTARA","dun_code":"N.46","dun_prefix":"46","code_parlimen":"P.110","total_voters":5623,"male":3042,"female":2581,"male_pct":54.1,"female_pct":45.9,"malay_pct":96.07,"chinese_pct":0.84,"indian_pct":1.64,"other_pct":1.45,"age_mean":36.82,"age_median":36.8,"contact_pct":65.94,"male_malay":2915,"male_chinese":29,"male_indian":47,"male_other":51,"female_malay":2487,"female_chinese":18,"female_indian":45,"female_other":31}},{"type":"Feature","geometry":{"type":"Point","coordinates":[101.6345255,2.9622133]},"properties":{"dm_code":"07.PULAU MERANTI","dun_code":"N.55","dun_prefix":"55","code_parlimen":"P.113","total_voters":9968,"male":5014,"female":4954,"male_pct":50.3,"female_pct":49.7,"malay_pct":50.51,"chinese_pct":37.84,"indian_pct":9.01,"other_pct":2.64,"age_mean":38.12,"age_median":38.1,"contact_pct":70.48,"male_malay":2580,"male_chinese":1896,"male_indian":422,"male_other":116,"female_malay":2455,"female_chinese":1876,"female_indian":476,"female_other":147}},{"type":"Feature","geometry":{"type":"Point","coordinates":[101.5336422,3.0021103]},"properties":{"dm_code":"07.PUTRA HEIGHT","dun_code":"N.50","dun_prefix":"50","code_parlimen":"P.111","total_voters":14749,"male":7316,"female":7433,"male_pct":49.6,"female_pct":50.4,"malay_pct":54.41,"chinese_pct":34.48,"indian_pct":8.03,"other_pct":3.08,"age_mean":38.05,"age_median":38,"contact_pct":74.22,"male_malay":4005,"male_chinese":2507,"male_indian":583,"male_other":221,"female_malay":4020,"female_chinese":2578,"female_indian":602,"female_other":233}},{"type":"Feature","geometry":{"type":"Point","coordinates":[101.1032892,3.5041472]},"properties":{"dm_code":"07.SEKINCHAN TEMPATAN SELATAN","dun_code":"N.04","dun_prefix":"04","code_parlimen":"P.093","total_voters":2219,"male":1179,"female":1040,"male_pct":53.1,"female_pct":46.9,"malay_pct":53.36,"chinese_pct":41.05,"indian_pct":5.54,"other_pct":0.05,"age_mean":45.63,"age_median":45.6,"contact_pct":77.74,"male_malay":648,"male_chinese":461,"male_indian":69,"male_other":1,"female_malay":536,"female_chinese":450,"female_indian":54,"female_other":0}},{"type":"Feature","geometry":{"type":"Point","coordinates":[101.672573,3.258758]},"properties":{"dm_code":"07.SELAYANG BAHARU LIMA","dun_code":"N.16","dun_prefix":"16","code_parlimen":"P.098","total_voters":3146,"male":1536,"female":1610,"male_pct":48.8,"female_pct":51.2,"malay_pct":24.54,"chinese_pct":35.95,"indian_pct":39.29,"other_pct":0.22,"age_mean":47.51,"age_median":47.5,"contact_pct":79.5,"male_malay":362,"male_chinese":596,"male_indian":573,"male_other":5,"female_malay":410,"female_chinese":535,"female_indian":663,"female_other":2}},{"type":"Feature","geometry":{"type":"Point","coordinates":[101.8470485,2.9476167]},"properties":{"dm_code":"07.SEMENYIH SELATAN","dun_code":"N.24","dun_prefix":"24","code_parlimen":"P.101","total_voters":4186,"male":2081,"female":2105,"male_pct":49.7,"female_pct":50.3,"malay_pct":78.71,"chinese_pct":8.19,"indian_pct":8.53,"other_pct":4.57,"age_mean":42.56,"age_median":42.6,"contact_pct":79.5,"male_malay":1646,"male_chinese":198,"male_indian":154,"male_other":83,"female_malay":1649,"female_chinese":145,"female_indian":203,"female_other":108}},{"type":"Feature","geometry":{"type":"Point","coordinates":[101.4630888,2.9996161]},"properties":{"dm_code":"07.SENTOSA DATO ABDUL HAMID 2","dun_code":"N.48","dun_prefix":"48","code_parlimen":"P.111","total_voters":2055,"male":1013,"female":1042,"male_pct":49.3,"female_pct":50.7,"malay_pct":10.66,"chinese_pct":40.39,"indian_pct":47.1,"other_pct":1.85,"age_mean":47.62,"age_median":47.6,"contact_pct":81.12,"male_malay":104,"male_chinese":432,"male_indian":463,"male_other":14,"female_malay":115,"female_chinese":398,"female_indian":505,"female_other":24}},{"type":"Feature","geometry":{"type":"Point","coordinates":[101.6552272,3.4625635]},"properties":{"dm_code":"07.SERENDAH","dun_code":"N.07","dun_prefix":"07","code_parlimen":"P.094","total_voters":6341,"male":3155,"female":3186,"male_pct":49.8,"female_pct":50.2,"malay_pct":72.61,"chinese_pct":18.66,"indian_pct":8.64,"other_pct":0.09,"age_mean":39.84,"age_median":39.8,"contact_pct":78.36,"male_malay":2275,"male_chinese":607,"male_indian":271,"male_other":2,"female_malay":2329,"female_chinese":576,"female_indian":277,"female_other":4}},{"type":"Feature","geometry":{"type":"Point","coordinates":[101.7332428,3.0144366]},"properties":{"dm_code":"07.SERI KEMBANGAN 9","dun_code":"N.28","dun_prefix":"28","code_parlimen":"P.103","total_voters":925,"male":471,"female":454,"male_pct":50.9,"female_pct":49.1,"malay_pct":0.86,"chinese_pct":72.32,"indian_pct":0.22,"other_pct":26.6,"age_mean":54.34,"age_median":54.3,"contact_pct":78.81,"male_malay":2,"male_chinese":340,"male_indian":0,"male_other":129,"female_malay":6,"female_chinese":329,"female_indian":2,"female_other":117}},{"type":"Feature","geometry":{"type":"Point","coordinates":[101.546811,3.077519]},"properties":{"dm_code":"07.SHAH ALAM S 24/1-24/38","dun_code":"N.41","dun_prefix":"41","code_parlimen":"P.108","total_voters":5306,"male":2591,"female":2715,"male_pct":48.8,"female_pct":51.2,"malay_pct":86.66,"chinese_pct":2.68,"indian_pct":10.21,"other_pct":0.45,"age_mean":42.87,"age_median":42.9,"contact_pct":80.1,"male_malay":2245,"male_chinese":73,"male_indian":264,"male_other":9,"female_malay":2353,"female_chinese":69,"female_indian":278,"female_other":15}},{"type":"Feature","geometry":{"type":"Point","coordinates":[101.5393805,3.071242]},"properties":{"dm_code":"07.SHAH ALAM S 3","dun_code":"N.40","dun_prefix":"40","code_parlimen":"P.108","total_voters":1506,"male":750,"female":756,"male_pct":49.8,"female_pct":50.2,"malay_pct":88.51,"chinese_pct":6.18,"indian_pct":4.32,"other_pct":0.99,"age_mean":48.02,"age_median":48,"contact_pct":84.86,"male_malay":655,"male_chinese":52,"male_indian":36,"male_other":7,"female_malay":678,"female_chinese":41,"female_indian":29,"female_other":8}},{"type":"Feature","geometry":{"type":"Point","coordinates":[101.7661039,3.0152941]},"properties":{"dm_code":"07.SIMPANG BALAK","dun_code":"N.27","dun_prefix":"27","code_parlimen":"P.102","total_voters":4539,"male":2269,"female":2270,"male_pct":50,"female_pct":50,"malay_pct":68.98,"chinese_pct":16.19,"indian_pct":6.65,"other_pct":8.18,"age_mean":42.36,"age_median":42.4,"contact_pct":80.9,"male_malay":1571,"male_chinese":388,"male_indian":137,"male_other":173,"female_malay":1560,"female_chinese":347,"female_indian":165,"female_other":198}},{"type":"Feature","geometry":{"type":"Point","coordinates":[101.4142529,3.320926]},"properties":{"dm_code":"07.SIMPANG IJOK","dun_code":"N.11","dun_prefix":"11","code_parlimen":"P.096","total_voters":2800,"male":1395,"female":1405,"male_pct":49.8,"female_pct":50.2,"malay_pct":70.64,"chinese_pct":20.32,"indian_pct":9,"other_pct":0.04,"age_mean":41.61,"age_median":41.6,"contact_pct":77.43,"male_malay":966,"male_chinese":306,"male_indian":123,"male_other":0,"female_malay":1012,"female_chinese":263,"female_indian":129,"female_other":1}},{"type":"Feature","geometry":{"type":"Point","coordinates":[101.7171169,3.218217]},"properties":{"dm_code":"07.SRI GOMBAK 1","dun_code":"N.17","dun_prefix":"17","code_parlimen":"P.098","total_voters":8116,"male":4039,"female":4077,"male_pct":49.8,"female_pct":50.2,"malay_pct":67.18,"chinese_pct":20.26,"indian_pct":12.46,"other_pct":0.1,"age_mean":41.96,"age_median":42,"contact_pct":78.19,"male_malay":2728,"male_chinese":833,"male_indian":477,"male_other":1,"female_malay":2724,"female_chinese":811,"female_indian":534,"female_other":8}},{"type":"Feature","geometry":{"type":"Point","coordinates":[101.5205559,3.2548965]},"properties":{"dm_code":"07.SRI KUNDANG","dun_code":"N.13","dun_prefix":"13","code_parlimen":"P.097","total_voters":7385,"male":3518,"female":3867,"male_pct":47.6,"female_pct":52.4,"malay_pct":99.21,"chinese_pct":0.66,"indian_pct":0.07,"other_pct":0.06,"age_mean":40.2,"age_median":40.2,"contact_pct":72.66,"male_malay":3490,"male_chinese":24,"male_indian":2,"male_other":2,"female_malay":3837,"female_chinese":25,"female_indian":3,"female_other":2}},{"type":"Feature","geometry":{"type":"Point","coordinates":[101.5890667,3.0727733]},"properties":{"dm_code":"07.SS 14/1-4","dun_code":"N.31","dun_prefix":"31","code_parlimen":"P.104","total_voters":2904,"male":1404,"female":1500,"male_pct":48.3,"female_pct":51.7,"malay_pct":23.62,"chinese_pct":50.07,"indian_pct":12.74,"other_pct":13.57,"age_mean":53.55,"age_median":53.5,"contact_pct":81.71,"male_malay":338,"male_chinese":722,"male_indian":170,"male_other":174,"female_malay":348,"female_chinese":732,"female_indian":200,"female_other":220}},{"type":"Feature","geometry":{"type":"Point","coordinates":[101.619162,3.101022]},"properties":{"dm_code":"07.SS 3 UTARA","dun_code":"N.35","dun_prefix":"35","code_parlimen":"P.106","total_voters":3654,"male":1716,"female":1938,"male_pct":47,"female_pct":53,"malay_pct":45.89,"chinese_pct":36.81,"indian_pct":11.52,"other_pct":5.78,"age_mean":51.06,"age_median":51.1,"contact_pct":79.75,"male_malay":765,"male_chinese":655,"male_indian":204,"male_other":92,"female_malay":912,"female_chinese":690,"female_indian":217,"female_other":119}},{"type":"Feature","geometry":{"type":"Point","coordinates":[101.5473128,3.201735]},"properties":{"dm_code":"07.SUNGAI PELONG","dun_code":"N.38","dun_prefix":"38","code_parlimen":"P.107","total_voters":2934,"male":1470,"female":1464,"male_pct":50.1,"female_pct":49.9,"malay_pct":93.97,"chinese_pct":1.87,"indian_pct":3.61,"other_pct":0.55,"age_mean":41.62,"age_median":41.6,"contact_pct":81.49,"male_malay":1381,"male_chinese":32,"male_indian":50,"male_other":7,"female_malay":1376,"female_chinese":23,"female_indian":56,"female_other":9}},{"type":"Feature","geometry":{"type":"Point","coordinates":[101.2003698,3.4895778]},"properties":{"dm_code":"07.SUNGAI SIREH","dun_code":"N.08","dun_prefix":"08","code_parlimen":"P.095","total_voters":3866,"male":2006,"female":1860,"male_pct":51.9,"female_pct":48.1,"malay_pct":99.64,"chinese_pct":0.31,"indian_pct":0.03,"other_pct":0.02,"age_mean":41.56,"age_median":41.6,"contact_pct":75.14,"male_malay":2001,"male_chinese":4,"male_indian":1,"male_other":0,"female_malay":1851,"female_chinese":8,"female_indian":0,"female_other":1}},{"type":"Feature","geometry":{"type":"Point","coordinates":[101.63223,3.080425]},"properties":{"dm_code":"07.TAMAN DATO HARUN 2","dun_code":"N.33","dun_prefix":"33","code_parlimen":"P.105","total_voters":4515,"male":2233,"female":2282,"male_pct":49.5,"female_pct":50.5,"malay_pct":89.24,"chinese_pct":0.91,"indian_pct":9.52,"other_pct":0.33,"age_mean":44.9,"age_median":44.9,"contact_pct":82.28,"male_malay":2005,"male_chinese":16,"male_indian":207,"male_other":5,"female_malay":2024,"female_chinese":25,"female_indian":223,"female_other":10}},{"type":"Feature","geometry":{"type":"Point","coordinates":[101.7782831,3.018522]},"properties":{"dm_code":"07.TAMAN DELIMA","dun_code":"N.25","dun_prefix":"25","code_parlimen":"P.102","total_voters":3027,"male":1471,"female":1556,"male_pct":48.6,"female_pct":51.4,"malay_pct":83.02,"chinese_pct":3.37,"indian_pct":11.99,"other_pct":1.62,"age_mean":42.47,"age_median":42.5,"contact_pct":77.47,"male_malay":1237,"male_chinese":63,"male_indian":157,"male_other":14,"female_malay":1276,"female_chinese":39,"female_indian":206,"female_other":35}},{"type":"Feature","geometry":{"type":"Point","coordinates":[101.7561398,2.975831]},"properties":{"dm_code":"07.TAMAN KAJANG UTAMA","dun_code":"N.26","dun_prefix":"26","code_parlimen":"P.102","total_voters":9271,"male":4590,"female":4681,"male_pct":49.5,"female_pct":50.5,"malay_pct":58.4,"chinese_pct":13.86,"indian_pct":19.71,"other_pct":8.03,"age_mean":38.31,"age_median":38.3,"contact_pct":79.5,"male_malay":2708,"male_chinese":668,"male_indian":860,"male_other":354,"female_malay":2706,"female_chinese":617,"female_indian":967,"female_other":391}},{"type":"Feature","geometry":{"type":"Point","coordinates":[101.6323931,3.068157]},"properties":{"dm_code":"07.TAMAN MAWAR","dun_code":"N.22","dun_prefix":"22","code_parlimen":"P.100","total_voters":2212,"male":1056,"female":1156,"male_pct":47.7,"female_pct":52.3,"malay_pct":40.05,"chinese_pct":33.95,"indian_pct":10.67,"other_pct":15.33,"age_mean":41.75,"age_median":41.8,"contact_pct":77.85,"male_malay":424,"male_chinese":381,"male_indian":102,"male_other":149,"female_malay":462,"female_chinese":370,"female_indian":134,"female_other":190}},{"type":"Feature","geometry":{"type":"Point","coordinates":[101.6507048,3.259684]},"properties":{"dm_code":"07.TAMAN SELAYANG BAHARU","dun_code":"N.15","dun_prefix":"15","code_parlimen":"P.097","total_voters":2518,"male":1224,"female":1294,"male_pct":48.6,"female_pct":51.4,"malay_pct":32.96,"chinese_pct":56.39,"indian_pct":10.52,"other_pct":0.13,"age_mean":46.44,"age_median":46.4,"contact_pct":82.61,"male_malay":406,"male_chinese":678,"male_indian":139,"male_other":1,"female_malay":424,"female_chinese":742,"female_indian":126,"female_other":2}},{"type":"Feature","geometry":{"type":"Point","coordinates":[101.3643479,3.141545]},"properties":{"dm_code":"07.TAMAN SRI KERAYONG","dun_code":"N.43","dun_prefix":"43","code_parlimen":"P.109","total_voters":1447,"male":710,"female":737,"male_pct":49.1,"female_pct":50.9,"malay_pct":64.96,"chinese_pct":9.68,"indian_pct":24.81,"other_pct":0.55,"age_mean":40.54,"age_median":40.5,"contact_pct":75.26,"male_malay":454,"male_chinese":77,"male_indian":174,"male_other":5,"female_malay":486,"female_chinese":63,"female_indian":185,"female_other":3}},{"type":"Feature","geometry":{"type":"Point","coordinates":[101.315412,3.182604]},"properties":{"dm_code":"07.TAMBAK JAWA","dun_code":"N.12","dun_prefix":"12","code_parlimen":"P.096","total_voters":2412,"male":1172,"female":1240,"male_pct":48.6,"female_pct":51.4,"malay_pct":55.14,"chinese_pct":35.7,"indian_pct":9.08,"other_pct":0.08,"age_mean":43.85,"age_median":43.9,"contact_pct":77.99,"male_malay":637,"male_chinese":433,"male_indian":101,"male_other":1,"female_malay":693,"female_chinese":428,"female_indian":118,"female_other":1}},{"type":"Feature","geometry":{"type":"Point","coordinates":[101.4555383,3.0282204]},"properties":{"dm_code":"07.TANJONG KLANG","dun_code":"N.44","dun_prefix":"44","code_parlimen":"P.109","total_voters":580,"male":324,"female":256,"male_pct":55.9,"female_pct":44.1,"malay_pct":15.86,"chinese_pct":77.41,"indian_pct":1.9,"other_pct":4.83,"age_mean":49.06,"age_median":49.1,"contact_pct":70.86,"male_malay":48,"male_chinese":255,"male_indian":6,"male_other":15,"female_malay":44,"female_chinese":194,"female_indian":5,"female_other":13}},{"type":"Feature","geometry":{"type":"Point","coordinates":[101.5576981,2.665308]},"properties":{"dm_code":"07.TANJONG SEPAT TEMPATAN 4","dun_code":"N.54","dun_prefix":"54","code_parlimen":"P.113","total_voters":480,"male":265,"female":215,"male_pct":55.2,"female_pct":44.8,"malay_pct":0.21,"chinese_pct":96.25,"indian_pct":0.83,"other_pct":2.71,"age_mean":54.46,"age_median":54.5,"contact_pct":81.46,"male_malay":0,"male_chinese":260,"male_indian":3,"male_other":2,"female_malay":1,"female_chinese":202,"female_indian":1,"female_other":11}},{"type":"Feature","geometry":{"type":"Point","coordinates":[101.5205108,2.818977]},"properties":{"dm_code":"07.TELUK DATUK","dun_code":"N.52","dun_prefix":"52","code_parlimen":"P.112","total_voters":3794,"male":1840,"female":1954,"male_pct":48.5,"female_pct":51.5,"malay_pct":43.89,"chinese_pct":15.66,"indian_pct":38.82,"other_pct":1.63,"age_mean":43.44,"age_median":43.4,"contact_pct":73.38,"male_malay":839,"male_chinese":298,"male_indian":675,"male_other":28,"female_malay":826,"female_chinese":296,"female_indian":798,"female_other":34}},{"type":"Feature","geometry":{"type":"Point","coordinates":[101.546811,3.077519]},"properties":{"dm_code":"08.APARTMENT S 24","dun_code":"N.41","dun_prefix":"41","code_parlimen":"P.108","total_voters":4290,"male":2127,"female":2163,"male_pct":49.6,"female_pct":50.4,"malay_pct":82.4,"chinese_pct":6.9,"indian_pct":9.6,"other_pct":1.1,"age_mean":44.26,"age_median":44.3,"contact_pct":78.41,"male_malay":1781,"male_chinese":140,"male_indian":182,"male_other":24,"female_malay":1754,"female_chinese":156,"female_indian":230,"female_other":23}},{"type":"Feature","geometry":{"type":"Point","coordinates":[101.7567406,3.1813805]},"properties":{"dm_code":"08.AU3 RUMAH TERES","dun_code":"N.18","dun_prefix":"18","code_parlimen":"P.098","total_voters":3258,"male":1662,"female":1596,"male_pct":51,"female_pct":49,"malay_pct":99.57,"chinese_pct":0.31,"indian_pct":0.12,"other_pct":0,"age_mean":45.11,"age_median":45.1,"contact_pct":83.95,"male_malay":1655,"male_chinese":5,"male_indian":2,"male_other":0,"female_malay":1589,"female_chinese":5,"female_indian":2,"female_other":0}},{"type":"Feature","geometry":{"type":"Point","coordinates":[101.6982899,2.6059258]},"properties":{"dm_code":"08.BAGAN LALANG","dun_code":"N.56","dun_prefix":"56","code_parlimen":"P.113","total_voters":4292,"male":1985,"female":2307,"male_pct":46.2,"female_pct":53.8,"malay_pct":62.95,"chinese_pct":8.53,"indian_pct":27.31,"other_pct":1.21,"age_mean":38.94,"age_median":38.9,"contact_pct":73.23,"male_malay":1261,"male_chinese":170,"male_indian":533,"male_other":21,"female_malay":1441,"female_chinese":196,"female_indian":639,"female_other":31}},{"type":"Feature","geometry":{"type":"Point","coordinates":[101.4291419,3.0140239]},"properties":{"dm_code":"08.BANDAR BUKIT TINGGI 1","dun_code":"N.48","dun_prefix":"48","code_parlimen":"P.111","total_voters":9394,"male":4644,"female":4750,"male_pct":49.4,"female_pct":50.6,"malay_pct":17.96,"chinese_pct":63.91,"indian_pct":14.66,"other_pct":3.47,"age_mean":37.61,"age_median":37.6,"contact_pct":76.51,"male_malay":882,"male_chinese":2990,"male_indian":636,"male_other":136,"female_malay":805,"female_chinese":3014,"female_indian":741,"female_other":190}},{"type":"Feature","geometry":{"type":"Point","coordinates":[101.7908387,2.9919972]},"properties":{"dm_code":"08.BANDAR KAJANG","dun_code":"N.25","dun_prefix":"25","code_parlimen":"P.102","total_voters":3628,"male":2147,"female":1481,"male_pct":59.2,"female_pct":40.8,"malay_pct":58.19,"chinese_pct":20.84,"indian_pct":10.86,"other_pct":10.11,"age_mean":43.4,"age_median":43.4,"contact_pct":75.72,"male_malay":1369,"male_chinese":398,"male_indian":214,"male_other":166,"female_malay":742,"female_chinese":358,"female_indian":180,"female_other":201}},{"type":"Feature","geometry":{"type":"Point","coordinates":[101.474379,3.284304]},"properties":{"dm_code":"08.BANDAR TASIK PUTERI","dun_code":"N.13","dun_prefix":"13","code_parlimen":"P.097","total_voters":19122,"male":9388,"female":9734,"male_pct":49.1,"female_pct":50.9,"malay_pct":92.59,"chinese_pct":3.01,"indian_pct":4.35,"other_pct":0.05,"age_mean":36.23,"age_median":36.2,"contact_pct":78.61,"male_malay":8680,"male_chinese":306,"male_indian":396,"male_other":6,"female_malay":9025,"female_chinese":270,"female_indian":436,"female_other":3}},{"type":"Feature","geometry":{"type":"Point","coordinates":[101.4410127,3.1334027]},"properties":{"dm_code":"08.BATU 9 KAPAR","dun_code":"N.42","dun_prefix":"42","code_parlimen":"P.109","total_voters":5046,"male":2436,"female":2610,"male_pct":48.3,"female_pct":51.7,"malay_pct":28.78,"chinese_pct":12.6,"indian_pct":57.63,"other_pct":0.99,"age_mean":42.42,"age_median":42.4,"contact_pct":74.16,"male_malay":725,"male_chinese":330,"male_indian":1360,"male_other":21,"female_malay":727,"female_chinese":306,"female_indian":1548,"female_other":29}},{"type":"Feature","geometry":{"type":"Point","coordinates":[101.4103643,3.3783619]},"properties":{"dm_code":"08.BESTARI JAYA UTARA","dun_code":"N.11","dun_prefix":"11","code_parlimen":"P.096","total_voters":5387,"male":2558,"female":2829,"male_pct":47.5,"female_pct":52.5,"malay_pct":22.41,"chinese_pct":17.71,"indian_pct":59.77,"other_pct":0.11,"age_mean":43.82,"age_median":43.8,"contact_pct":75.92,"male_malay":595,"male_chinese":493,"male_indian":1467,"male_other":3,"female_malay":612,"female_chinese":461,"female_indian":1753,"female_other":3}},{"type":"Feature","geometry":{"type":"Point","coordinates":[101.316218,3.232016]},"properties":{"dm_code":"08.BUKIT CLOH","dun_code":"N.12","dun_prefix":"12","code_parlimen":"P.096","total_voters":1190,"male":579,"female":611,"male_pct":48.7,"female_pct":51.3,"malay_pct":31.6,"chinese_pct":2.69,"indian_pct":65.46,"other_pct":0.25,"age_mean":45.17,"age_median":45.2,"contact_pct":74.71,"male_malay":182,"male_chinese":17,"male_indian":380,"male_other":0,"female_malay":194,"female_chinese":15,"female_indian":399,"female_other":3}},{"type":"Feature","geometry":{"type":"Point","coordinates":[101.2481651,3.341172]},"properties":{"dm_code":"08.BUKIT ROTAN","dun_code":"N.10","dun_prefix":"10","code_parlimen":"P.096","total_voters":1839,"male":862,"female":977,"male_pct":46.9,"female_pct":53.1,"malay_pct":21.21,"chinese_pct":5.6,"indian_pct":73.08,"other_pct":0.11,"age_mean":44.22,"age_median":44.2,"contact_pct":73.68,"male_malay":168,"male_chinese":53,"male_indian":640,"male_other":1,"female_malay":222,"female_chinese":50,"female_indian":704,"female_other":1}},{"type":"Feature","geometry":{"type":"Point","coordinates":[101.748685,3.04775]},"properties":{"dm_code":"08.DESA BAIDURI","dun_code":"N.27","dun_prefix":"27","code_parlimen":"P.102","total_voters":9622,"male":4629,"female":4993,"male_pct":48.1,"female_pct":51.9,"malay_pct":67.43,"chinese_pct":19.68,"indian_pct":3.47,"other_pct":9.42,"age_mean":38.52,"age_median":38.5,"contact_pct":83.15,"male_malay":3111,"male_chinese":997,"male_indian":158,"male_other":363,"female_malay":3377,"female_chinese":897,"female_indian":176,"female_other":543}},{"type":"Feature","geometry":{"type":"Point","coordinates":[101.8622953,2.9152972]},"properties":{"dm_code":"08.KAMPUNG RINCHING","dun_code":"N.24","dun_prefix":"24","code_parlimen":"P.101","total_voters":983,"male":500,"female":483,"male_pct":50.9,"female_pct":49.1,"malay_pct":95.12,"chinese_pct":2.24,"indian_pct":1.93,"other_pct":0.71,"age_mean":44.71,"age_median":44.7,"contact_pct":79.76,"male_malay":474,"male_chinese":12,"male_indian":13,"male_other":1,"female_malay":461,"female_chinese":10,"female_indian":6,"female_other":6}},{"type":"Feature","geometry":{"type":"Point","coordinates":[100.9438517,3.7172018]},"properties":{"dm_code":"08.KAMPUNG SAPINTAS","dun_code":"N.02","dun_prefix":"02","code_parlimen":"P.092","total_voters":1881,"male":882,"female":999,"male_pct":46.9,"female_pct":53.1,"malay_pct":81.39,"chinese_pct":12.87,"indian_pct":5.74,"other_pct":0,"age_mean":42.5,"age_median":42.5,"contact_pct":78.58,"male_malay":714,"male_chinese":116,"male_indian":52,"male_other":0,"female_malay":817,"female_chinese":126,"female_indian":56,"female_other":0}},{"type":"Feature","geometry":{"type":"Point","coordinates":[101.4347761,3.565293]},"properties":{"dm_code":"08.KAMPUNG SUNGAI TENGI SELATAN","dun_code":"N.05","dun_prefix":"05","code_parlimen":"P.094","total_voters":2115,"male":1070,"female":1045,"male_pct":50.6,"female_pct":49.4,"malay_pct":98.25,"chinese_pct":0.19,"indian_pct":1.56,"other_pct":0,"age_mean":37.96,"age_median":38,"contact_pct":70.26,"male_malay":1050,"male_chinese":3,"male_indian":17,"male_other":0,"female_malay":1028,"female_chinese":1,"female_indian":16,"female_other":0}},{"type":"Feature","geometry":{"type":"Point","coordinates":[100.8956516,3.8441266]},"properties":{"dm_code":"08.KAMPUNG TELUK BELANGA","dun_code":"N.01","dun_prefix":"01","code_parlimen":"P.092","total_voters":113,"male":47,"female":66,"male_pct":41.6,"female_pct":58.4,"malay_pct":92.92,"chinese_pct":7.08,"indian_pct":0,"other_pct":0,"age_mean":62.04,"age_median":62,"contact_pct":82.3,"male_malay":42,"male_chinese":5,"male_indian":0,"male_other":0,"female_malay":63,"female_chinese":3,"female_indian":0,"female_other":0}},{"type":"Feature","geometry":{"type":"Point","coordinates":[101.4552334,2.72839]},"properties":{"dm_code":"08.KANCHONG TIMUR","dun_code":"N.53","dun_prefix":"53","code_parlimen":"P.112","total_voters":5012,"male":2469,"female":2543,"male_pct":49.3,"female_pct":50.7,"malay_pct":97.33,"chinese_pct":1.94,"indian_pct":0.48,"other_pct":0.25,"age_mean":42.38,"age_median":42.4,"contact_pct":72.96,"male_malay":2400,"male_chinese":51,"male_indian":10,"male_other":8,"female_malay":2478,"female_chinese":46,"female_indian":14,"female_other":5}},{"type":"Feature","geometry":{"type":"Point","coordinates":[101.4453422,2.9458799]},"properties":{"dm_code":"08.LADANG CAREY SELATAN","dun_code":"N.51","dun_prefix":"51","code_parlimen":"P.112","total_voters":456,"male":219,"female":237,"male_pct":48,"female_pct":52,"malay_pct":12.28,"chinese_pct":1.97,"indian_pct":84.43,"other_pct":1.32,"age_mean":47.33,"age_median":47.3,"contact_pct":62.72,"male_malay":31,"male_chinese":4,"male_indian":180,"male_other":4,"female_malay":25,"female_chinese":5,"female_indian":205,"female_other":2}},{"type":"Feature","geometry":{"type":"Point","coordinates":[101.281852,3.4133764]},"properties":{"dm_code":"08.LADANG RAJA MUSA","dun_code":"N.09","dun_prefix":"09","code_parlimen":"P.095","total_voters":770,"male":362,"female":408,"male_pct":47,"female_pct":53,"malay_pct":8.96,"chinese_pct":1.04,"indian_pct":89.61,"other_pct":0.39,"age_mean":46.52,"age_median":46.5,"contact_pct":78.31,"male_malay":36,"male_chinese":4,"male_indian":320,"male_other":2,"female_malay":33,"female_chinese":4,"female_indian":370,"female_other":1}},{"type":"Feature","geometry":{"type":"Point","coordinates":[101.5360691,3.5716473]},"properties":{"dm_code":"08.LEMBAH BERINGIN","dun_code":"N.06","dun_prefix":"06","code_parlimen":"P.094","total_voters":1287,"male":602,"female":685,"male_pct":46.8,"female_pct":53.2,"malay_pct":48.72,"chinese_pct":3.73,"indian_pct":47.47,"other_pct":0.08,"age_mean":45.24,"age_median":45.2,"contact_pct":71.25,"male_malay":294,"male_chinese":28,"male_indian":279,"male_other":1,"female_malay":333,"female_chinese":20,"female_indian":332,"female_other":0}},{"type":"Feature","geometry":{"type":"Point","coordinates":[101.7277939,3.1425906]},"properties":{"dm_code":"08.LORONG MOLEK KAMPUNG PANDAN","dun_code":"N.21","dun_prefix":"21","code_parlimen":"P.100","total_voters":1927,"male":969,"female":958,"male_pct":50.3,"female_pct":49.7,"malay_pct":99.12,"chinese_pct":0.36,"indian_pct":0.26,"other_pct":0.26,"age_mean":46.43,"age_median":46.4,"contact_pct":87.23,"male_malay":963,"male_chinese":3,"male_indian":1,"male_other":2,"female_malay":947,"female_chinese":4,"female_indian":4,"female_other":3}},{"type":"Feature","geometry":{"type":"Point","coordinates":[101.5523155,3.1281595]},"properties":{"dm_code":"08.LTSSAAS SUBANG","dun_code":"N.39","dun_prefix":"39","code_parlimen":"P.107","total_voters":1106,"male":670,"female":436,"male_pct":60.6,"female_pct":39.4,"malay_pct":61.21,"chinese_pct":3.71,"indian_pct":33.09,"other_pct":1.99,"age_mean":49.13,"age_median":49.1,"contact_pct":89.24,"male_malay":453,"male_chinese":24,"male_indian":176,"male_other":17,"female_malay":224,"female_chinese":17,"female_indian":190,"female_other":5}},{"type":"Feature","geometry":{"type":"Point","coordinates":[101.5388422,3.2000581]},"properties":{"dm_code":"08.PAYA JARAS HILIR","dun_code":"N.38","dun_prefix":"38","code_parlimen":"P.107","total_voters":4907,"male":2465,"female":2442,"male_pct":50.2,"female_pct":49.8,"malay_pct":99.33,"chinese_pct":0.12,"indian_pct":0.14,"other_pct":0.41,"age_mean":37.23,"age_median":37.2,"contact_pct":70.33,"male_malay":2448,"male_chinese":4,"male_indian":2,"male_other":11,"female_malay":2426,"female_chinese":2,"female_indian":5,"female_other":9}},{"type":"Feature","geometry":{"type":"Point","coordinates":[101.7629698,3.14508]},"properties":{"dm_code":"08.PEKAN AMPANG","dun_code":"N.19","dun_prefix":"19","code_parlimen":"P.099","total_voters":2051,"male":988,"female":1063,"male_pct":48.2,"female_pct":51.8,"malay_pct":22.72,"chinese_pct":69.28,"indian_pct":6.87,"other_pct":1.13,"age_mean":58.68,"age_median":58.7,"contact_pct":78.79,"male_malay":214,"male_chinese":677,"male_indian":85,"male_other":12,"female_malay":252,"female_chinese":744,"female_indian":56,"female_other":11}},{"type":"Feature","geometry":{"type":"Point","coordinates":[101.6336218,3.0730338]},"properties":{"dm_code":"08.PJS 3","dun_code":"N.33","dun_prefix":"33","code_parlimen":"P.105","total_voters":5725,"male":2783,"female":2942,"male_pct":48.6,"female_pct":51.4,"malay_pct":59.02,"chinese_pct":9.61,"indian_pct":30.04,"other_pct":1.33,"age_mean":41.56,"age_median":41.6,"contact_pct":77.21,"male_malay":1648,"male_chinese":278,"male_indian":824,"male_other":33,"female_malay":1731,"female_chinese":272,"female_indian":896,"female_other":43}},{"type":"Feature","geometry":{"type":"Point","coordinates":[101.6168727,3.075937]},"properties":{"dm_code":"08.PJS 6/4 - PJS 6/6","dun_code":"N.32","dun_prefix":"32","code_parlimen":"P.105","total_voters":7397,"male":3626,"female":3771,"male_pct":49,"female_pct":51,"malay_pct":61.36,"chinese_pct":1.34,"indian_pct":36.42,"other_pct":0.88,"age_mean":37.39,"age_median":37.4,"contact_pct":70.26,"male_malay":2247,"male_chinese":56,"male_indian":1290,"male_other":33,"female_malay":2292,"female_chinese":43,"female_indian":1404,"female_other":32}},{"type":"Feature","geometry":{"type":"Point","coordinates":[101.6239056,3.0516805]},"properties":{"dm_code":"08.PUCHONG JAYA BARAT","dun_code":"N.30","dun_prefix":"30","code_parlimen":"P.104","total_voters":8410,"male":4136,"female":4274,"male_pct":49.2,"female_pct":50.8,"malay_pct":6.31,"chinese_pct":61.84,"indian_pct":15.55,"other_pct":16.3,"age_mean":47.63,"age_median":47.6,"contact_pct":81.47,"male_malay":296,"male_chinese":2571,"male_indian":642,"male_other":627,"female_malay":235,"female_chinese":2630,"female_indian":666,"female_other":743}},{"type":"Feature","geometry":{"type":"Point","coordinates":[101.4250653,2.9835947]},"properties":{"dm_code":"08.PULAU INDAH SELATAN","dun_code":"N.46","dun_prefix":"46","code_parlimen":"P.110","total_voters":2796,"male":1385,"female":1411,"male_pct":49.5,"female_pct":50.5,"malay_pct":99.18,"chinese_pct":0.21,"indian_pct":0.21,"other_pct":0.4,"age_mean":37.85,"age_median":37.9,"contact_pct":70.64,"male_malay":1374,"male_chinese":3,"male_indian":1,"male_other":7,"female_malay":1399,"female_chinese":3,"female_indian":5,"female_other":4}},{"type":"Feature","geometry":{"type":"Point","coordinates":[101.1032892,3.5041472]},"properties":{"dm_code":"08.SEKINCHAN TEMPATAN TENGAH","dun_code":"N.04","dun_prefix":"04","code_parlimen":"P.093","total_voters":4100,"male":2066,"female":2034,"male_pct":50.4,"female_pct":49.6,"malay_pct":29.54,"chinese_pct":65.12,"indian_pct":5.24,"other_pct":0.1,"age_mean":43.8,"age_median":43.8,"contact_pct":83.56,"male_malay":613,"male_chinese":1358,"male_indian":92,"male_other":3,"female_malay":598,"female_chinese":1312,"female_indian":123,"female_other":1}},{"type":"Feature","geometry":{"type":"Point","coordinates":[101.7561398,2.975831]},"properties":{"dm_code":"08.SEKSYEN 4 BBB","dun_code":"N.26","dun_prefix":"26","code_parlimen":"P.102","total_voters":7769,"male":3764,"female":4005,"male_pct":48.4,"female_pct":51.6,"malay_pct":96.82,"chinese_pct":0.85,"indian_pct":1.89,"other_pct":0.44,"age_mean":40.25,"age_median":40.2,"contact_pct":81.27,"male_malay":3650,"male_chinese":39,"male_indian":60,"male_other":15,"female_malay":3872,"female_chinese":27,"female_indian":87,"female_other":19}},{"type":"Feature","geometry":{"type":"Point","coordinates":[101.6540669,3.100449]},"properties":{"dm_code":"08.SEKSYEN 5 UTARA","dun_code":"N.34","dun_prefix":"34","code_parlimen":"P.105","total_voters":2967,"male":1372,"female":1595,"male_pct":46.2,"female_pct":53.8,"malay_pct":15.5,"chinese_pct":54.57,"indian_pct":19.41,"other_pct":10.52,"age_mean":55.79,"age_median":55.8,"contact_pct":67.78,"male_malay":220,"male_chinese":740,"male_indian":269,"male_other":143,"female_malay":240,"female_chinese":879,"female_indian":307,"female_other":169}},{"type":"Feature","geometry":{"type":"Point","coordinates":[101.6507048,3.259684]},"properties":{"dm_code":"08.SELAYANG PANDANG","dun_code":"N.15","dun_prefix":"15","code_parlimen":"P.097","total_voters":3354,"male":1655,"female":1699,"male_pct":49.3,"female_pct":50.7,"malay_pct":78.5,"chinese_pct":12.34,"indian_pct":9.09,"other_pct":0.07,"age_mean":45.72,"age_median":45.7,"contact_pct":80.86,"male_malay":1317,"male_chinese":196,"male_indian":141,"male_other":1,"female_malay":1316,"female_chinese":218,"female_indian":164,"female_other":1}},{"type":"Feature","geometry":{"type":"Point","coordinates":[101.7332428,3.0144366]},"properties":{"dm_code":"08.SERI KEMBANGAN 11","dun_code":"N.28","dun_prefix":"28","code_parlimen":"P.103","total_voters":1959,"male":1016,"female":943,"male_pct":51.9,"female_pct":48.1,"malay_pct":37.01,"chinese_pct":45.02,"indian_pct":2.04,"other_pct":15.93,"age_mean":49.95,"age_median":50,"contact_pct":78.66,"male_malay":399,"male_chinese":462,"male_indian":20,"male_other":135,"female_malay":326,"female_chinese":420,"female_indian":20,"female_other":177}},{"type":"Feature","geometry":{"type":"Point","coordinates":[101.5303749,3.2135231]},"properties":{"dm_code":"08.SHAH ALAM S 2","dun_code":"N.40","dun_prefix":"40","code_parlimen":"P.108","total_voters":2504,"male":1223,"female":1281,"male_pct":48.8,"female_pct":51.2,"malay_pct":86.82,"chinese_pct":6.67,"indian_pct":5.07,"other_pct":1.44,"age_mean":47.82,"age_median":47.8,"contact_pct":87.18,"male_malay":1075,"male_chinese":72,"male_indian":65,"male_other":11,"female_malay":1099,"female_chinese":95,"female_indian":62,"female_other":25}},{"type":"Feature","geometry":{"type":"Point","coordinates":[101.6200436,3.1707884]},"properties":{"dm_code":"08.SRI DAMANSARA JALAN SD 10","dun_code":"N.37","dun_prefix":"37","code_parlimen":"P.106","total_voters":10527,"male":5195,"female":5332,"male_pct":49.3,"female_pct":50.7,"malay_pct":35.01,"chinese_pct":53.79,"indian_pct":5.5,"other_pct":5.7,"age_mean":41.03,"age_median":41,"contact_pct":77.15,"male_malay":1858,"male_chinese":2778,"male_indian":288,"male_other":271,"female_malay":1828,"female_chinese":2884,"female_indian":291,"female_other":329}},{"type":"Feature","geometry":{"type":"Point","coordinates":[101.6610542,3.2578621]},"properties":{"dm_code":"08.SRI GOMBAK 2-7","dun_code":"N.17","dun_prefix":"17","code_parlimen":"P.098","total_voters":7610,"male":3727,"female":3883,"male_pct":49,"female_pct":51,"malay_pct":60.37,"chinese_pct":26.39,"indian_pct":13.05,"other_pct":0.19,"age_mean":45.66,"age_median":45.7,"contact_pct":81.18,"male_malay":2254,"male_chinese":1002,"male_indian":466,"male_other":5,"female_malay":2340,"female_chinese":1006,"female_indian":527,"female_other":10}},{"type":"Feature","geometry":{"type":"Point","coordinates":[101.534841,3.03173]},"properties":{"dm_code":"08.SRI MUDA 2 SELATAN","dun_code":"N.50","dun_prefix":"50","code_parlimen":"P.111","total_voters":6275,"male":3143,"female":3132,"male_pct":50.1,"female_pct":49.9,"malay_pct":36.19,"chinese_pct":28.97,"indian_pct":31.71,"other_pct":3.13,"age_mean":44.1,"age_median":44.1,"contact_pct":76.96,"male_malay":1165,"male_chinese":931,"male_indian":961,"male_other":86,"female_malay":1106,"female_chinese":887,"female_indian":1029,"female_other":110}},{"type":"Feature","geometry":{"type":"Point","coordinates":[101.5936762,3.067409]},"properties":{"dm_code":"08.SS 13","dun_code":"N.31","dun_prefix":"31","code_parlimen":"P.104","total_voters":1236,"male":609,"female":627,"male_pct":49.3,"female_pct":50.7,"malay_pct":43.93,"chinese_pct":18.28,"indian_pct":31.8,"other_pct":5.99,"age_mean":51.89,"age_median":51.9,"contact_pct":80.74,"male_malay":261,"male_chinese":116,"male_indian":199,"male_other":33,"female_malay":282,"female_chinese":110,"female_indian":194,"female_other":41}},{"type":"Feature","geometry":{"type":"Point","coordinates":[101.6119073,3.1467185]},"properties":{"dm_code":"08.SS 25","dun_code":"N.36","dun_prefix":"36","code_parlimen":"P.106","total_voters":2977,"male":1462,"female":1515,"male_pct":49.1,"female_pct":50.9,"malay_pct":3.73,"chinese_pct":83.94,"indian_pct":6.01,"other_pct":6.32,"age_mean":49.94,"age_median":49.9,"contact_pct":80.08,"male_malay":59,"male_chinese":1245,"male_indian":83,"male_other":75,"female_malay":52,"female_chinese":1254,"female_indian":96,"female_other":113}},{"type":"Feature","geometry":{"type":"Point","coordinates":[101.619162,3.101022]},"properties":{"dm_code":"08.SS 3 BARAT","dun_code":"N.35","dun_prefix":"35","code_parlimen":"P.106","total_voters":3459,"male":1622,"female":1837,"male_pct":46.9,"female_pct":53.1,"malay_pct":29.05,"chinese_pct":39.87,"indian_pct":23.1,"other_pct":7.98,"age_mean":52.52,"age_median":52.5,"contact_pct":76.21,"male_malay":469,"male_chinese":615,"male_indian":400,"male_other":138,"female_malay":536,"female_chinese":764,"female_indian":399,"female_other":138}},{"type":"Feature","geometry":{"type":"Point","coordinates":[101.5873729,3.343516]},"properties":{"dm_code":"08.SUNGAI CHOH","dun_code":"N.07","dun_prefix":"07","code_parlimen":"P.094","total_voters":2837,"male":1380,"female":1457,"male_pct":48.6,"female_pct":51.4,"malay_pct":92.74,"chinese_pct":1.41,"indian_pct":5.78,"other_pct":0.07,"age_mean":44.91,"age_median":44.9,"contact_pct":78.11,"male_malay":1272,"male_chinese":26,"male_indian":82,"male_other":0,"female_malay":1359,"female_chinese":14,"female_indian":82,"female_other":2}},{"type":"Feature","geometry":{"type":"Point","coordinates":[101.4133836,3.0600457]},"properties":{"dm_code":"08.SUNGAI LIMA","dun_code":"N.44","dun_prefix":"44","code_parlimen":"P.109","total_voters":1082,"male":579,"female":503,"male_pct":53.5,"female_pct":46.5,"malay_pct":0.83,"chinese_pct":93.16,"indian_pct":0,"other_pct":6.01,"age_mean":47.64,"age_median":47.6,"contact_pct":78.74,"male_malay":4,"male_chinese":543,"male_indian":0,"male_other":32,"female_malay":5,"female_chinese":465,"female_indian":0,"female_other":33}},{"type":"Feature","geometry":{"type":"Point","coordinates":[101.090695,3.729181]},"properties":{"dm_code":"08.SUNGAI LIMAU","dun_code":"N.03","dun_prefix":"03","code_parlimen":"P.093","total_voters":1727,"male":860,"female":867,"male_pct":49.8,"female_pct":50.2,"malay_pct":96.35,"chinese_pct":3.42,"indian_pct":0.23,"other_pct":0,"age_mean":43.71,"age_median":43.7,"contact_pct":78.17,"male_malay":834,"male_chinese":23,"male_indian":3,"male_other":0,"female_malay":830,"female_chinese":36,"female_indian":1,"female_other":0}},{"type":"Feature","geometry":{"type":"Point","coordinates":[101.7289541,2.910455]},"properties":{"dm_code":"08.SUNGAI MERAB UTARA","dun_code":"N.55","dun_prefix":"55","code_parlimen":"P.113","total_voters":860,"male":431,"female":429,"male_pct":50.1,"female_pct":49.9,"malay_pct":68.14,"chinese_pct":13.49,"indian_pct":16.16,"other_pct":2.21,"age_mean":41.09,"age_median":41.1,"contact_pct":70.58,"male_malay":301,"male_chinese":62,"male_indian":55,"male_other":13,"female_malay":285,"female_chinese":54,"female_indian":84,"female_other":6}},{"type":"Feature","geometry":{"type":"Point","coordinates":[101.7940079,3.091682]},"properties":{"dm_code":"08.SUNGAI SERAI","dun_code":"N.23","dun_prefix":"23","code_parlimen":"P.101","total_voters":6219,"male":3092,"female":3127,"male_pct":49.7,"female_pct":50.3,"malay_pct":93.49,"chinese_pct":2.33,"indian_pct":2.8,"other_pct":1.38,"age_mean":38.26,"age_median":38.3,"contact_pct":75.61,"male_malay":2886,"male_chinese":77,"male_indian":88,"male_other":41,"female_malay":2928,"female_chinese":68,"female_indian":86,"female_other":45}},{"type":"Feature","geometry":{"type":"Point","coordinates":[101.2003698,3.4895778]},"properties":{"dm_code":"08.SUNGAI SIREH UTARA","dun_code":"N.08","dun_prefix":"08","code_parlimen":"P.095","total_voters":405,"male":206,"female":199,"male_pct":50.9,"female_pct":49.1,"malay_pct":99.75,"chinese_pct":0.25,"indian_pct":0,"other_pct":0,"age_mean":48.63,"age_median":48.6,"contact_pct":85.19,"male_malay":205,"male_chinese":1,"male_indian":0,"male_other":0,"female_malay":199,"female_chinese":0,"female_indian":0,"female_other":0}},{"type":"Feature","geometry":{"type":"Point","coordinates":[101.766938,3.114467]},"properties":{"dm_code":"08.TAMAN BUKIT TERATAI","dun_code":"N.22","dun_prefix":"22","code_parlimen":"P.100","total_voters":7644,"male":3694,"female":3950,"male_pct":48.3,"female_pct":51.7,"malay_pct":35.35,"chinese_pct":39.8,"indian_pct":6.87,"other_pct":17.98,"age_mean":45.43,"age_median":45.4,"contact_pct":82.16,"male_malay":1276,"male_chinese":1587,"male_indian":238,"male_other":593,"female_malay":1426,"female_chinese":1455,"female_indian":287,"female_other":782}},{"type":"Feature","geometry":{"type":"Point","coordinates":[101.4151579,3.079884]},"properties":{"dm_code":"08.TAMAN CHEMPAKA SARI","dun_code":"N.43","dun_prefix":"43","code_parlimen":"P.109","total_voters":3293,"male":1621,"female":1672,"male_pct":49.2,"female_pct":50.8,"malay_pct":66.41,"chinese_pct":22.11,"indian_pct":10.29,"other_pct":1.19,"age_mean":40.72,"age_median":40.7,"contact_pct":80.23,"male_malay":1080,"male_chinese":367,"male_indian":156,"male_other":18,"female_malay":1107,"female_chinese":361,"female_indian":183,"female_other":21}},{"type":"Feature","geometry":{"type":"Point","coordinates":[101.4601796,3.0575591]},"properties":{"dm_code":"08.TAMAN ENG ANN 2","dun_code":"N.45","dun_prefix":"45","code_parlimen":"P.110","total_voters":1676,"male":792,"female":884,"male_pct":47.3,"female_pct":52.7,"malay_pct":1.13,"chinese_pct":89.62,"indian_pct":5.73,"other_pct":3.52,"age_mean":47.95,"age_median":48,"contact_pct":82.16,"male_malay":9,"male_chinese":717,"male_indian":52,"male_other":14,"female_malay":10,"female_chinese":785,"female_indian":44,"female_other":45}},{"type":"Feature","geometry":{"type":"Point","coordinates":[101.715534,3.010715]},"properties":{"dm_code":"08.TAMAN PUCHONG UTAMA","dun_code":"N.29","dun_prefix":"29","code_parlimen":"P.103","total_voters":12566,"male":6260,"female":6306,"male_pct":49.8,"female_pct":50.2,"malay_pct":39.74,"chinese_pct":29.35,"indian_pct":14.63,"other_pct":16.28,"age_mean":38.96,"age_median":39,"contact_pct":74.57,"male_malay":2529,"male_chinese":1907,"male_indian":896,"male_other":928,"female_malay":2465,"female_chinese":1781,"female_indian":942,"female_other":1118}},{"type":"Feature","geometry":{"type":"Point","coordinates":[101.6737667,3.2431664]},"properties":{"dm_code":"08.TAMAN SELAYANG","dun_code":"N.16","dun_prefix":"16","code_parlimen":"P.098","total_voters":3333,"male":1637,"female":1696,"male_pct":49.1,"female_pct":50.9,"malay_pct":51.58,"chinese_pct":9.75,"indian_pct":38.55,"other_pct":0.12,"age_mean":49.45,"age_median":49.5,"contact_pct":83.14,"male_malay":845,"male_chinese":170,"male_indian":621,"male_other":1,"female_malay":874,"female_chinese":155,"female_indian":664,"female_other":3}},{"type":"Feature","geometry":{"type":"Point","coordinates":[101.4892188,3.037822]},"properties":{"dm_code":"08.TAMAN SERI ANDALAS 1","dun_code":"N.49","dun_prefix":"49","code_parlimen":"P.111","total_voters":10050,"male":4861,"female":5189,"male_pct":48.4,"female_pct":51.6,"malay_pct":54.86,"chinese_pct":25.59,"indian_pct":17.59,"other_pct":1.96,"age_mean":42.07,"age_median":42.1,"contact_pct":80.3,"male_malay":2686,"male_chinese":1275,"male_indian":811,"male_other":89,"female_malay":2827,"female_chinese":1297,"female_indian":957,"female_other":108}},{"type":"Feature","geometry":{"type":"Point","coordinates":[101.5785601,3.32567]},"properties":{"dm_code":"08.TAMAN SRI HIJAU","dun_code":"N.14","dun_prefix":"14","code_parlimen":"P.097","total_voters":3629,"male":1769,"female":1860,"male_pct":48.7,"female_pct":51.3,"malay_pct":8.85,"chinese_pct":66.3,"indian_pct":24.58,"other_pct":0.27,"age_mean":45.39,"age_median":45.4,"contact_pct":79.75,"male_malay":144,"male_chinese":1202,"male_indian":418,"male_other":5,"female_malay":177,"female_chinese":1204,"female_indian":474,"female_other":5}},{"type":"Feature","geometry":{"type":"Point","coordinates":[101.593916,2.6490336]},"properties":{"dm_code":"08.TANJONG SEPAT TEMPATAN 5","dun_code":"N.54","dun_prefix":"54","code_parlimen":"P.113","total_voters":555,"male":290,"female":265,"male_pct":52.3,"female_pct":47.7,"malay_pct":5.23,"chinese_pct":90.09,"indian_pct":2.34,"other_pct":2.34,"age_mean":56.04,"age_median":56,"contact_pct":81.26,"male_malay":14,"male_chinese":265,"male_indian":3,"male_other":8,"female_malay":15,"female_chinese":235,"female_indian":10,"female_other":5}},{"type":"Feature","geometry":{"type":"Point","coordinates":[101.7818502,3.1392298]},"properties":{"dm_code":"08.TASIK TAMBAHAN UTARA","dun_code":"N.20","dun_prefix":"20","code_parlimen":"P.099","total_voters":3440,"male":1708,"female":1732,"male_pct":49.7,"female_pct":50.3,"malay_pct":63.4,"chinese_pct":24.8,"indian_pct":10.78,"other_pct":1.02,"age_mean":46.9,"age_median":46.9,"contact_pct":82.24,"male_malay":1073,"male_chinese":434,"male_indian":182,"male_other":19,"female_malay":1108,"female_chinese":419,"female_indian":189,"female_other":16}},{"type":"Feature","geometry":{"type":"Point","coordinates":[101.5174462,2.826243]},"properties":{"dm_code":"08.TELUK BUNUT","dun_code":"N.52","dun_prefix":"52","code_parlimen":"P.112","total_voters":7870,"male":3954,"female":3916,"male_pct":50.2,"female_pct":49.8,"malay_pct":4.87,"chinese_pct":77.9,"indian_pct":15.13,"other_pct":2.1,"age_mean":43.64,"age_median":43.6,"contact_pct":77.81,"male_malay":205,"male_chinese":3122,"male_indian":550,"male_other":77,"female_malay":178,"female_chinese":3009,"female_indian":641,"female_other":88}},{"type":"Feature","geometry":{"type":"Point","coordinates":[101.4082574,3.0074099]},"properties":{"dm_code":"08.TENGKU BENDAHARA AZMAN","dun_code":"N.47","dun_prefix":"47","code_parlimen":"P.110","total_voters":3137,"male":1542,"female":1595,"male_pct":49.2,"female_pct":50.8,"malay_pct":47.53,"chinese_pct":31.18,"indian_pct":19.41,"other_pct":1.88,"age_mean":47.98,"age_median":48,"contact_pct":76.31,"male_malay":749,"male_chinese":489,"male_indian":281,"male_other":23,"female_malay":742,"female_chinese":489,"female_indian":328,"female_other":36}},{"type":"Feature","geometry":{"type":"Point","coordinates":[101.7711833,3.1334801]},"properties":{"dm_code":"09.AMPANG CAMPURAN JALAN IKAN EMAS","dun_code":"N.20","dun_prefix":"20","code_parlimen":"P.099","total_voters":2626,"male":1418,"female":1208,"male_pct":54,"female_pct":46,"malay_pct":32.6,"chinese_pct":58.53,"indian_pct":7.73,"other_pct":1.14,"age_mean":51.22,"age_median":51.2,"contact_pct":81.72,"male_malay":449,"male_chinese":850,"male_indian":102,"male_other":17,"female_malay":407,"female_chinese":687,"female_indian":101,"female_other":13}},{"type":"Feature","geometry":{"type":"Point","coordinates":[101.2463485,3.3416401]},"properties":{"dm_code":"09.API - API","dun_code":"N.10","dun_prefix":"10","code_parlimen":"P.096","total_voters":3007,"male":1454,"female":1553,"male_pct":48.4,"female_pct":51.6,"malay_pct":72.53,"chinese_pct":13.27,"indian_pct":14.07,"other_pct":0.13,"age_mean":41.85,"age_median":41.9,"contact_pct":73.3,"male_malay":1056,"male_chinese":207,"male_indian":189,"male_other":2,"female_malay":1125,"female_chinese":192,"female_indian":234,"female_other":2}},{"type":"Feature","geometry":{"type":"Point","coordinates":[101.2467116,3.0334114]},"properties":{"dm_code":"09.BANDAR PULAU KETAM","dun_code":"N.44","dun_prefix":"44","code_parlimen":"P.109","total_voters":3293,"male":1693,"female":1600,"male_pct":51.4,"female_pct":48.6,"malay_pct":1.28,"chinese_pct":95.23,"indian_pct":0.03,"other_pct":3.46,"age_mean":49.04,"age_median":49,"contact_pct":78.29,"male_malay":25,"male_chinese":1634,"male_indian":1,"male_other":33,"female_malay":17,"female_chinese":1502,"female_indian":0,"female_other":81}},{"type":"Feature","geometry":{"type":"Point","coordinates":[101.8528208,2.9282521]},"properties":{"dm_code":"09.BANDAR RINCHING SEKSYEN 1 - 4","dun_code":"N.24","dun_prefix":"24","code_parlimen":"P.101","total_voters":7632,"male":3691,"female":3941,"male_pct":48.4,"female_pct":51.6,"malay_pct":51.55,"chinese_pct":8.31,"indian_pct":35.46,"other_pct":4.68,"age_mean":39.44,"age_median":39.4,"contact_pct":77.79,"male_malay":1917,"male_chinese":343,"male_indian":1270,"male_other":161,"female_malay":2017,"female_chinese":291,"female_indian":1436,"female_other":197}},{"type":"Feature","geometry":{"type":"Point","coordinates":[101.7930748,3.0418032]},"properties":{"dm_code":"09.BANDAR SUNGAI LONG","dun_code":"N.25","dun_prefix":"25","code_parlimen":"P.102","total_voters":17534,"male":8575,"female":8959,"male_pct":48.9,"female_pct":51.1,"malay_pct":9.36,"chinese_pct":56.23,"indian_pct":5.28,"other_pct":29.13,"age_mean":41.56,"age_median":41.6,"contact_pct":78.12,"male_malay":827,"male_chinese":5084,"male_indian":460,"male_other":2204,"female_malay":814,"female_chinese":4775,"female_indian":465,"female_other":2905}},{"type":"Feature","geometry":{"type":"Point","coordinates":[101.4285801,3.146388]},"properties":{"dm_code":"09.BATU 10 KAPAR","dun_code":"N.42","dun_prefix":"42","code_parlimen":"P.109","total_voters":6052,"male":2880,"female":3172,"male_pct":47.6,"female_pct":52.4,"malay_pct":24.09,"chinese_pct":17.27,"indian_pct":57.39,"other_pct":1.25,"age_mean":41.81,"age_median":41.8,"contact_pct":74.79,"male_malay":728,"male_chinese":516,"male_indian":1605,"male_other":31,"female_malay":730,"female_chinese":529,"female_indian":1868,"female_other":45}},{"type":"Feature","geometry":{"type":"Point","coordinates":[101.6136559,3.0196945]},"properties":{"dm_code":"09.BATU 12 PUCHONG","dun_code":"N.30","dun_prefix":"30","code_parlimen":"P.104","total_voters":4811,"male":2372,"female":2439,"male_pct":49.3,"female_pct":50.7,"malay_pct":35.27,"chinese_pct":34.5,"indian_pct":20.2,"other_pct":10.03,"age_mean":41.73,"age_median":41.7,"contact_pct":77.39,"male_malay":866,"male_chinese":849,"male_indian":444,"male_other":213,"female_malay":831,"female_chinese":811,"female_indian":528,"female_other":269}},{"type":"Feature","geometry":{"type":"Point","coordinates":[101.768762,3.0713702]},"properties":{"dm_code":"09.BATU 9 CHERAS","dun_code":"N.23","dun_prefix":"23","code_parlimen":"P.101","total_voters":3913,"male":1979,"female":1934,"male_pct":50.6,"female_pct":49.4,"malay_pct":19.01,"chinese_pct":51.9,"indian_pct":3.76,"other_pct":25.33,"age_mean":50.31,"age_median":50.3,"contact_pct":79.84,"male_malay":381,"male_chinese":1073,"male_indian":74,"male_other":451,"female_malay":363,"female_chinese":958,"female_indian":73,"female_other":540}},{"type":"Feature","geometry":{"type":"Point","coordinates":[100.8282277,3.7883099]},"properties":{"dm_code":"09.BETING KEPAH","dun_code":"N.01","dun_prefix":"01","code_parlimen":"P.092","total_voters":1071,"male":541,"female":530,"male_pct":50.5,"female_pct":49.5,"malay_pct":80.11,"chinese_pct":19.79,"indian_pct":0,"other_pct":0.1,"age_mean":44.81,"age_median":44.8,"contact_pct":76.19,"male_malay":422,"male_chinese":119,"male_indian":0,"male_other":0,"female_malay":436,"female_chinese":93,"female_indian":0,"female_other":1}},{"type":"Feature","geometry":{"type":"Point","coordinates":[101.398171,3.162504]},"properties":{"dm_code":"09.BUKIT KERAYONG","dun_code":"N.12","dun_prefix":"12","code_parlimen":"P.096","total_voters":1953,"male":987,"female":966,"male_pct":50.5,"female_pct":49.5,"malay_pct":98.52,"chinese_pct":0.36,"indian_pct":1.13,"other_pct":0,"age_mean":42.38,"age_median":42.4,"contact_pct":74.76,"male_malay":974,"male_chinese":4,"male_indian":9,"male_other":0,"female_malay":950,"female_chinese":3,"female_indian":13,"female_other":0}},{"type":"Feature","geometry":{"type":"Point","coordinates":[101.5078347,3.6799713]},"properties":{"dm_code":"09.CHANGKAT ASA","dun_code":"N.05","dun_prefix":"05","code_parlimen":"P.094","total_voters":535,"male":255,"female":280,"male_pct":47.7,"female_pct":52.3,"malay_pct":10.09,"chinese_pct":3.93,"indian_pct":85.79,"other_pct":0.19,"age_mean":52.74,"age_median":52.7,"contact_pct":76.26,"male_malay":27,"male_chinese":14,"male_indian":214,"male_other":0,"female_malay":27,"female_chinese":7,"female_indian":245,"female_other":1}},{"type":"Feature","geometry":{"type":"Point","coordinates":[101.7585389,3.0221]},"properties":{"dm_code":"09.CHERAS JAYA","dun_code":"N.27","dun_prefix":"27","code_parlimen":"P.102","total_voters":9345,"male":4644,"female":4701,"male_pct":49.7,"female_pct":50.3,"malay_pct":70.55,"chinese_pct":13.14,"indian_pct":8.88,"other_pct":7.43,"age_mean":38.59,"age_median":38.6,"contact_pct":82.92,"male_malay":3304,"male_chinese":620,"male_indian":399,"male_other":321,"female_malay":3289,"female_chinese":608,"female_indian":431,"female_other":373}},{"type":"Feature","geometry":{"type":"Point","coordinates":[101.4984569,2.875778]},"properties":{"dm_code":"09.JENJARUM","dun_code":"N.52","dun_prefix":"52","code_parlimen":"P.112","total_voters":6542,"male":3201,"female":3341,"male_pct":48.9,"female_pct":51.1,"malay_pct":33.77,"chinese_pct":45.11,"indian_pct":19.5,"other_pct":1.62,"age_mean":40.63,"age_median":40.6,"contact_pct":74.89,"male_malay":1120,"male_chinese":1463,"male_indian":573,"male_other":45,"female_malay":1089,"female_chinese":1488,"female_indian":703,"female_other":61}},{"type":"Feature","geometry":{"type":"Point","coordinates":[101.080831,3.725615]},"properties":{"dm_code":"09.KAMPUNG BAGAN TERAP","dun_code":"N.02","dun_prefix":"02","code_parlimen":"P.092","total_voters":2154,"male":1037,"female":1117,"male_pct":48.1,"female_pct":51.9,"malay_pct":97.35,"chinese_pct":0.79,"indian_pct":1.86,"other_pct":0,"age_mean":43.21,"age_median":43.2,"contact_pct":74,"male_malay":1010,"male_chinese":11,"male_indian":16,"male_other":0,"female_malay":1087,"female_chinese":6,"female_indian":24,"female_other":0}},{"type":"Feature","geometry":{"type":"Point","coordinates":[101.76264,3.138623]},"properties":{"dm_code":"09.KAMPUNG BAHARU AMPANG 2","dun_code":"N.19","dun_prefix":"19","code_parlimen":"P.099","total_voters":2715,"male":1342,"female":1373,"male_pct":49.4,"female_pct":50.6,"malay_pct":9.47,"chinese_pct":88.99,"indian_pct":0.63,"other_pct":0.91,"age_mean":50.44,"age_median":50.4,"contact_pct":88.29,"male_malay":103,"male_chinese":1210,"male_indian":11,"male_other":18,"female_malay":154,"female_chinese":1206,"female_indian":6,"female_other":7}},{"type":"Feature","geometry":{"type":"Point","coordinates":[101.5221221,3.1292909]},"properties":{"dm_code":"09.KAMPUNG BAHARU SUBANG","dun_code":"N.39","dun_prefix":"39","code_parlimen":"P.107","total_voters":3715,"male":1944,"female":1771,"male_pct":52.3,"female_pct":47.7,"malay_pct":11.6,"chinese_pct":74.67,"indian_pct":6.33,"other_pct":7.4,"age_mean":51.47,"age_median":51.5,"contact_pct":80.62,"male_malay":263,"male_chinese":1436,"male_indian":113,"male_other":132,"female_malay":168,"female_chinese":1338,"female_indian":122,"female_other":143}},{"type":"Feature","geometry":{"type":"Point","coordinates":[101.243013,3.4394054]},"properties":{"dm_code":"09.KAMPUNG BAHARU TIRAM BURUK","dun_code":"N.09","dun_prefix":"09","code_parlimen":"P.095","total_voters":921,"male":496,"female":425,"male_pct":53.9,"female_pct":46.1,"malay_pct":8.14,"chinese_pct":90.34,"indian_pct":1.41,"other_pct":0.11,"age_mean":53.32,"age_median":53.3,"contact_pct":87.19,"male_malay":33,"male_chinese":456,"male_indian":6,"male_other":1,"female_malay":42,"female_chinese":376,"female_indian":7,"female_other":0}},{"type":"Feature","geometry":{"type":"Point","coordinates":[101.738147,2.9570295]},"properties":{"dm_code":"09.KAMPUNG DATO ABU BAKAR BAGINDA","dun_code":"N.55","dun_prefix":"55","code_parlimen":"P.113","total_voters":3709,"male":1872,"female":1837,"male_pct":50.5,"female_pct":49.5,"malay_pct":92.94,"chinese_pct":0.46,"indian_pct":6.26,"other_pct":0.34,"age_mean":40.81,"age_median":40.8,"contact_pct":75.03,"male_malay":1736,"male_chinese":12,"male_indian":113,"male_other":11,"female_malay":1711,"female_chinese":5,"female_indian":119,"female_other":2}},{"type":"Feature","geometry":{"type":"Point","coordinates":[101.619835,3.307083]},"properties":{"dm_code":"09.KANCHING","dun_code":"N.14","dun_prefix":"14","code_parlimen":"P.097","total_voters":7588,"male":3703,"female":3885,"male_pct":48.8,"female_pct":51.2,"malay_pct":61.62,"chinese_pct":20.28,"indian_pct":17.99,"other_pct":0.11,"age_mean":39.82,"age_median":39.8,"contact_pct":75.4,"male_malay":2281,"male_chinese":783,"male_indian":635,"male_other":4,"female_malay":2395,"female_chinese":756,"female_indian":730,"female_other":4}},{"type":"Feature","geometry":{"type":"Point","coordinates":[101.4436451,2.751226]},"properties":{"dm_code":"09.KANCHONG TENGAH","dun_code":"N.53","dun_prefix":"53","code_parlimen":"P.112","total_voters":1201,"male":582,"female":619,"male_pct":48.5,"female_pct":51.5,"malay_pct":97.75,"chinese_pct":1.67,"indian_pct":0.25,"other_pct":0.33,"age_mean":40.41,"age_median":40.4,"contact_pct":68.61,"male_malay":569,"male_chinese":11,"male_indian":1,"male_other":1,"female_malay":605,"female_chinese":9,"female_indian":2,"female_other":3}},{"type":"Feature","geometry":{"type":"Point","coordinates":[101.387237,3.090799]},"properties":{"dm_code":"09.KAPAR","dun_code":"N.43","dun_prefix":"43","code_parlimen":"P.109","total_voters":697,"male":329,"female":368,"male_pct":47.2,"female_pct":52.8,"malay_pct":7.03,"chinese_pct":19.37,"indian_pct":72.45,"other_pct":1.15,"age_mean":56.59,"age_median":56.6,"contact_pct":80.77,"male_malay":27,"male_chinese":62,"male_indian":237,"male_other":3,"female_malay":22,"female_chinese":73,"female_indian":268,"female_other":5}},{"type":"Feature","geometry":{"type":"Point","coordinates":[101.5336422,3.0021103]},"properties":{"dm_code":"09.KOTA KEMUNING JALAN 31/1 - 31/80","dun_code":"N.50","dun_prefix":"50","code_parlimen":"P.111","total_voters":8223,"male":4032,"female":4191,"male_pct":49,"female_pct":51,"malay_pct":25.98,"chinese_pct":60.65,"indian_pct":9.53,"other_pct":3.84,"age_mean":41.39,"age_median":41.4,"contact_pct":77.54,"male_malay":1059,"male_chinese":2477,"male_indian":364,"male_other":132,"female_malay":1077,"female_chinese":2510,"female_indian":420,"female_other":184}},{"type":"Feature","geometry":{"type":"Point","coordinates":[101.4008854,3.2580839]},"properties":{"dm_code":"09.LADANG BUKIT IJOK","dun_code":"N.11","dun_prefix":"11","code_parlimen":"P.096","total_voters":99,"male":40,"female":59,"male_pct":40.4,"female_pct":59.6,"malay_pct":0,"chinese_pct":1.01,"indian_pct":98.99,"other_pct":0,"age_mean":56.23,"age_median":56.2,"contact_pct":78.79,"male_malay":0,"male_chinese":1,"male_indian":39,"male_other":0,"female_malay":0,"female_chinese":0,"female_indian":59,"female_other":0}},{"type":"Feature","geometry":{"type":"Point","coordinates":[101.4453422,2.9458799]},"properties":{"dm_code":"09.LADANG CAREY TIMUR","dun_code":"N.51","dun_prefix":"51","code_parlimen":"P.112","total_voters":673,"male":314,"female":359,"male_pct":46.7,"female_pct":53.3,"malay_pct":18.72,"chinese_pct":1.78,"indian_pct":78.16,"other_pct":1.34,"age_mean":49.37,"age_median":49.4,"contact_pct":73.25,"male_malay":62,"male_chinese":7,"male_indian":239,"male_other":6,"female_malay":64,"female_chinese":5,"female_indian":287,"female_other":3}},{"type":"Feature","geometry":{"type":"Point","coordinates":[101.4972437,3.5134622]},"properties":{"dm_code":"09.LADANG NIGEL GARDNER","dun_code":"N.06","dun_prefix":"06","code_parlimen":"P.094","total_voters":787,"male":386,"female":401,"male_pct":49,"female_pct":51,"malay_pct":32.27,"chinese_pct":8.64,"indian_pct":59.09,"other_pct":0,"age_mean":50.51,"age_median":50.5,"contact_pct":73.7,"male_malay":146,"male_chinese":28,"male_indian":212,"male_other":0,"female_malay":108,"female_chinese":40,"female_indian":253,"female_other":0}},{"type":"Feature","geometry":{"type":"Point","coordinates":[101.7277939,3.1425906]},"properties":{"dm_code":"09.LORONG BERSIH KAMPUNG PANDAN","dun_code":"N.21","dun_prefix":"21","code_parlimen":"P.100","total_voters":3181,"male":1634,"female":1547,"male_pct":51.4,"female_pct":48.6,"malay_pct":88.75,"chinese_pct":5.78,"indian_pct":1.95,"other_pct":3.52,"age_mean":40.37,"age_median":40.4,"contact_pct":82.33,"male_malay":1460,"male_chinese":95,"male_indian":24,"male_other":55,"female_malay":1363,"female_chinese":89,"female_indian":38,"female_other":57}},{"type":"Feature","geometry":{"type":"Point","coordinates":[101.5724357,3.2150783]},"properties":{"dm_code":"09.MATANG PAGAR","dun_code":"N.38","dun_prefix":"38","code_parlimen":"P.107","total_voters":7059,"male":3489,"female":3570,"male_pct":49.4,"female_pct":50.6,"malay_pct":44.4,"chinese_pct":41.2,"indian_pct":10.11,"other_pct":4.29,"age_mean":38.99,"age_median":39,"contact_pct":70.93,"male_malay":1556,"male_chinese":1462,"male_indian":328,"male_other":143,"female_malay":1578,"female_chinese":1446,"female_indian":386,"female_other":160}},{"type":"Feature","geometry":{"type":"Point","coordinates":[101.4255481,3.0028476]},"properties":{"dm_code":"09.PANDAMARAN JAYA JALAN 1-12","dun_code":"N.46","dun_prefix":"46","code_parlimen":"P.110","total_voters":3920,"male":1952,"female":1968,"male_pct":49.8,"female_pct":50.2,"malay_pct":58.29,"chinese_pct":28.47,"indian_pct":12.22,"other_pct":1.02,"age_mean":47.36,"age_median":47.4,"contact_pct":80.54,"male_malay":1129,"male_chinese":575,"male_indian":234,"male_other":14,"female_malay":1156,"female_chinese":541,"female_indian":245,"female_other":26}},{"type":"Feature","geometry":{"type":"Point","coordinates":[101.74167,3.119817]},"properties":{"dm_code":"09.PANDAN PERDANA BARAT","dun_code":"N.22","dun_prefix":"22","code_parlimen":"P.100","total_voters":6954,"male":3345,"female":3609,"male_pct":48.1,"female_pct":51.9,"malay_pct":12.86,"chinese_pct":56.74,"indian_pct":5.25,"other_pct":25.15,"age_mean":44.76,"age_median":44.8,"contact_pct":81.23,"male_malay":445,"male_chinese":2002,"male_indian":181,"male_other":717,"female_malay":449,"female_chinese":1944,"female_indian":184,"female_other":1032}},{"type":"Feature","geometry":{"type":"Point","coordinates":[101.5501147,3.2576943]},"properties":{"dm_code":"09.PENJARA SUNGAI BULOH","dun_code":"N.13","dun_prefix":"13","code_parlimen":"P.097","total_voters":816,"male":408,"female":408,"male_pct":50,"female_pct":50,"malay_pct":96.94,"chinese_pct":0.37,"indian_pct":2.7,"other_pct":0,"age_mean":38.31,"age_median":38.3,"contact_pct":68.75,"male_malay":398,"male_chinese":1,"male_indian":9,"male_other":0,"female_malay":393,"female_chinese":2,"female_indian":13,"female_other":0}},{"type":"Feature","geometry":{"type":"Point","coordinates":[101.6009728,3.0752795]},"properties":{"dm_code":"09.PJS 10/1 - PJS 10/16","dun_code":"N.32","dun_prefix":"32","code_parlimen":"P.105","total_voters":5356,"male":2571,"female":2785,"male_pct":48,"female_pct":52,"malay_pct":36.97,"chinese_pct":29.24,"indian_pct":30.56,"other_pct":3.23,"age_mean":46.72,"age_median":46.7,"contact_pct":82.77,"male_malay":980,"male_chinese":763,"male_indian":764,"male_other":64,"female_malay":1000,"female_chinese":803,"female_indian":873,"female_other":109}},{"type":"Feature","geometry":{"type":"Point","coordinates":[101.6291639,3.073822]},"properties":{"dm_code":"09.PJS 4","dun_code":"N.33","dun_prefix":"33","code_parlimen":"P.105","total_voters":5257,"male":2583,"female":2674,"male_pct":49.1,"female_pct":50.9,"malay_pct":78.12,"chinese_pct":0.59,"indian_pct":20.96,"other_pct":0.33,"age_mean":45.9,"age_median":45.9,"contact_pct":82.82,"male_malay":2047,"male_chinese":15,"male_indian":508,"male_other":13,"female_malay":2060,"female_chinese":16,"female_indian":594,"female_other":4}},{"type":"Feature","geometry":{"type":"Point","coordinates":[101.4162491,3.0147518]},"properties":{"dm_code":"09.RAJA LUMU","dun_code":"N.47","dun_prefix":"47","code_parlimen":"P.110","total_voters":2660,"male":1350,"female":1310,"male_pct":50.8,"female_pct":49.2,"malay_pct":8.57,"chinese_pct":74.59,"indian_pct":14.06,"other_pct":2.78,"age_mean":50.65,"age_median":50.6,"contact_pct":82.48,"male_malay":129,"male_chinese":1011,"male_indian":182,"male_other":28,"female_malay":99,"female_chinese":973,"female_indian":192,"female_other":46}},{"type":"Feature","geometry":{"type":"Point","coordinates":[101.1348419,3.4606548]},"properties":{"dm_code":"09.SAWAH SEMPADAN SELATAN","dun_code":"N.08","dun_prefix":"08","code_parlimen":"P.095","total_voters":1185,"male":587,"female":598,"male_pct":49.5,"female_pct":50.5,"malay_pct":99.83,"chinese_pct":0.17,"indian_pct":0,"other_pct":0,"age_mean":41.82,"age_median":41.8,"contact_pct":76.62,"male_malay":586,"male_chinese":1,"male_indian":0,"male_other":0,"female_malay":597,"female_chinese":1,"female_indian":0,"female_other":0}},{"type":"Feature","geometry":{"type":"Point","coordinates":[101.1050525,3.5054698]},"properties":{"dm_code":"09.SEKINCHAN TEMPATAN (SITE B)","dun_code":"N.04","dun_prefix":"04","code_parlimen":"P.093","total_voters":3027,"male":1540,"female":1487,"male_pct":50.9,"female_pct":49.1,"malay_pct":8.75,"chinese_pct":91.01,"indian_pct":0.07,"other_pct":0.17,"age_mean":50.25,"age_median":50.2,"contact_pct":85.3,"male_malay":131,"male_chinese":1406,"male_indian":1,"male_other":2,"female_malay":134,"female_chinese":1349,"female_indian":1,"female_other":3}},{"type":"Feature","geometry":{"type":"Point","coordinates":[101.7561398,2.975831]},"properties":{"dm_code":"09.SEKSYEN 5 BBB","dun_code":"N.26","dun_prefix":"26","code_parlimen":"P.102","total_voters":6117,"male":2968,"female":3149,"male_pct":48.5,"female_pct":51.5,"malay_pct":67.39,"chinese_pct":3.4,"indian_pct":27.58,"other_pct":1.63,"age_mean":40.15,"age_median":40.1,"contact_pct":82.59,"male_malay":2028,"male_chinese":98,"male_indian":798,"male_other":44,"female_malay":2094,"female_chinese":110,"female_indian":889,"female_other":56}},{"type":"Feature","geometry":{"type":"Point","coordinates":[101.7332428,3.0144366]},"properties":{"dm_code":"09.SERI KEMBANGAN 8","dun_code":"N.28","dun_prefix":"28","code_parlimen":"P.103","total_voters":956,"male":463,"female":493,"male_pct":48.4,"female_pct":51.6,"malay_pct":0.42,"chinese_pct":76.57,"indian_pct":0,"other_pct":23.01,"age_mean":55.39,"age_median":55.4,"contact_pct":79.29,"male_malay":1,"male_chinese":367,"male_indian":0,"male_other":95,"female_malay":3,"female_chinese":365,"female_indian":0,"female_other":125}},{"type":"Feature","geometry":{"type":"Point","coordinates":[101.546811,3.077519]},"properties":{"dm_code":"09.SHAH ALAM S 17 TIMUR","dun_code":"N.41","dun_prefix":"41","code_parlimen":"P.108","total_voters":5628,"male":2770,"female":2858,"male_pct":49.2,"female_pct":50.8,"malay_pct":81.24,"chinese_pct":5.49,"indian_pct":12.72,"other_pct":0.55,"age_mean":45.35,"age_median":45.4,"contact_pct":82.27,"male_malay":2243,"male_chinese":150,"male_indian":365,"male_other":12,"female_malay":2329,"female_chinese":159,"female_indian":351,"female_other":19}},{"type":"Feature","geometry":{"type":"Point","coordinates":[101.5393805,3.071242]},"properties":{"dm_code":"09.SHAH ALAM S 4 & S 5","dun_code":"N.40","dun_prefix":"40","code_parlimen":"P.108","total_voters":2807,"male":1387,"female":1420,"male_pct":49.4,"female_pct":50.6,"malay_pct":88.24,"chinese_pct":5.49,"indian_pct":5.2,"other_pct":1.07,"age_mean":48,"age_median":48,"contact_pct":84.22,"male_malay":1218,"male_chinese":76,"male_indian":75,"male_other":18,"female_malay":1259,"female_chinese":78,"female_indian":71,"female_other":12}},{"type":"Feature","geometry":{"type":"Point","coordinates":[101.6104999,3.1925945]},"properties":{"dm_code":"09.SRI DAMANSARA JALAN SD12","dun_code":"N.37","dun_prefix":"37","code_parlimen":"P.106","total_voters":1746,"male":835,"female":911,"male_pct":47.8,"female_pct":52.2,"malay_pct":72.22,"chinese_pct":20.1,"indian_pct":5.15,"other_pct":2.53,"age_mean":38.08,"age_median":38.1,"contact_pct":67.81,"male_malay":606,"male_chinese":168,"male_indian":43,"male_other":18,"female_malay":655,"female_chinese":183,"female_indian":47,"female_other":26}},{"type":"Feature","geometry":{"type":"Point","coordinates":[101.748172,3.173285]},"properties":{"dm_code":"09.SRI KERAMAT AU 2A","dun_code":"N.18","dun_prefix":"18","code_parlimen":"P.098","total_voters":4748,"male":2309,"female":2439,"male_pct":48.6,"female_pct":51.4,"malay_pct":99.37,"chinese_pct":0.42,"indian_pct":0.19,"other_pct":0.02,"age_mean":47.2,"age_median":47.2,"contact_pct":82.43,"male_malay":2303,"male_chinese":1,"male_indian":5,"male_other":0,"female_malay":2415,"female_chinese":19,"female_indian":4,"female_other":1}},{"type":"Feature","geometry":{"type":"Point","coordinates":[101.5248055,3.509247]},"properties":{"dm_code":"09.SRI MELATI","dun_code":"N.15","dun_prefix":"15","code_parlimen":"P.097","total_voters":2281,"male":1108,"female":1173,"male_pct":48.6,"female_pct":51.4,"malay_pct":22.62,"chinese_pct":61.64,"indian_pct":15.65,"other_pct":0.09,"age_mean":49.61,"age_median":49.6,"contact_pct":81.63,"male_malay":241,"male_chinese":688,"male_indian":179,"male_other":0,"female_malay":275,"female_chinese":718,"female_indian":178,"female_other":2}},{"type":"Feature","geometry":{"type":"Point","coordinates":[101.619162,3.101022]},"properties":{"dm_code":"09.SS 3 TIMUR","dun_code":"N.35","dun_prefix":"35","code_parlimen":"P.106","total_voters":3938,"male":1858,"female":2080,"male_pct":47.2,"female_pct":52.8,"malay_pct":8.51,"chinese_pct":67.45,"indian_pct":16.91,"other_pct":7.13,"age_mean":55.88,"age_median":55.9,"contact_pct":73.95,"male_malay":161,"male_chinese":1232,"male_indian":332,"male_other":133,"female_malay":174,"female_chinese":1424,"female_indian":334,"female_other":148}},{"type":"Feature","geometry":{"type":"Point","coordinates":[101.6092609,3.107318]},"properties":{"dm_code":"09.SS 4","dun_code":"N.36","dun_prefix":"36","code_parlimen":"P.106","total_voters":6216,"male":2952,"female":3264,"male_pct":47.5,"female_pct":52.5,"malay_pct":29.97,"chinese_pct":53.07,"indian_pct":10.97,"other_pct":5.99,"age_mean":51.17,"age_median":51.2,"contact_pct":78.64,"male_malay":916,"male_chinese":1542,"male_indian":318,"male_other":176,"female_malay":947,"female_chinese":1757,"female_indian":364,"female_other":196}},{"type":"Feature","geometry":{"type":"Point","coordinates":[101.6240774,3.3989751]},"properties":{"dm_code":"09.SUNGAI GAPI","dun_code":"N.07","dun_prefix":"07","code_parlimen":"P.094","total_voters":747,"male":357,"female":390,"male_pct":47.8,"female_pct":52.2,"malay_pct":55.82,"chinese_pct":5.22,"indian_pct":38.96,"other_pct":0,"age_mean":46.87,"age_median":46.9,"contact_pct":68.94,"male_malay":212,"male_chinese":25,"male_indian":120,"male_other":0,"female_malay":205,"female_chinese":14,"female_indian":171,"female_other":0}},{"type":"Feature","geometry":{"type":"Point","coordinates":[101.0289899,3.638966]},"properties":{"dm_code":"09.SUNGAI HAJI DORANI","dun_code":"N.03","dun_prefix":"03","code_parlimen":"P.093","total_voters":2970,"male":1463,"female":1507,"male_pct":49.3,"female_pct":50.7,"malay_pct":95.29,"chinese_pct":4.48,"indian_pct":0.24,"other_pct":0,"age_mean":43.77,"age_median":43.8,"contact_pct":76.23,"male_malay":1387,"male_chinese":73,"male_indian":3,"male_other":0,"female_malay":1443,"female_chinese":60,"female_indian":4,"female_other":0}},{"type":"Feature","geometry":{"type":"Point","coordinates":[101.71481,2.641609]},"properties":{"dm_code":"09.SUNGAI PELEK TIGA","dun_code":"N.56","dun_prefix":"56","code_parlimen":"P.113","total_voters":1361,"male":683,"female":678,"male_pct":50.2,"female_pct":49.8,"malay_pct":12.27,"chinese_pct":76.56,"indian_pct":9.04,"other_pct":2.13,"age_mean":51.46,"age_median":51.5,"contact_pct":80.97,"male_malay":83,"male_chinese":522,"male_indian":68,"male_other":10,"female_malay":84,"female_chinese":520,"female_indian":55,"female_other":19}},{"type":"Feature","geometry":{"type":"Point","coordinates":[101.6753823,3.2523311]},"properties":{"dm_code":"09.TAMAN BATU CAVES","dun_code":"N.16","dun_prefix":"16","code_parlimen":"P.098","total_voters":3973,"male":1960,"female":2013,"male_pct":49.3,"female_pct":50.7,"malay_pct":78.03,"chinese_pct":3.27,"indian_pct":18.68,"other_pct":0.02,"age_mean":44.3,"age_median":44.3,"contact_pct":79.76,"male_malay":1517,"male_chinese":66,"male_indian":376,"male_other":1,"female_malay":1583,"female_chinese":64,"female_indian":366,"female_other":0}},{"type":"Feature","geometry":{"type":"Point","coordinates":[101.4644394,3.0575131]},"properties":{"dm_code":"09.TAMAN BERKELEY","dun_code":"N.45","dun_prefix":"45","code_parlimen":"P.110","total_voters":4509,"male":2232,"female":2277,"male_pct":49.5,"female_pct":50.5,"malay_pct":2.06,"chinese_pct":87.38,"indian_pct":7.39,"other_pct":3.17,"age_mean":53.86,"age_median":53.9,"contact_pct":78.29,"male_malay":45,"male_chinese":1965,"male_indian":165,"male_other":57,"female_malay":48,"female_chinese":1975,"female_indian":168,"female_other":86}},{"type":"Feature","geometry":{"type":"Point","coordinates":[101.7010699,3.227871]},"properties":{"dm_code":"09.TAMAN GOMBAK","dun_code":"N.17","dun_prefix":"17","code_parlimen":"P.098","total_voters":5459,"male":2703,"female":2756,"male_pct":49.5,"female_pct":50.5,"malay_pct":83.97,"chinese_pct":6.65,"indian_pct":9.31,"other_pct":0.07,"age_mean":43.54,"age_median":43.5,"contact_pct":79.76,"male_malay":2306,"male_chinese":176,"male_indian":221,"male_other":0,"female_malay":2278,"female_chinese":187,"female_indian":287,"female_other":4}},{"type":"Feature","geometry":{"type":"Point","coordinates":[101.6502329,3.1044946]},"properties":{"dm_code":"09.TAMAN JAYA","dun_code":"N.34","dun_prefix":"34","code_parlimen":"P.105","total_voters":1393,"male":660,"female":733,"male_pct":47.4,"female_pct":52.6,"malay_pct":8.4,"chinese_pct":63.39,"indian_pct":20.6,"other_pct":7.61,"age_mean":56.93,"age_median":56.9,"contact_pct":72.43,"male_malay":52,"male_chinese":434,"male_indian":130,"male_other":44,"female_malay":65,"female_chinese":449,"female_indian":157,"female_other":62}},{"type":"Feature","geometry":{"type":"Point","coordinates":[101.4742958,3.025722]},"properties":{"dm_code":"09.TAMAN MAZNAH","dun_code":"N.48","dun_prefix":"48","code_parlimen":"P.111","total_voters":16509,"male":8029,"female":8480,"male_pct":48.6,"female_pct":51.4,"malay_pct":26.42,"chinese_pct":30.61,"indian_pct":41.07,"other_pct":1.9,"age_mean":38.47,"age_median":38.5,"contact_pct":72.72,"male_malay":2143,"male_chinese":2553,"male_indian":3194,"male_other":139,"female_malay":2219,"female_chinese":2500,"female_indian":3586,"female_other":175}},{"type":"Feature","geometry":{"type":"Point","coordinates":[101.675232,2.988316]},"properties":{"dm_code":"09.TAMAN PINGGIRAN PUTRA","dun_code":"N.29","dun_prefix":"29","code_parlimen":"P.103","total_voters":26156,"male":13118,"female":13038,"male_pct":50.2,"female_pct":49.8,"malay_pct":49.27,"chinese_pct":28.18,"indian_pct":8.59,"other_pct":13.96,"age_mean":37.11,"age_median":37.1,"contact_pct":69.53,"male_malay":6462,"male_chinese":3891,"male_indian":1113,"male_other":1652,"female_malay":6426,"female_chinese":3479,"female_indian":1133,"female_other":2000}},{"type":"Feature","geometry":{"type":"Point","coordinates":[101.4892188,3.037822]},"properties":{"dm_code":"09.TAMAN SERI ANDALAS 2","dun_code":"N.49","dun_prefix":"49","code_parlimen":"P.111","total_voters":4631,"male":2170,"female":2461,"male_pct":46.9,"female_pct":53.1,"malay_pct":57.05,"chinese_pct":17.64,"indian_pct":23.41,"other_pct":1.9,"age_mean":44.76,"age_median":44.8,"contact_pct":81.24,"male_malay":1224,"male_chinese":407,"male_indian":501,"male_other":38,"female_malay":1418,"female_chinese":410,"female_indian":583,"female_other":50}},{"type":"Feature","geometry":{"type":"Point","coordinates":[101.5576981,2.665308]},"properties":{"dm_code":"09.TANJONG SEPAT 6","dun_code":"N.54","dun_prefix":"54","code_parlimen":"P.113","total_voters":6272,"male":3133,"female":3139,"male_pct":50,"female_pct":50,"malay_pct":40.61,"chinese_pct":41.96,"indian_pct":13.84,"other_pct":3.59,"age_mean":39.49,"age_median":39.5,"contact_pct":71.41,"male_malay":1293,"male_chinese":1324,"male_indian":401,"male_other":115,"female_malay":1254,"female_chinese":1308,"female_indian":467,"female_other":110}},{"type":"Feature","geometry":{"type":"Point","coordinates":[101.5938428,3.0586337]},"properties":{"dm_code":"09.USJ 1","dun_code":"N.31","dun_prefix":"31","code_parlimen":"P.104","total_voters":8009,"male":3893,"female":4116,"male_pct":48.6,"female_pct":51.4,"malay_pct":39.57,"chinese_pct":36.46,"indian_pct":12.02,"other_pct":11.95,"age_mean":40.64,"age_median":40.6,"contact_pct":76.7,"male_malay":1556,"male_chinese":1480,"male_indian":455,"male_other":402,"female_malay":1613,"female_chinese":1440,"female_indian":508,"female_other":555}},{"type":"Feature","geometry":{"type":"Point","coordinates":[101.2452358,3.0195539]},"properties":{"dm_code":"10.BAGAN TEO CHEW","dun_code":"N.44","dun_prefix":"44","code_parlimen":"P.109","total_voters":1560,"male":833,"female":727,"male_pct":53.4,"female_pct":46.6,"malay_pct":0.32,"chinese_pct":96.35,"indian_pct":0.06,"other_pct":3.27,"age_mean":48.77,"age_median":48.8,"contact_pct":75.13,"male_malay":3,"male_chinese":812,"male_indian":0,"male_other":18,"female_malay":2,"female_chinese":691,"female_indian":1,"female_other":33}},{"type":"Feature","geometry":{"type":"Point","coordinates":[101.0463365,3.7488516]},"properties":{"dm_code":"10.BAGAN TERAP PARIT SEMBILAN","dun_code":"N.02","dun_prefix":"02","code_parlimen":"P.092","total_voters":1404,"male":682,"female":722,"male_pct":48.6,"female_pct":51.4,"malay_pct":99.79,"chinese_pct":0.21,"indian_pct":0,"other_pct":0,"age_mean":45.33,"age_median":45.3,"contact_pct":76.71,"male_malay":682,"male_chinese":0,"male_indian":0,"male_other":0,"female_malay":719,"female_chinese":3,"female_indian":0,"female_other":0}},{"type":"Feature","geometry":{"type":"Point","coordinates":[101.6372498,3.0732207]},"properties":{"dm_code":"10.BAIDURI","dun_code":"N.33","dun_prefix":"33","code_parlimen":"P.105","total_voters":5437,"male":2687,"female":2750,"male_pct":49.4,"female_pct":50.6,"malay_pct":51.68,"chinese_pct":22.38,"indian_pct":23.62,"other_pct":2.32,"age_mean":45.8,"age_median":45.8,"contact_pct":75.43,"male_malay":1379,"male_chinese":631,"male_indian":612,"male_other":65,"female_malay":1431,"female_chinese":586,"female_indian":672,"female_other":61}},{"type":"Feature","geometry":{"type":"Point","coordinates":[101.4689729,3.06158]},"properties":{"dm_code":"10.BANDAR BARU KLANG","dun_code":"N.45","dun_prefix":"45","code_parlimen":"P.110","total_voters":2074,"male":1025,"female":1049,"male_pct":49.4,"female_pct":50.6,"malay_pct":49.32,"chinese_pct":39.3,"indian_pct":8.73,"other_pct":2.65,"age_mean":39.69,"age_median":39.7,"contact_pct":75.27,"male_malay":496,"male_chinese":410,"male_indian":87,"male_other":32,"female_malay":527,"female_chinese":405,"female_indian":94,"female_other":23}},{"type":"Feature","geometry":{"type":"Point","coordinates":[101.6507048,3.259684]},"properties":{"dm_code":"10.BANDAR BARU SELAYANG SELATAN","dun_code":"N.15","dun_prefix":"15","code_parlimen":"P.097","total_voters":4601,"male":2290,"female":2311,"male_pct":49.8,"female_pct":50.2,"malay_pct":61.77,"chinese_pct":27.36,"indian_pct":10.76,"other_pct":0.11,"age_mean":43.64,"age_median":43.6,"contact_pct":84,"male_malay":1391,"male_chinese":634,"male_indian":261,"male_other":4,"female_malay":1451,"female_chinese":625,"female_indian":234,"female_other":1}},{"type":"Feature","geometry":{"type":"Point","coordinates":[101.8068548,2.877404]},"properties":{"dm_code":"10.BANDAR MAHKOTA","dun_code":"N.25","dun_prefix":"25","code_parlimen":"P.102","total_voters":13909,"male":6999,"female":6910,"male_pct":50.3,"female_pct":49.7,"malay_pct":24.47,"chinese_pct":45.24,"indian_pct":7.63,"other_pct":22.66,"age_mean":38.18,"age_median":38.2,"contact_pct":72.82,"male_malay":1707,"male_chinese":3328,"male_indian":499,"male_other":1465,"female_malay":1696,"female_chinese":2964,"female_indian":562,"female_other":1688}},{"type":"Feature","geometry":{"type":"Point","coordinates":[101.4926517,3.0040832]},"properties":{"dm_code":"10.BATU 4 JALAN KEBUN","dun_code":"N.48","dun_prefix":"48","code_parlimen":"P.111","total_voters":1419,"male":662,"female":757,"male_pct":46.7,"female_pct":53.3,"malay_pct":11.21,"chinese_pct":26.15,"indian_pct":61.52,"other_pct":1.12,"age_mean":51.03,"age_median":51,"contact_pct":78.58,"male_malay":85,"male_chinese":186,"male_indian":380,"male_other":11,"female_malay":74,"female_chinese":185,"female_indian":493,"female_other":5}},{"type":"Feature","geometry":{"type":"Point","coordinates":[101.6506818,3.0660359]},"properties":{"dm_code":"10.BATU 7 JALAN PUCHONG","dun_code":"N.30","dun_prefix":"30","code_parlimen":"P.104","total_voters":1407,"male":711,"female":696,"male_pct":50.5,"female_pct":49.5,"malay_pct":11.51,"chinese_pct":54.87,"indian_pct":17.91,"other_pct":15.71,"age_mean":54,"age_median":54,"contact_pct":80.95,"male_malay":87,"male_chinese":402,"male_indian":126,"male_other":96,"female_malay":75,"female_chinese":370,"female_indian":126,"female_other":125}},{"type":"Feature","geometry":{"type":"Point","coordinates":[101.7259312,3.2570513]},"properties":{"dm_code":"10.BATU 9 GOMBAK","dun_code":"N.17","dun_prefix":"17","code_parlimen":"P.098","total_voters":6843,"male":3393,"female":3450,"male_pct":49.6,"female_pct":50.4,"malay_pct":91.99,"chinese_pct":1.36,"indian_pct":6.62,"other_pct":0.03,"age_mean":39.86,"age_median":39.9,"contact_pct":72.04,"male_malay":3131,"male_chinese":36,"male_indian":225,"male_other":1,"female_malay":3164,"female_chinese":57,"female_indian":228,"female_other":1}},{"type":"Feature","geometry":{"type":"Point","coordinates":[101.4631504,3.0335758]},"properties":{"dm_code":"10.BUKIT JATI","dun_code":"N.49","dun_prefix":"49","code_parlimen":"P.111","total_voters":3302,"male":1649,"female":1653,"male_pct":49.9,"female_pct":50.1,"malay_pct":67.87,"chinese_pct":15.84,"indian_pct":15.23,"other_pct":1.06,"age_mean":44.47,"age_median":44.5,"contact_pct":79.38,"male_malay":1136,"male_chinese":257,"male_indian":242,"male_other":14,"female_malay":1105,"female_chinese":266,"female_indian":261,"female_other":21}},{"type":"Feature","geometry":{"type":"Point","coordinates":[101.387237,3.090799]},"properties":{"dm_code":"10.BUKIT KAPAR UTARA","dun_code":"N.43","dun_prefix":"43","code_parlimen":"P.109","total_voters":4088,"male":2082,"female":2006,"male_pct":50.9,"female_pct":49.1,"malay_pct":95.84,"chinese_pct":0.88,"indian_pct":3.2,"other_pct":0.08,"age_mean":43.36,"age_median":43.4,"contact_pct":75.86,"male_malay":1996,"male_chinese":22,"male_indian":62,"male_other":2,"female_malay":1922,"female_chinese":14,"female_indian":69,"female_other":1}},{"type":"Feature","geometry":{"type":"Point","coordinates":[101.5289392,2.990497]},"properties":{"dm_code":"10.BUKIT RIMAU","dun_code":"N.50","dun_prefix":"50","code_parlimen":"P.111","total_voters":7992,"male":3964,"female":4028,"male_pct":49.6,"female_pct":50.4,"malay_pct":30.03,"chinese_pct":51.8,"indian_pct":14.79,"other_pct":3.38,"age_mean":39.15,"age_median":39.1,"contact_pct":77.25,"male_malay":1227,"male_chinese":2044,"male_indian":571,"male_other":122,"female_malay":1173,"female_chinese":2096,"female_indian":611,"female_other":148}},{"type":"Feature","geometry":{"type":"Point","coordinates":[101.6338053,3.4966343]},"properties":{"dm_code":"10.JALAN KUALA KALI","dun_code":"N.06","dun_prefix":"06","code_parlimen":"P.094","total_voters":3965,"male":1942,"female":2023,"male_pct":49,"female_pct":51,"malay_pct":44.29,"chinese_pct":27.67,"indian_pct":27.94,"other_pct":0.1,"age_mean":40.77,"age_median":40.8,"contact_pct":71.53,"male_malay":858,"male_chinese":571,"male_indian":512,"male_other":1,"female_malay":898,"female_chinese":526,"female_indian":596,"female_other":3}},{"type":"Feature","geometry":{"type":"Point","coordinates":[101.5206563,2.8949651]},"properties":{"dm_code":"10.JENJARUM TEMPATAN PERTAMA","dun_code":"N.52","dun_prefix":"52","code_parlimen":"P.112","total_voters":1371,"male":664,"female":707,"male_pct":48.4,"female_pct":51.6,"malay_pct":3.57,"chinese_pct":91.61,"indian_pct":2.48,"other_pct":2.34,"age_mean":51.5,"age_median":51.5,"contact_pct":80.96,"male_malay":22,"male_chinese":615,"male_indian":16,"male_other":11,"female_malay":27,"female_chinese":641,"female_indian":18,"female_other":21}},{"type":"Feature","geometry":{"type":"Point","coordinates":[101.313133,3.1920222]},"properties":{"dm_code":"10.JERAM PANTAI","dun_code":"N.12","dun_prefix":"12","code_parlimen":"P.096","total_voters":777,"male":391,"female":386,"male_pct":50.3,"female_pct":49.7,"malay_pct":85.46,"chinese_pct":12.48,"indian_pct":1.93,"other_pct":0.13,"age_mean":45.45,"age_median":45.5,"contact_pct":78.38,"male_malay":330,"male_chinese":51,"male_indian":10,"male_other":0,"female_malay":334,"female_chinese":46,"female_indian":5,"female_other":1}},{"type":"Feature","geometry":{"type":"Point","coordinates":[101.74977,3.11156]},"properties":{"dm_code":"10.KAMPUNG CHERAS BAHARU BARAT","dun_code":"N.22","dun_prefix":"22","code_parlimen":"P.100","total_voters":2884,"male":1405,"female":1479,"male_pct":48.7,"female_pct":51.3,"malay_pct":68.17,"chinese_pct":21.05,"indian_pct":3.5,"other_pct":7.28,"age_mean":47.79,"age_median":47.8,"contact_pct":79.26,"male_malay":944,"male_chinese":327,"male_indian":50,"male_other":84,"female_malay":1022,"female_chinese":280,"female_indian":51,"female_other":126}},{"type":"Feature","geometry":{"type":"Point","coordinates":[101.5155708,3.6727167]},"properties":{"dm_code":"10.KAMPUNG HULU BERNAM","dun_code":"N.05","dun_prefix":"05","code_parlimen":"P.094","total_voters":5622,"male":2761,"female":2861,"male_pct":49.1,"female_pct":50.9,"malay_pct":62.75,"chinese_pct":19.71,"indian_pct":17.5,"other_pct":0.04,"age_mean":44.22,"age_median":44.2,"contact_pct":75.08,"male_malay":1699,"male_chinese":578,"male_indian":483,"male_other":1,"female_malay":1829,"female_chinese":530,"female_indian":501,"female_other":1}},{"type":"Feature","geometry":{"type":"Point","coordinates":[101.6832409,2.854647]},"properties":{"dm_code":"10.KAMPUNG SRI TANJUNG","dun_code":"N.19","dun_prefix":"19","code_parlimen":"P.099","total_voters":1864,"male":918,"female":946,"male_pct":49.2,"female_pct":50.8,"malay_pct":97.53,"chinese_pct":1.23,"indian_pct":0.97,"other_pct":0.27,"age_mean":45.38,"age_median":45.4,"contact_pct":81.6,"male_malay":896,"male_chinese":10,"male_indian":11,"male_other":1,"female_malay":922,"female_chinese":13,"female_indian":7,"female_other":4}},{"type":"Feature","geometry":{"type":"Point","coordinates":[101.767775,3.069149]},"properties":{"dm_code":"10.KAMPUNG SUNGAI RAYA","dun_code":"N.23","dun_prefix":"23","code_parlimen":"P.101","total_voters":3017,"male":1528,"female":1489,"male_pct":50.6,"female_pct":49.4,"malay_pct":86.87,"chinese_pct":6.4,"indian_pct":2.88,"other_pct":3.85,"age_mean":43.45,"age_median":43.5,"contact_pct":77.76,"male_malay":1332,"male_chinese":113,"male_indian":36,"male_other":47,"female_malay":1289,"female_chinese":80,"female_indian":51,"female_other":69}},{"type":"Feature","geometry":{"type":"Point","coordinates":[100.864872,3.788441]},"properties":{"dm_code":"10.KAMPUNG TELUK RHU","dun_code":"N.01","dun_prefix":"01","code_parlimen":"P.092","total_voters":757,"male":345,"female":412,"male_pct":45.6,"female_pct":54.4,"malay_pct":96.3,"chinese_pct":3.43,"indian_pct":0.26,"other_pct":0.01,"age_mean":45.98,"age_median":46,"contact_pct":82.69,"male_malay":331,"male_chinese":13,"male_indian":1,"male_other":0,"female_malay":398,"female_chinese":13,"female_indian":1,"female_other":0}},{"type":"Feature","geometry":{"type":"Point","coordinates":[101.6441932,3.0924713]},"properties":{"dm_code":"10.KAWASAN ASSUNTA CONVENT","dun_code":"N.34","dun_prefix":"34","code_parlimen":"P.105","total_voters":2372,"male":1083,"female":1289,"male_pct":45.7,"female_pct":54.3,"malay_pct":17.24,"chinese_pct":51.81,"indian_pct":21.08,"other_pct":9.87,"age_mean":54.69,"age_median":54.7,"contact_pct":69.06,"male_malay":195,"male_chinese":556,"male_indian":216,"male_other":116,"female_malay":214,"female_chinese":673,"female_indian":284,"female_other":118}},{"type":"Feature","geometry":{"type":"Point","coordinates":[101.7380654,3.176642]},"properties":{"dm_code":"10.KERAMAT AU 1","dun_code":"N.18","dun_prefix":"18","code_parlimen":"P.098","total_voters":7102,"male":3478,"female":3624,"male_pct":49,"female_pct":51,"malay_pct":95.37,"chinese_pct":3.49,"indian_pct":1.1,"other_pct":0.04,"age_mean":42.23,"age_median":42.2,"contact_pct":80.99,"male_malay":3320,"male_chinese":121,"male_indian":35,"male_other":2,"female_malay":3453,"female_chinese":127,"female_indian":43,"female_other":1}},{"type":"Feature","geometry":{"type":"Point","coordinates":[101.1040768,3.5050709]},"properties":{"dm_code":"10.KIAN SIT","dun_code":"N.04","dun_prefix":"04","code_parlimen":"P.093","total_voters":2091,"male":1097,"female":994,"male_pct":52.5,"female_pct":47.5,"malay_pct":54.52,"chinese_pct":40.41,"indian_pct":5.02,"other_pct":0.05,"age_mean":43.13,"age_median":43.1,"contact_pct":79.01,"male_malay":599,"male_chinese":445,"male_indian":53,"male_other":0,"female_malay":541,"female_chinese":400,"female_indian":52,"female_other":1}},{"type":"Feature","geometry":{"type":"Point","coordinates":[101.5751941,3.171135]},"properties":{"dm_code":"10.KOTA DAMANSARA SEKSYEN 7","dun_code":"N.39","dun_prefix":"39","code_parlimen":"P.107","total_voters":6992,"male":3466,"female":3526,"male_pct":49.6,"female_pct":50.4,"malay_pct":79.52,"chinese_pct":5.96,"indian_pct":13.56,"other_pct":0.96,"age_mean":40.46,"age_median":40.5,"contact_pct":78.23,"male_malay":2767,"male_chinese":228,"male_indian":440,"male_other":31,"female_malay":2793,"female_chinese":189,"female_indian":508,"female_other":36}},{"type":"Feature","geometry":{"type":"Point","coordinates":[101.5232554,3.1955186]},"properties":{"dm_code":"10.KUBU GAJAH","dun_code":"N.38","dun_prefix":"38","code_parlimen":"P.107","total_voters":7029,"male":3524,"female":3505,"male_pct":50.1,"female_pct":49.9,"malay_pct":97.4,"chinese_pct":1.65,"indian_pct":0.33,"other_pct":0.62,"age_mean":38.72,"age_median":38.7,"contact_pct":71.57,"male_malay":3434,"male_chinese":61,"male_indian":10,"male_other":19,"female_malay":3412,"female_chinese":55,"female_indian":13,"female_other":25}},{"type":"Feature","geometry":{"type":"Point","coordinates":[101.5576981,2.665308]},"properties":{"dm_code":"10.KUNDANG","dun_code":"N.54","dun_prefix":"54","code_parlimen":"P.113","total_voters":2370,"male":1179,"female":1191,"male_pct":49.7,"female_pct":50.3,"malay_pct":98.23,"chinese_pct":1.27,"indian_pct":0.25,"other_pct":0.25,"age_mean":41.08,"age_median":41.1,"contact_pct":70.13,"male_malay":1158,"male_chinese":14,"male_indian":3,"male_other":4,"female_malay":1170,"female_chinese":16,"female_indian":3,"female_other":2}},{"type":"Feature","geometry":{"type":"Point","coordinates":[101.7820637,3.1409648]},"properties":{"dm_code":"10.LEMBAH JAYA SELATAN","dun_code":"N.20","dun_prefix":"20","code_parlimen":"P.099","total_voters":3503,"male":1766,"female":1737,"male_pct":50.4,"female_pct":49.6,"malay_pct":90.58,"chinese_pct":3.68,"indian_pct":5.48,"other_pct":0.26,"age_mean":45.07,"age_median":45.1,"contact_pct":81.02,"male_malay":1612,"male_chinese":69,"male_indian":82,"male_other":3,"female_malay":1561,"female_chinese":60,"female_indian":110,"female_other":6}},{"type":"Feature","geometry":{"type":"Point","coordinates":[101.4900181,3.049094]},"properties":{"dm_code":"10.PADANG JAWA","dun_code":"N.41","dun_prefix":"41","code_parlimen":"P.108","total_voters":7158,"male":3674,"female":3484,"male_pct":51.3,"female_pct":48.7,"malay_pct":88.84,"chinese_pct":0.95,"indian_pct":10,"other_pct":0.21,"age_mean":42.52,"age_median":42.5,"contact_pct":74.52,"male_malay":3282,"male_chinese":34,"male_indian":350,"male_other":8,"female_malay":3077,"female_chinese":34,"female_indian":366,"female_other":7}},{"type":"Feature","geometry":{"type":"Point","coordinates":[101.74671,3.13471]},"properties":{"dm_code":"10.PANDAN JAYA SELATAN","dun_code":"N.21","dun_prefix":"21","code_parlimen":"P.100","total_voters":7383,"male":3681,"female":3702,"male_pct":49.9,"female_pct":50.1,"malay_pct":44.62,"chinese_pct":28.8,"indian_pct":14.11,"other_pct":12.47,"age_mean":46.11,"age_median":46.1,"contact_pct":82.03,"male_malay":1656,"male_chinese":1127,"male_indian":492,"male_other":406,"female_malay":1638,"female_chinese":999,"female_indian":550,"female_other":515}},{"type":"Feature","geometry":{"type":"Point","coordinates":[101.374262,3.2806724]},"properties":{"dm_code":"10.PARIT MAHANG","dun_code":"N.11","dun_prefix":"11","code_parlimen":"P.096","total_voters":2757,"male":1344,"female":1413,"male_pct":48.7,"female_pct":51.3,"malay_pct":99.49,"chinese_pct":0.47,"indian_pct":0.04,"other_pct":0,"age_mean":39.58,"age_median":39.6,"contact_pct":72,"male_malay":1335,"male_chinese":8,"male_indian":1,"male_other":0,"female_malay":1408,"female_chinese":5,"female_indian":0,"female_other":0}},{"type":"Feature","geometry":{"type":"Point","coordinates":[101.0547222,3.6263889]},"properties":{"dm_code":"10.PARIT SERONG","dun_code":"N.09","dun_prefix":"09","code_parlimen":"P.095","total_voters":1274,"male":615,"female":659,"male_pct":48.3,"female_pct":51.7,"malay_pct":96.86,"chinese_pct":3.06,"indian_pct":0.08,"other_pct":0,"age_mean":44.81,"age_median":44.8,"contact_pct":81.32,"male_malay":588,"male_chinese":26,"male_indian":1,"male_other":0,"female_malay":646,"female_chinese":13,"female_indian":0,"female_other":0}},{"type":"Feature","geometry":{"type":"Point","coordinates":[101.6753823,3.2523311]},"properties":{"dm_code":"10.PEKAN BATU CAVES LAMA","dun_code":"N.16","dun_prefix":"16","code_parlimen":"P.098","total_voters":3586,"male":1814,"female":1772,"male_pct":50.6,"female_pct":49.4,"malay_pct":57.19,"chinese_pct":19.19,"indian_pct":23.37,"other_pct":0.25,"age_mean":42.45,"age_median":42.5,"contact_pct":81.01,"male_malay":1067,"male_chinese":363,"male_indian":377,"male_other":7,"female_malay":984,"female_chinese":325,"female_indian":461,"female_other":2}},{"type":"Feature","geometry":{"type":"Point","coordinates":[101.090695,3.729181]},"properties":{"dm_code":"10.PEKET ENAM PULUH","dun_code":"N.03","dun_prefix":"03","code_parlimen":"P.093","total_voters":1681,"male":834,"female":847,"male_pct":49.6,"female_pct":50.4,"malay_pct":99.94,"chinese_pct":0.06,"indian_pct":0,"other_pct":0,"age_mean":41.69,"age_median":41.7,"contact_pct":72.75,"male_malay":833,"male_chinese":1,"male_indian":0,"male_other":0,"female_malay":847,"female_chinese":0,"female_indian":0,"female_other":0}},{"type":"Feature","geometry":{"type":"Point","coordinates":[101.6218843,3.0844604]},"properties":{"dm_code":"10.RUMAH PANGSA SUNGAI WAY","dun_code":"N.32","dun_prefix":"32","code_parlimen":"P.105","total_voters":1282,"male":552,"female":730,"male_pct":43.1,"female_pct":56.9,"malay_pct":66.22,"chinese_pct":15.05,"indian_pct":16.69,"other_pct":2.04,"age_mean":51.16,"age_median":51.2,"contact_pct":83.23,"male_malay":344,"male_chinese":91,"male_indian":103,"male_other":14,"female_malay":505,"female_chinese":102,"female_indian":111,"female_other":12}},{"type":"Feature","geometry":{"type":"Point","coordinates":[101.6002812,3.1829965]},"properties":{"dm_code":"10.SAUJANA DAMANSARA PJU 10","dun_code":"N.37","dun_prefix":"37","code_parlimen":"P.106","total_voters":9296,"male":4480,"female":4816,"male_pct":48.2,"female_pct":51.8,"malay_pct":65.18,"chinese_pct":21.57,"indian_pct":10.64,"other_pct":2.61,"age_mean":36.51,"age_median":36.5,"contact_pct":67.05,"male_malay":2930,"male_chinese":964,"male_indian":465,"male_other":121,"female_malay":3129,"female_chinese":1041,"female_indian":524,"female_other":122}},{"type":"Feature","geometry":{"type":"Point","coordinates":[101.7561398,2.975831]},"properties":{"dm_code":"10.SEKSYEN 2 BBB","dun_code":"N.26","dun_prefix":"26","code_parlimen":"P.102","total_voters":3058,"male":1499,"female":1559,"male_pct":49,"female_pct":51,"malay_pct":95.72,"chinese_pct":0.75,"indian_pct":2.88,"other_pct":0.65,"age_mean":44.21,"age_median":44.2,"contact_pct":81.52,"male_malay":1446,"male_chinese":14,"male_indian":33,"male_other":6,"female_malay":1481,"female_chinese":9,"female_indian":55,"female_other":14}},{"type":"Feature","geometry":{"type":"Point","coordinates":[101.715534,3.010715]},"properties":{"dm_code":"10.SERDANG JAYA 2","dun_code":"N.29","dun_prefix":"29","code_parlimen":"P.103","total_voters":5943,"male":2969,"female":2974,"male_pct":50,"female_pct":50,"malay_pct":68.85,"chinese_pct":7.47,"indian_pct":20.43,"other_pct":3.25,"age_mean":44.07,"age_median":44.1,"contact_pct":79.86,"male_malay":2065,"male_chinese":232,"male_indian":589,"male_other":83,"female_malay":2027,"female_chinese":212,"female_indian":625,"female_other":110}},{"type":"Feature","geometry":{"type":"Point","coordinates":[101.7332428,3.0144366]},"properties":{"dm_code":"10.SERI KEMBANGAN 10","dun_code":"N.28","dun_prefix":"28","code_parlimen":"P.103","total_voters":897,"male":446,"female":451,"male_pct":49.7,"female_pct":50.3,"malay_pct":1.9,"chinese_pct":73.58,"indian_pct":0.67,"other_pct":23.85,"age_mean":57.37,"age_median":57.4,"contact_pct":80.04,"male_malay":7,"male_chinese":346,"male_indian":4,"male_other":89,"female_malay":10,"female_chinese":314,"female_indian":2,"female_other":125}},{"type":"Feature","geometry":{"type":"Point","coordinates":[101.8670607,2.8791923]},"properties":{"dm_code":"10.SESAPAN KELUBI","dun_code":"N.24","dun_prefix":"24","code_parlimen":"P.101","total_voters":907,"male":406,"female":501,"male_pct":44.8,"female_pct":55.2,"malay_pct":99.78,"chinese_pct":0,"indian_pct":0.11,"other_pct":0.11,"age_mean":43.22,"age_median":43.2,"contact_pct":89.86,"male_malay":404,"male_chinese":0,"male_indian":1,"male_other":1,"female_malay":501,"female_chinese":0,"female_indian":0,"female_other":0}},{"type":"Feature","geometry":{"type":"Point","coordinates":[101.5393805,3.071242]},"properties":{"dm_code":"10.SHAH ALAM S 10","dun_code":"N.40","dun_prefix":"40","code_parlimen":"P.108","total_voters":1776,"male":909,"female":867,"male_pct":51.2,"female_pct":48.8,"malay_pct":86.71,"chinese_pct":7.15,"indian_pct":5.46,"other_pct":0.68,"age_mean":47.94,"age_median":47.9,"contact_pct":84.52,"male_malay":794,"male_chinese":62,"male_indian":45,"male_other":8,"female_malay":746,"female_chinese":65,"female_indian":52,"female_other":4}},{"type":"Feature","geometry":{"type":"Point","coordinates":[101.4436451,2.751226]},"properties":{"dm_code":"10.SIMPANG MORIB","dun_code":"N.53","dun_prefix":"53","code_parlimen":"P.112","total_voters":1944,"male":920,"female":1024,"male_pct":47.3,"female_pct":52.7,"malay_pct":37.96,"chinese_pct":8.18,"indian_pct":52.93,"other_pct":0.93,"age_mean":42.35,"age_median":42.4,"contact_pct":72.79,"male_malay":344,"male_chinese":75,"male_indian":494,"male_other":7,"female_malay":394,"female_chinese":84,"female_indian":535,"female_other":11}},{"type":"Feature","geometry":{"type":"Point","coordinates":[101.6119073,3.1467185]},"properties":{"dm_code":"10.SS 21 SELATAN","dun_code":"N.36","dun_prefix":"36","code_parlimen":"P.106","total_voters":2866,"male":1452,"female":1414,"male_pct":50.7,"female_pct":49.3,"malay_pct":26.06,"chinese_pct":62.07,"indian_pct":5.23,"other_pct":6.64,"age_mean":53.28,"age_median":53.3,"contact_pct":72.82,"male_malay":423,"male_chinese":868,"male_indian":70,"male_other":91,"female_malay":324,"female_chinese":911,"female_indian":80,"female_other":99}},{"type":"Feature","geometry":{"type":"Point","coordinates":[101.3968244,2.9994]},"properties":{"dm_code":"10.SUNGAI AUR","dun_code":"N.47","dun_prefix":"47","code_parlimen":"P.110","total_voters":2408,"male":1206,"female":1202,"male_pct":50.1,"female_pct":49.9,"malay_pct":10.96,"chinese_pct":69.35,"indian_pct":17.77,"other_pct":1.92,"age_mean":52.69,"age_median":52.7,"contact_pct":79.73,"male_malay":157,"male_chinese":816,"male_indian":216,"male_other":17,"female_malay":107,"female_chinese":854,"female_indian":212,"female_other":29}},{"type":"Feature","geometry":{"type":"Point","coordinates":[101.4410127,3.1334027]},"properties":{"dm_code":"10.SUNGAI KAPAR INDAH","dun_code":"N.42","dun_prefix":"42","code_parlimen":"P.109","total_voters":9954,"male":5266,"female":4688,"male_pct":52.9,"female_pct":47.1,"malay_pct":49.62,"chinese_pct":27.46,"indian_pct":20.69,"other_pct":2.23,"age_mean":37,"age_median":37,"contact_pct":74.11,"male_malay":2724,"male_chinese":1439,"male_indian":993,"male_other":110,"female_malay":2215,"female_chinese":1294,"female_indian":1066,"female_other":113}},{"type":"Feature","geometry":{"type":"Point","coordinates":[101.7289541,2.910455]},"properties":{"dm_code":"10.SUNGAI MERAB","dun_code":"N.55","dun_prefix":"55","code_parlimen":"P.113","total_voters":8723,"male":4405,"female":4318,"male_pct":50.5,"female_pct":49.5,"malay_pct":99.22,"chinese_pct":0.29,"indian_pct":0.29,"other_pct":0.2,"age_mean":37.61,"age_median":37.6,"contact_pct":70.85,"male_malay":4361,"male_chinese":16,"male_indian":14,"male_other":14,"female_malay":4294,"female_chinese":9,"female_indian":11,"female_other":4}},{"type":"Feature","geometry":{"type":"Point","coordinates":[101.71481,2.641609]},"properties":{"dm_code":"10.SUNGAI PELEK DUA","dun_code":"N.56","dun_prefix":"56","code_parlimen":"P.113","total_voters":5247,"male":2680,"female":2567,"male_pct":51.1,"female_pct":48.9,"malay_pct":7.78,"chinese_pct":71.49,"indian_pct":17.9,"other_pct":2.83,"age_mean":48.32,"age_median":48.3,"contact_pct":81.19,"male_malay":199,"male_chinese":1941,"male_indian":478,"male_other":62,"female_malay":209,"female_chinese":1810,"female_indian":461,"female_other":87}},{"type":"Feature","geometry":{"type":"Point","coordinates":[101.1969898,3.4414055]},"properties":{"dm_code":"10.SUNGAI TENGI KANAN","dun_code":"N.08","dun_prefix":"08","code_parlimen":"P.095","total_voters":1635,"male":817,"female":818,"male_pct":50,"female_pct":50,"malay_pct":99.57,"chinese_pct":0.31,"indian_pct":0.12,"other_pct":0,"age_mean":45.93,"age_median":45.9,"contact_pct":80.31,"male_malay":812,"male_chinese":4,"male_indian":1,"male_other":0,"female_malay":816,"female_chinese":1,"female_indian":1,"female_other":0}},{"type":"Feature","geometry":{"type":"Point","coordinates":[101.6221541,3.0865677]},"properties":{"dm_code":"10.SUNGAI WAY UTARA","dun_code":"N.35","dun_prefix":"35","code_parlimen":"P.106","total_voters":3655,"male":1777,"female":1878,"male_pct":48.6,"female_pct":51.4,"malay_pct":20.6,"chinese_pct":66.98,"indian_pct":7.11,"other_pct":5.31,"age_mean":53.96,"age_median":54,"contact_pct":82,"male_malay":369,"male_chinese":1192,"male_indian":131,"male_other":85,"female_malay":384,"female_chinese":1256,"female_indian":129,"female_other":109}},{"type":"Feature","geometry":{"type":"Point","coordinates":[101.5806269,3.30774]},"properties":{"dm_code":"10.TAMAN BERSATU","dun_code":"N.14","dun_prefix":"14","code_parlimen":"P.097","total_voters":7620,"male":3846,"female":3774,"male_pct":50.5,"female_pct":49.5,"malay_pct":49.51,"chinese_pct":34.13,"indian_pct":16.23,"other_pct":0.13,"age_mean":39.48,"age_median":39.5,"contact_pct":77.59,"male_malay":1894,"male_chinese":1350,"male_indian":597,"male_other":5,"female_malay":1879,"female_chinese":1251,"female_indian":640,"female_other":4}},{"type":"Feature","geometry":{"type":"Point","coordinates":[101.5670171,3.370282]},"properties":{"dm_code":"10.TAMAN BUKIT TERATAI","dun_code":"N.07","dun_prefix":"07","code_parlimen":"P.094","total_voters":3521,"male":1685,"female":1836,"male_pct":47.9,"female_pct":52.1,"malay_pct":34.25,"chinese_pct":2.53,"indian_pct":63.11,"other_pct":0.11,"age_mean":42.72,"age_median":42.7,"contact_pct":74.38,"male_malay":606,"male_chinese":49,"male_indian":1029,"male_other":1,"female_malay":600,"female_chinese":40,"female_indian":1193,"female_other":3}},{"type":"Feature","geometry":{"type":"Point","coordinates":[101.7534949,3.065715]},"properties":{"dm_code":"10.TAMAN SURIA JAYA","dun_code":"N.27","dun_prefix":"27","code_parlimen":"P.102","total_voters":4173,"male":2094,"female":2079,"male_pct":50.2,"female_pct":49.8,"malay_pct":17.76,"chinese_pct":49.29,"indian_pct":7.62,"other_pct":25.33,"age_mean":42.32,"age_median":42.3,"contact_pct":79.13,"male_malay":386,"male_chinese":1062,"male_indian":153,"male_other":493,"female_malay":355,"female_chinese":995,"female_indian":165,"female_other":564}},{"type":"Feature","geometry":{"type":"Point","coordinates":[101.4453422,2.9458799]},"properties":{"dm_code":"10.TELUK 2","dun_code":"N.51","dun_prefix":"51","code_parlimen":"P.112","total_voters":4526,"male":2183,"female":2343,"male_pct":48.2,"female_pct":51.8,"malay_pct":51.15,"chinese_pct":14.49,"indian_pct":33.41,"other_pct":0.95,"age_mean":38.88,"age_median":38.9,"contact_pct":69.64,"male_malay":1112,"male_chinese":341,"male_indian":707,"male_other":23,"female_malay":1203,"female_chinese":315,"female_indian":805,"female_other":20}},{"type":"Feature","geometry":{"type":"Point","coordinates":[101.3772982,2.943901]},"properties":{"dm_code":"10.TELUK GONG SELATAN","dun_code":"N.46","dun_prefix":"46","code_parlimen":"P.110","total_voters":6743,"male":3462,"female":3281,"male_pct":51.3,"female_pct":48.7,"malay_pct":97.39,"chinese_pct":1.88,"indian_pct":0.28,"other_pct":0.45,"age_mean":40.45,"age_median":40.5,"contact_pct":74.57,"male_malay":3355,"male_chinese":73,"male_indian":11,"male_other":23,"female_malay":3212,"female_chinese":54,"female_indian":8,"female_other":7}},{"type":"Feature","geometry":{"type":"Point","coordinates":[101.2568749,3.329313]},"properties":{"dm_code":"10.TELUK PIAI","dun_code":"N.10","dun_prefix":"10","code_parlimen":"P.096","total_voters":3256,"male":1581,"female":1675,"male_pct":48.6,"female_pct":51.4,"malay_pct":67.84,"chinese_pct":7.22,"indian_pct":24.88,"other_pct":0.06,"age_mean":39.8,"age_median":39.8,"contact_pct":69.99,"male_malay":1077,"male_chinese":125,"male_indian":379,"male_other":0,"female_malay":1132,"female_chinese":110,"female_indian":431,"female_other":2}},{"type":"Feature","geometry":{"type":"Point","coordinates":[101.581766,3.0569506]},"properties":{"dm_code":"10.USJ 2/1-4","dun_code":"N.31","dun_prefix":"31","code_parlimen":"P.104","total_voters":5405,"male":2633,"female":2772,"male_pct":48.7,"female_pct":51.3,"malay_pct":31.19,"chinese_pct":44.94,"indian_pct":10.36,"other_pct":13.51,"age_mean":47.96,"age_median":48,"contact_pct":82.96,"male_malay":831,"male_chinese":1237,"male_indian":266,"male_other":299,"female_malay":855,"female_chinese":1192,"female_indian":294,"female_other":431}},{"type":"Feature","geometry":{"type":"Point","coordinates":[101.4273691,3.2329514]},"properties":{"dm_code":"11.BANDAR PUNCAK ALAM","dun_code":"N.12","dun_prefix":"12","code_parlimen":"P.096","total_voters":19166,"male":9407,"female":9759,"male_pct":49.1,"female_pct":50.9,"malay_pct":95.19,"chinese_pct":1.51,"indian_pct":3.29,"other_pct":0.01,"age_mean":36.06,"age_median":36.1,"contact_pct":76.43,"male_malay":8964,"male_chinese":140,"male_indian":303,"male_other":0,"female_malay":9280,"female_chinese":150,"female_indian":327,"female_other":2}},{"type":"Feature","geometry":{"type":"Point","coordinates":[101.5120191,2.811312]},"properties":{"dm_code":"11.BANTING JAYA","dun_code":"N.52","dun_prefix":"52","code_parlimen":"P.112","total_voters":2740,"male":1376,"female":1364,"male_pct":50.2,"female_pct":49.8,"malay_pct":17.63,"chinese_pct":55.55,"indian_pct":25.07,"other_pct":1.75,"age_mean":43.8,"age_median":43.8,"contact_pct":74.23,"male_malay":241,"male_chinese":788,"male_indian":325,"male_other":22,"female_malay":242,"female_chinese":734,"female_indian":362,"female_other":26}},{"type":"Feature","geometry":{"type":"Point","coordinates":[101.5926069,3.0209441]},"properties":{"dm_code":"11.BATU 13 PUCHONG","dun_code":"N.30","dun_prefix":"30","code_parlimen":"P.104","total_voters":5189,"male":2617,"female":2572,"male_pct":50.4,"female_pct":49.6,"malay_pct":26.61,"chinese_pct":31.68,"indian_pct":32.09,"other_pct":9.62,"age_mean":43.71,"age_median":43.7,"contact_pct":78.47,"male_malay":721,"male_chinese":854,"male_indian":818,"male_other":224,"female_malay":660,"female_chinese":790,"female_indian":847,"female_other":275}},{"type":"Feature","geometry":{"type":"Point","coordinates":[101.6753823,3.2523311]},"properties":{"dm_code":"11.BATU CAVES","dun_code":"N.16","dun_prefix":"16","code_parlimen":"P.098","total_voters":1824,"male":946,"female":878,"male_pct":51.9,"female_pct":48.1,"malay_pct":37.45,"chinese_pct":28.51,"indian_pct":33.83,"other_pct":0.21,"age_mean":45.99,"age_median":46,"contact_pct":80.87,"male_malay":364,"male_chinese":291,"male_indian":290,"male_other":1,"female_malay":319,"female_chinese":229,"female_indian":327,"female_other":3}},{"type":"Feature","geometry":{"type":"Point","coordinates":[101.5127475,2.6810134]},"properties":{"dm_code":"11.BATU LAUT","dun_code":"N.54","dun_prefix":"54","code_parlimen":"P.113","total_voters":3855,"male":1921,"female":1934,"male_pct":49.8,"female_pct":50.2,"malay_pct":74.76,"chinese_pct":8.33,"indian_pct":16.5,"other_pct":0.41,"age_mean":46.12,"age_median":46.1,"contact_pct":76.08,"male_malay":1442,"male_chinese":176,"male_indian":292,"male_other":11,"female_malay":1440,"female_chinese":145,"female_indian":344,"female_other":5}},{"type":"Feature","geometry":{"type":"Point","coordinates":[101.4564306,3.2350633]},"properties":{"dm_code":"11.BUKIT CHERAKAH","dun_code":"N.11","dun_prefix":"11","code_parlimen":"P.096","total_voters":3702,"male":1889,"female":1813,"male_pct":51,"female_pct":49,"malay_pct":98.35,"chinese_pct":0.7,"indian_pct":0.95,"other_pct":0,"age_mean":40.92,"age_median":40.9,"contact_pct":70.42,"male_malay":1852,"male_chinese":16,"male_indian":21,"male_other":0,"female_malay":1789,"female_chinese":10,"female_indian":14,"female_other":0}},{"type":"Feature","geometry":{"type":"Point","coordinates":[101.387237,3.090799]},"properties":{"dm_code":"11.BUKIT KAPAR SELATAN","dun_code":"N.43","dun_prefix":"43","code_parlimen":"P.109","total_voters":8724,"male":4337,"female":4387,"male_pct":49.7,"female_pct":50.3,"malay_pct":98.15,"chinese_pct":0.77,"indian_pct":0.92,"other_pct":0.16,"age_mean":38.32,"age_median":38.3,"contact_pct":72.88,"male_malay":4258,"male_chinese":34,"male_indian":39,"male_other":6,"female_malay":4305,"female_chinese":33,"female_indian":41,"female_other":8}},{"type":"Feature","geometry":{"type":"Point","coordinates":[101.2481651,3.341172]},"properties":{"dm_code":"11.BUKIT KUCHING","dun_code":"N.10","dun_prefix":"10","code_parlimen":"P.096","total_voters":4808,"male":2387,"female":2421,"male_pct":49.6,"female_pct":50.4,"malay_pct":99.15,"chinese_pct":0.46,"indian_pct":0.37,"other_pct":0.02,"age_mean":40.84,"age_median":40.8,"contact_pct":72.92,"male_malay":2368,"male_chinese":10,"male_indian":8,"male_other":1,"female_malay":2399,"female_chinese":12,"female_indian":10,"female_other":0}},{"type":"Feature","geometry":{"type":"Point","coordinates":[101.4666667,3.05]},"properties":{"dm_code":"11.BUKIT KUDA","dun_code":"N.45","dun_prefix":"45","code_parlimen":"P.110","total_voters":4930,"male":2435,"female":2495,"male_pct":49.4,"female_pct":50.6,"malay_pct":29.21,"chinese_pct":56.69,"indian_pct":11.76,"other_pct":2.34,"age_mean":46.71,"age_median":46.7,"contact_pct":78.22,"male_malay":715,"male_chinese":1385,"male_indian":290,"male_other":45,"female_malay":725,"female_chinese":1410,"female_indian":290,"female_other":70}},{"type":"Feature","geometry":{"type":"Point","coordinates":[101.6184025,3.1284193]},"properties":{"dm_code":"11.DAMANSARA JAYA SELATAN","dun_code":"N.36","dun_prefix":"36","code_parlimen":"P.106","total_voters":3375,"male":1645,"female":1730,"male_pct":48.7,"female_pct":51.3,"malay_pct":14.34,"chinese_pct":76.33,"indian_pct":2.37,"other_pct":6.96,"age_mean":52.06,"age_median":52.1,"contact_pct":74.9,"male_malay":232,"male_chinese":1270,"male_indian":43,"male_other":100,"female_malay":252,"female_chinese":1306,"female_indian":37,"female_other":135}},{"type":"Feature","geometry":{"type":"Point","coordinates":[101.721523,2.916119]},"properties":{"dm_code":"11.DESA PUTRA","dun_code":"N.55","dun_prefix":"55","code_parlimen":"P.113","total_voters":1988,"male":988,"female":1000,"male_pct":49.7,"female_pct":50.3,"malay_pct":99.4,"chinese_pct":0.35,"indian_pct":0.05,"other_pct":0.2,"age_mean":42.25,"age_median":42.2,"contact_pct":77.06,"male_malay":980,"male_chinese":3,"male_indian":1,"male_other":4,"female_malay":996,"female_chinese":4,"female_indian":0,"female_other":0}},{"type":"Feature","geometry":{"type":"Point","coordinates":[101.6545201,3.5608697]},"properties":{"dm_code":"11.KAMPUNG BAHARU RASA","dun_code":"N.06","dun_prefix":"06","code_parlimen":"P.094","total_voters":1616,"male":855,"female":761,"male_pct":52.9,"female_pct":47.1,"malay_pct":6,"chinese_pct":87.31,"indian_pct":6.62,"other_pct":0.07,"age_mean":52.81,"age_median":52.8,"contact_pct":77.41,"male_malay":48,"male_chinese":754,"male_indian":53,"male_other":0,"female_malay":49,"female_chinese":657,"female_indian":54,"female_other":1}},{"type":"Feature","geometry":{"type":"Point","coordinates":[101.5677177,3.1905294]},"properties":{"dm_code":"11.KAMPUNG BAHARU SUNGAI BULOH DEWAN","dun_code":"N.39","dun_prefix":"39","code_parlimen":"P.107","total_voters":2793,"male":1379,"female":1414,"male_pct":49.4,"female_pct":50.6,"malay_pct":12.17,"chinese_pct":63.12,"indian_pct":19.05,"other_pct":5.66,"age_mean":45.45,"age_median":45.5,"contact_pct":78.59,"male_malay":178,"male_chinese":895,"male_indian":237,"male_other":69,"female_malay":162,"female_chinese":868,"female_indian":295,"female_other":89}},{"type":"Feature","geometry":{"type":"Point","coordinates":[101.6507048,3.259684]},"properties":{"dm_code":"11.KAMPUNG BENDAHARA","dun_code":"N.15","dun_prefix":"15","code_parlimen":"P.097","total_voters":8233,"male":4053,"female":4180,"male_pct":49.2,"female_pct":50.8,"malay_pct":74.38,"chinese_pct":7.65,"indian_pct":17.87,"other_pct":0.1,"age_mean":36.66,"age_median":36.7,"contact_pct":72.68,"male_malay":3087,"male_chinese":304,"male_indian":658,"male_other":4,"female_malay":3037,"female_chinese":326,"female_indian":813,"female_other":4}},{"type":"Feature","geometry":{"type":"Point","coordinates":[101.7110433,3.2290224]},"properties":{"dm_code":"11.KAMPUNG TENGAH LEMBAH JAYA","dun_code":"N.20","dun_prefix":"20","code_parlimen":"P.099","total_voters":1465,"male":688,"female":777,"male_pct":47,"female_pct":53,"malay_pct":93.79,"chinese_pct":1.57,"indian_pct":4.57,"other_pct":0.07,"age_mean":45.82,"age_median":45.8,"contact_pct":76.31,"male_malay":642,"male_chinese":12,"male_indian":33,"male_other":1,"female_malay":732,"female_chinese":11,"female_indian":34,"female_other":0}},{"type":"Feature","geometry":{"type":"Point","coordinates":[101.6540669,3.100449]},"properties":{"dm_code":"11.KAWASAN BANDAR BAHARU","dun_code":"N.34","dun_prefix":"34","code_parlimen":"P.105","total_voters":2266,"male":1466,"female":800,"male_pct":64.7,"female_pct":35.3,"malay_pct":54.5,"chinese_pct":32.92,"indian_pct":7.02,"other_pct":5.56,"age_mean":49.86,"age_median":49.9,"contact_pct":71.89,"male_malay":920,"male_chinese":368,"male_indian":104,"male_other":74,"female_malay":315,"female_chinese":378,"female_indian":55,"female_other":52}},{"type":"Feature","geometry":{"type":"Point","coordinates":[101.7276507,3.1689298]},"properties":{"dm_code":"11.KERAMAT PANGSA","dun_code":"N.18","dun_prefix":"18","code_parlimen":"P.098","total_voters":2326,"male":1198,"female":1128,"male_pct":51.5,"female_pct":48.5,"malay_pct":99.48,"chinese_pct":0.39,"indian_pct":0.09,"other_pct":0.04,"age_mean":47.26,"age_median":47.3,"contact_pct":79.54,"male_malay":1192,"male_chinese":5,"male_indian":1,"male_other":0,"female_malay":1122,"female_chinese":4,"female_indian":1,"female_other":1}},{"type":"Feature","geometry":{"type":"Point","coordinates":[101.5421038,3.6707147]},"properties":{"dm_code":"11.LADANG ESCOT","dun_code":"N.05","dun_prefix":"05","code_parlimen":"P.094","total_voters":1300,"male":611,"female":689,"male_pct":47,"female_pct":53,"malay_pct":33.92,"chinese_pct":34.08,"indian_pct":31.85,"other_pct":0.15,"age_mean":45.73,"age_median":45.7,"contact_pct":80.08,"male_malay":207,"male_chinese":219,"male_indian":185,"male_other":0,"female_malay":234,"female_chinese":224,"female_indian":229,"female_other":2}},{"type":"Feature","geometry":{"type":"Point","coordinates":[101.4436451,2.751226]},"properties":{"dm_code":"11.MORIB","dun_code":"N.53","dun_prefix":"53","code_parlimen":"P.112","total_voters":2489,"male":1234,"female":1255,"male_pct":49.6,"female_pct":50.4,"malay_pct":66.01,"chinese_pct":10.49,"indian_pct":22.22,"other_pct":1.28,"age_mean":45.5,"age_median":45.5,"contact_pct":75.01,"male_malay":798,"male_chinese":152,"male_indian":268,"male_other":16,"female_malay":845,"female_chinese":109,"female_indian":285,"female_other":16}},{"type":"Feature","geometry":{"type":"Point","coordinates":[101.425911,2.9948667]},"properties":{"dm_code":"11.PANDAMARAN JAYA JALAN 13-100","dun_code":"N.46","dun_prefix":"46","code_parlimen":"P.110","total_voters":4531,"male":2274,"female":2257,"male_pct":50.2,"female_pct":49.8,"malay_pct":46.9,"chinese_pct":27.63,"indian_pct":24.32,"other_pct":1.15,"age_mean":44.41,"age_median":44.4,"contact_pct":78.46,"male_malay":1061,"male_chinese":655,"male_indian":528,"male_other":30,"female_malay":1064,"female_chinese":597,"female_indian":574,"female_other":22}},{"type":"Feature","geometry":{"type":"Point","coordinates":[101.6467298,3.0804234]},"properties":{"dm_code":"11.PETALING UTAMA","dun_code":"N.33","dun_prefix":"33","code_parlimen":"P.105","total_voters":1593,"male":752,"female":841,"male_pct":47.2,"female_pct":52.8,"malay_pct":43.94,"chinese_pct":22.72,"indian_pct":31.32,"other_pct":2.02,"age_mean":49.45,"age_median":49.5,"contact_pct":82.49,"male_malay":338,"male_chinese":178,"male_indian":224,"male_other":12,"female_malay":362,"female_chinese":184,"female_indian":275,"female_other":20}},{"type":"Feature","geometry":{"type":"Point","coordinates":[101.7662697,3.1921938]},"properties":{"dm_code":"11.PINGGIRAN UKAY","dun_code":"N.19","dun_prefix":"19","code_parlimen":"P.099","total_voters":1733,"male":852,"female":881,"male_pct":49.2,"female_pct":50.8,"malay_pct":65.61,"chinese_pct":27.52,"indian_pct":4.79,"other_pct":2.08,"age_mean":46.16,"age_median":46.2,"contact_pct":77.55,"male_malay":563,"male_chinese":228,"male_indian":46,"male_other":15,"female_malay":574,"female_chinese":249,"female_indian":37,"female_other":21}},{"type":"Feature","geometry":{"type":"Point","coordinates":[101.621313,3.0788664]},"properties":{"dm_code":"11.PJS 5/1 - PJS 5/12","dun_code":"N.32","dun_prefix":"32","code_parlimen":"P.105","total_voters":4697,"male":2263,"female":2434,"male_pct":48.2,"female_pct":51.8,"malay_pct":45.56,"chinese_pct":13.03,"indian_pct":39.45,"other_pct":1.96,"age_mean":40.49,"age_median":40.5,"contact_pct":82.03,"male_malay":1029,"male_chinese":311,"male_indian":877,"male_other":46,"female_malay":1111,"female_chinese":301,"female_indian":976,"female_other":46}},{"type":"Feature","geometry":{"type":"Point","coordinates":[101.715534,3.010715]},"properties":{"dm_code":"11.PUCHONG PERMAI","dun_code":"N.29","dun_prefix":"29","code_parlimen":"P.103","total_voters":13288,"male":6456,"female":6832,"male_pct":48.6,"female_pct":51.4,"malay_pct":65.22,"chinese_pct":14.46,"indian_pct":12.57,"other_pct":7.75,"age_mean":37.72,"age_median":37.7,"contact_pct":71.46,"male_malay":4212,"male_chinese":1013,"male_indian":811,"male_other":420,"female_malay":4454,"female_chinese":909,"female_indian":859,"female_other":610}},{"type":"Feature","geometry":{"type":"Point","coordinates":[101.1032892,3.5041472]},"properties":{"dm_code":"11.SEKINCHAN","dun_code":"N.04","dun_prefix":"04","code_parlimen":"P.093","total_voters":3612,"male":1803,"female":1809,"male_pct":49.9,"female_pct":50.1,"malay_pct":24.34,"chinese_pct":72.51,"indian_pct":2.96,"other_pct":0.19,"age_mean":43.86,"age_median":43.9,"contact_pct":82.81,"male_malay":416,"male_chinese":1335,"male_indian":51,"male_other":1,"female_malay":463,"female_chinese":1284,"female_indian":56,"female_other":6}},{"type":"Feature","geometry":{"type":"Point","coordinates":[101.7332428,3.0144366]},"properties":{"dm_code":"11.SERI KEMBANGAN 12","dun_code":"N.28","dun_prefix":"28","code_parlimen":"P.103","total_voters":636,"male":325,"female":311,"male_pct":51.1,"female_pct":48.9,"malay_pct":0.47,"chinese_pct":69.97,"indian_pct":0.79,"other_pct":28.77,"age_mean":56.39,"age_median":56.4,"contact_pct":80.35,"male_malay":2,"male_chinese":238,"male_indian":3,"male_other":82,"female_malay":1,"female_chinese":207,"female_indian":2,"female_other":101}},{"type":"Feature","geometry":{"type":"Point","coordinates":[101.8830642,2.8951124]},"properties":{"dm_code":"11.SESAPAN BATU","dun_code":"N.24","dun_prefix":"24","code_parlimen":"P.101","total_voters":1426,"male":703,"female":723,"male_pct":49.3,"female_pct":50.7,"malay_pct":99.37,"chinese_pct":0.21,"indian_pct":0.28,"other_pct":0.14,"age_mean":44.12,"age_median":44.1,"contact_pct":89.2,"male_malay":696,"male_chinese":3,"male_indian":3,"male_other":1,"female_malay":721,"female_chinese":0,"female_indian":1,"female_other":1}},{"type":"Feature","geometry":{"type":"Point","coordinates":[101.5393805,3.071242]},"properties":{"dm_code":"11.SHAH ALAM S 11, S12 & S 14","dun_code":"N.40","dun_prefix":"40","code_parlimen":"P.108","total_voters":5373,"male":2959,"female":2414,"male_pct":55.1,"female_pct":44.9,"malay_pct":88.01,"chinese_pct":6.66,"indian_pct":3.67,"other_pct":1.66,"age_mean":45.69,"age_median":45.7,"contact_pct":81.24,"male_malay":2613,"male_chinese":188,"male_indian":104,"male_other":54,"female_malay":2116,"female_chinese":170,"female_indian":93,"female_other":35}},{"type":"Feature","geometry":{"type":"Point","coordinates":[101.5349271,3.0054171]},"properties":{"dm_code":"11.SHAH ALAM S 27 B","dun_code":"N.50","dun_prefix":"50","code_parlimen":"P.111","total_voters":6855,"male":3448,"female":3407,"male_pct":50.3,"female_pct":49.7,"malay_pct":73.26,"chinese_pct":10.91,"indian_pct":14.69,"other_pct":1.14,"age_mean":38.26,"age_median":38.3,"contact_pct":73.27,"male_malay":2529,"male_chinese":389,"male_indian":495,"male_other":35,"female_malay":2493,"female_chinese":359,"female_indian":512,"female_other":43}},{"type":"Feature","geometry":{"type":"Point","coordinates":[100.8956516,3.8441266]},"properties":{"dm_code":"11.SIMPANG EMPAT","dun_code":"N.01","dun_prefix":"01","code_parlimen":"P.092","total_voters":2785,"male":1397,"female":1388,"male_pct":50.2,"female_pct":49.8,"malay_pct":72.32,"chinese_pct":27.61,"indian_pct":0.04,"other_pct":0.03,"age_mean":43.67,"age_median":43.7,"contact_pct":82.8,"male_malay":999,"male_chinese":397,"male_indian":1,"male_other":0,"female_malay":1015,"female_chinese":372,"female_indian":0,"female_other":1}},{"type":"Feature","geometry":{"type":"Point","coordinates":[101.0558311,3.619105]},"properties":{"dm_code":"11.SIMPANG LIMA","dun_code":"N.03","dun_prefix":"03","code_parlimen":"P.093","total_voters":1733,"male":846,"female":887,"male_pct":48.8,"female_pct":51.2,"malay_pct":99.65,"chinese_pct":0.35,"indian_pct":0,"other_pct":0,"age_mean":43.82,"age_median":43.8,"contact_pct":75.88,"male_malay":846,"male_chinese":0,"male_indian":0,"male_other":0,"female_malay":881,"female_chinese":6,"female_indian":0,"female_other":0}},{"type":"Feature","geometry":{"type":"Point","coordinates":[101.5472497,3.3706531]},"properties":{"dm_code":"11.SUNGAI BUAYA","dun_code":"N.07","dun_prefix":"07","code_parlimen":"P.094","total_voters":2287,"male":1145,"female":1142,"male_pct":50.1,"female_pct":49.9,"malay_pct":91.87,"chinese_pct":0.52,"indian_pct":7.52,"other_pct":0.09,"age_mean":46.14,"age_median":46.1,"contact_pct":79.32,"male_malay":1045,"male_chinese":5,"male_indian":94,"male_other":1,"female_malay":1056,"female_chinese":7,"female_indian":78,"female_other":1}},{"type":"Feature","geometry":{"type":"Point","coordinates":[101.4012703,2.8509727]},"properties":{"dm_code":"11.SUNGAI BUMBUN","dun_code":"N.51","dun_prefix":"51","code_parlimen":"P.112","total_voters":1364,"male":710,"female":654,"male_pct":52.1,"female_pct":47.9,"malay_pct":67.52,"chinese_pct":0.51,"indian_pct":14.81,"other_pct":17.16,"age_mean":39.03,"age_median":39,"contact_pct":54.18,"male_malay":467,"male_chinese":5,"male_indian":104,"male_other":134,"female_malay":454,"female_chinese":2,"female_indian":98,"female_other":100}},{"type":"Feature","geometry":{"type":"Point","coordinates":[101.2013819,3.4189546]},"properties":{"dm_code":"11.SUNGAI GULANG - GULANG","dun_code":"N.09","dun_prefix":"09","code_parlimen":"P.095","total_voters":3124,"male":1570,"female":1554,"male_pct":50.3,"female_pct":49.7,"malay_pct":74.87,"chinese_pct":23.69,"indian_pct":1.41,"other_pct":0.03,"age_mean":42.52,"age_median":42.5,"contact_pct":77.46,"male_malay":1165,"male_chinese":382,"male_indian":22,"male_other":1,"female_malay":1174,"female_chinese":358,"female_indian":22,"female_other":0}},{"type":"Feature","geometry":{"type":"Point","coordinates":[101.1720919,3.4187673]},"properties":{"dm_code":"11.SUNGAI KAJANG","dun_code":"N.08","dun_prefix":"08","code_parlimen":"P.095","total_voters":3980,"male":1879,"female":2101,"male_pct":47.2,"female_pct":52.8,"malay_pct":89.52,"chinese_pct":7.79,"indian_pct":2.66,"other_pct":0.03,"age_mean":43.03,"age_median":43,"contact_pct":79.55,"male_malay":1692,"male_chinese":138,"male_indian":49,"male_other":0,"female_malay":1871,"female_chinese":172,"female_indian":57,"female_other":1}},{"type":"Feature","geometry":{"type":"Point","coordinates":[101.71481,2.641609]},"properties":{"dm_code":"11.SUNGAI PELEK EMPAT","dun_code":"N.56","dun_prefix":"56","code_parlimen":"P.113","total_voters":3574,"male":1765,"female":1809,"male_pct":49.4,"female_pct":50.6,"malay_pct":23.67,"chinese_pct":43.37,"indian_pct":30.78,"other_pct":2.18,"age_mean":42.27,"age_median":42.3,"contact_pct":78.15,"male_malay":432,"male_chinese":812,"male_indian":485,"male_other":36,"female_malay":414,"female_chinese":738,"female_indian":615,"female_other":42}},{"type":"Feature","geometry":{"type":"Point","coordinates":[101.4860815,3.0578217]},"properties":{"dm_code":"11.SUNGAI RASAU","dun_code":"N.41","dun_prefix":"41","code_parlimen":"P.108","total_voters":1646,"male":828,"female":818,"male_pct":50.3,"female_pct":49.7,"malay_pct":43.5,"chinese_pct":27.64,"indian_pct":26.85,"other_pct":2.01,"age_mean":49.1,"age_median":49.1,"contact_pct":79.89,"male_malay":382,"male_chinese":220,"male_indian":213,"male_other":13,"female_malay":334,"female_chinese":235,"female_indian":229,"female_other":20}},{"type":"Feature","geometry":{"type":"Point","coordinates":[101.4383263,3.0491735]},"properties":{"dm_code":"11.SUNGAI UDANG SELATAN","dun_code":"N.44","dun_prefix":"44","code_parlimen":"P.109","total_voters":8324,"male":4110,"female":4214,"male_pct":49.4,"female_pct":50.6,"malay_pct":97.25,"chinese_pct":1.6,"indian_pct":0.9,"other_pct":0.25,"age_mean":42.14,"age_median":42.1,"contact_pct":75.01,"male_malay":4005,"male_chinese":63,"male_indian":36,"male_other":6,"female_malay":4090,"female_chinese":70,"female_indian":39,"female_other":15}},{"type":"Feature","geometry":{"type":"Point","coordinates":[101.6221541,3.0865677]},"properties":{"dm_code":"11.SUNGAI WAY TENGAH DUA","dun_code":"N.35","dun_prefix":"35","code_parlimen":"P.106","total_voters":1097,"male":538,"female":559,"male_pct":49,"female_pct":51,"malay_pct":15.22,"chinese_pct":73.02,"indian_pct":7.02,"other_pct":4.74,"age_mean":57.94,"age_median":57.9,"contact_pct":82.68,"male_malay":88,"male_chinese":384,"male_indian":38,"male_other":28,"female_malay":79,"female_chinese":417,"female_indian":39,"female_other":24}},{"type":"Feature","geometry":{"type":"Point","coordinates":[101.7447008,3.138254]},"properties":{"dm_code":"11.TAMAN BAKTI","dun_code":"N.21","dun_prefix":"21","code_parlimen":"P.100","total_voters":2010,"male":996,"female":1014,"male_pct":49.6,"female_pct":50.4,"malay_pct":71.19,"chinese_pct":16.77,"indian_pct":4.03,"other_pct":8.01,"age_mean":45.74,"age_median":45.7,"contact_pct":87.21,"male_malay":715,"male_chinese":170,"male_indian":39,"male_other":72,"female_malay":716,"female_chinese":167,"female_indian":42,"female_other":89}},{"type":"Feature","geometry":{"type":"Point","coordinates":[101.5852501,3.3382743]},"properties":{"dm_code":"11.TAMAN BUKIT RAWANG","dun_code":"N.14","dun_prefix":"14","code_parlimen":"P.097","total_voters":5647,"male":2764,"female":2883,"male_pct":48.9,"female_pct":51.1,"malay_pct":20.35,"chinese_pct":44.24,"indian_pct":35.22,"other_pct":0.19,"age_mean":41.04,"age_median":41,"contact_pct":77.24,"male_malay":538,"male_chinese":1267,"male_indian":955,"male_other":4,"female_malay":611,"female_chinese":1231,"female_indian":1034,"female_other":7}},{"type":"Feature","geometry":{"type":"Point","coordinates":[101.6263976,3.2207802]},"properties":{"dm_code":"11.TAMAN EHSAN JALAN 5","dun_code":"N.37","dun_prefix":"37","code_parlimen":"P.106","total_voters":3623,"male":1813,"female":1810,"male_pct":50,"female_pct":50,"malay_pct":40.24,"chinese_pct":42.7,"indian_pct":13.3,"other_pct":3.76,"age_mean":45.33,"age_median":45.3,"contact_pct":82.36,"male_malay":741,"male_chinese":779,"male_indian":228,"male_other":65,"female_malay":717,"female_chinese":768,"female_indian":254,"female_other":71}},{"type":"Feature","geometry":{"type":"Point","coordinates":[101.7126698,3.218961]},"properties":{"dm_code":"11.TAMAN KAMARIAH","dun_code":"N.17","dun_prefix":"17","code_parlimen":"P.098","total_voters":1528,"male":774,"female":754,"male_pct":50.7,"female_pct":49.3,"malay_pct":92.8,"chinese_pct":5.04,"indian_pct":2.09,"other_pct":0.07,"age_mean":43.73,"age_median":43.7,"contact_pct":78.93,"male_malay":729,"male_chinese":31,"male_indian":13,"male_other":1,"female_malay":689,"female_chinese":46,"female_indian":19,"female_other":0}},{"type":"Feature","geometry":{"type":"Point","coordinates":[101.3801,3.143465]},"properties":{"dm_code":"11.TAMAN KAPAR INDAH","dun_code":"N.42","dun_prefix":"42","code_parlimen":"P.109","total_voters":5012,"male":2400,"female":2612,"male_pct":47.9,"female_pct":52.1,"malay_pct":13.39,"chinese_pct":36.23,"indian_pct":48.74,"other_pct":1.64,"age_mean":38.52,"age_median":38.5,"contact_pct":74.44,"male_malay":327,"male_chinese":922,"male_indian":1123,"male_other":28,"female_malay":344,"female_chinese":894,"female_indian":1320,"female_other":54}},{"type":"Feature","geometry":{"type":"Point","coordinates":[101.4633562,3.021089]},"properties":{"dm_code":"11.TAMAN MENARA MAJU","dun_code":"N.48","dun_prefix":"48","code_parlimen":"P.111","total_voters":5164,"male":2513,"female":2651,"male_pct":48.7,"female_pct":51.3,"malay_pct":19.52,"chinese_pct":32.05,"indian_pct":46.3,"other_pct":2.13,"age_mean":39.72,"age_median":39.7,"contact_pct":75.62,"male_malay":491,"male_chinese":843,"male_indian":1131,"male_other":48,"female_malay":517,"female_chinese":812,"female_indian":1260,"female_other":62}},{"type":"Feature","geometry":{"type":"Point","coordinates":[101.75664,3.11992]},"properties":{"dm_code":"11.TAMAN MUDA BARAT","dun_code":"N.22","dun_prefix":"22","code_parlimen":"P.100","total_voters":7357,"male":3468,"female":3889,"male_pct":47.1,"female_pct":52.9,"malay_pct":19.45,"chinese_pct":53.05,"indian_pct":4.19,"other_pct":23.31,"age_mean":45.71,"age_median":45.7,"contact_pct":81.43,"male_malay":659,"male_chinese":1948,"male_indian":146,"male_other":715,"female_malay":772,"female_chinese":1955,"female_indian":162,"female_other":1000}},{"type":"Feature","geometry":{"type":"Point","coordinates":[101.7836219,3.034374]},"properties":{"dm_code":"11.TAMAN RAKAN","dun_code":"N.25","dun_prefix":"25","code_parlimen":"P.102","total_voters":2529,"male":1241,"female":1288,"male_pct":49.1,"female_pct":50.9,"malay_pct":50.14,"chinese_pct":28.75,"indian_pct":7.43,"other_pct":13.68,"age_mean":40.93,"age_median":40.9,"contact_pct":77.46,"male_malay":591,"male_chinese":407,"male_indian":90,"male_other":153,"female_malay":677,"female_chinese":320,"female_indian":98,"female_other":193}},{"type":"Feature","geometry":{"type":"Point","coordinates":[101.4893449,3.2082675]},"properties":{"dm_code":"11.TAMAN SAUJANA UTAMA","dun_code":"N.38","dun_prefix":"38","code_parlimen":"P.107","total_voters":17966,"male":8920,"female":9046,"male_pct":49.6,"female_pct":50.4,"malay_pct":92.37,"chinese_pct":1.69,"indian_pct":5.5,"other_pct":0.44,"age_mean":35.22,"age_median":35.2,"contact_pct":66.58,"male_malay":8263,"male_chinese":170,"male_indian":454,"male_other":33,"female_malay":8333,"female_chinese":133,"female_indian":535,"female_other":45}},{"type":"Feature","geometry":{"type":"Point","coordinates":[101.4892188,3.037822]},"properties":{"dm_code":"11.TAMAN SERI ANDALAS 3","dun_code":"N.49","dun_prefix":"49","code_parlimen":"P.111","total_voters":4218,"male":2084,"female":2134,"male_pct":49.4,"female_pct":50.6,"malay_pct":72.19,"chinese_pct":10.74,"indian_pct":15.65,"other_pct":1.42,"age_mean":44.45,"age_median":44.5,"contact_pct":78.83,"male_malay":1512,"male_chinese":227,"male_indian":305,"male_other":40,"female_malay":1533,"female_chinese":226,"female_indian":355,"female_other":20}},{"type":"Feature","geometry":{"type":"Point","coordinates":[101.751854,3.059517]},"properties":{"dm_code":"11.TAMAN SRI BAHAGIA","dun_code":"N.27","dun_prefix":"27","code_parlimen":"P.102","total_voters":7966,"male":3800,"female":4166,"male_pct":47.7,"female_pct":52.3,"malay_pct":33.63,"chinese_pct":41.58,"indian_pct":6.19,"other_pct":18.6,"age_mean":41.64,"age_median":41.6,"contact_pct":79.79,"male_malay":1267,"male_chinese":1683,"male_indian":228,"male_other":622,"female_malay":1412,"female_chinese":1629,"female_indian":265,"female_other":860}},{"type":"Feature","geometry":{"type":"Point","coordinates":[101.768661,3.074683]},"properties":{"dm_code":"11.TAMAN SUNTEX","dun_code":"N.23","dun_prefix":"23","code_parlimen":"P.101","total_voters":4405,"male":2143,"female":2262,"male_pct":48.6,"female_pct":51.4,"malay_pct":12.01,"chinese_pct":51.65,"indian_pct":9.47,"other_pct":26.87,"age_mean":44.88,"age_median":44.9,"contact_pct":74.42,"male_malay":243,"male_chinese":1191,"male_indian":192,"male_other":517,"female_malay":286,"female_chinese":1084,"female_indian":225,"female_other":667}},{"type":"Feature","geometry":{"type":"Point","coordinates":[100.9821165,3.7677994]},"properties":{"dm_code":"11.TEBUK KENCHONG","dun_code":"N.02","dun_prefix":"02","code_parlimen":"P.092","total_voters":1656,"male":824,"female":832,"male_pct":49.8,"female_pct":50.2,"malay_pct":99.88,"chinese_pct":0.12,"indian_pct":0,"other_pct":0,"age_mean":43.22,"age_median":43.2,"contact_pct":79.05,"male_malay":824,"male_chinese":0,"male_indian":0,"male_other":0,"female_malay":830,"female_chinese":2,"female_indian":0,"female_other":0}},{"type":"Feature","geometry":{"type":"Point","coordinates":[101.4321537,3.040865600000001]},"properties":{"dm_code":"11.TELUK PULAI UTARA","dun_code":"N.47","dun_prefix":"47","code_parlimen":"P.110","total_voters":2854,"male":1368,"female":1486,"male_pct":47.9,"female_pct":52.1,"malay_pct":16.54,"chinese_pct":45.73,"indian_pct":35.18,"other_pct":2.55,"age_mean":52.27,"age_median":52.3,"contact_pct":76.31,"male_malay":223,"male_chinese":646,"male_indian":466,"male_other":33,"female_malay":249,"female_chinese":659,"female_indian":538,"female_other":40}},{"type":"Feature","geometry":{"type":"Point","coordinates":[101.7800927,2.9289681]},"properties":{"dm_code":"11.UNIVERSITI KEBANGSAAN MALAYSIA","dun_code":"N.26","dun_prefix":"26","code_parlimen":"P.102","total_voters":4985,"male":2530,"female":2455,"male_pct":50.8,"female_pct":49.2,"malay_pct":96.19,"chinese_pct":1.32,"indian_pct":1.77,"other_pct":0.72,"age_mean":36.36,"age_median":36.4,"contact_pct":73.56,"male_malay":2436,"male_chinese":31,"male_indian":51,"male_other":12,"female_malay":2359,"female_chinese":35,"female_indian":37,"female_other":24}},{"type":"Feature","geometry":{"type":"Point","coordinates":[101.5713079,3.053918]},"properties":{"dm_code":"11.USJ 3","dun_code":"N.31","dun_prefix":"31","code_parlimen":"P.104","total_voters":7509,"male":3586,"female":3923,"male_pct":47.8,"female_pct":52.2,"malay_pct":26.85,"chinese_pct":47.72,"indian_pct":10.32,"other_pct":15.11,"age_mean":46.05,"age_median":46,"contact_pct":82.39,"male_malay":960,"male_chinese":1772,"male_indian":388,"male_other":466,"female_malay":1056,"female_chinese":1811,"female_indian":387,"female_other":669}},{"type":"Feature","geometry":{"type":"Point","coordinates":[101.5336422,3.0021103]},"properties":{"dm_code":"12.APARTMENT S 28","dun_code":"N.50","dun_prefix":"50","code_parlimen":"P.111","total_voters":2792,"male":1357,"female":1435,"male_pct":48.6,"female_pct":51.4,"malay_pct":62.29,"chinese_pct":10.24,"indian_pct":26.4,"other_pct":1.07,"age_mean":43.71,"age_median":43.7,"contact_pct":72.92,"male_malay":883,"male_chinese":139,"male_indian":321,"male_other":14,"female_malay":856,"female_chinese":147,"female_indian":416,"female_other":16}},{"type":"Feature","geometry":{"type":"Point","coordinates":[101.7350479,3.0037289]},"properties":{"dm_code":"12.BALAKONG JAYA","dun_code":"N.27","dun_prefix":"27","code_parlimen":"P.102","total_voters":4676,"male":2300,"female":2376,"male_pct":49.2,"female_pct":50.8,"malay_pct":28.76,"chinese_pct":28.19,"indian_pct":29.68,"other_pct":13.37,"age_mean":39.86,"age_median":39.9,"contact_pct":72.26,"male_malay":684,"male_chinese":684,"male_indian":644,"male_other":288,"female_malay":661,"female_chinese":634,"female_indian":744,"female_other":337}},{"type":"Feature","geometry":{"type":"Point","coordinates":[101.7378428,2.8127755]},"properties":{"dm_code":"12.BANDAR BARU SALAK TINGGI","dun_code":"N.56","dun_prefix":"56","code_parlimen":"P.113","total_voters":5836,"male":3017,"female":2819,"male_pct":51.7,"female_pct":48.3,"malay_pct":66.96,"chinese_pct":7.16,"indian_pct":24.49,"other_pct":1.39,"age_mean":40.06,"age_median":40.1,"contact_pct":72.16,"male_malay":2075,"male_chinese":219,"male_indian":680,"male_other":43,"female_malay":1833,"female_chinese":199,"female_indian":749,"female_other":38}},{"type":"Feature","geometry":{"type":"Point","coordinates":[101.4291318,3.0139681]},"properties":{"dm_code":"12.BANDAR BUKIT TINGGI 2","dun_code":"N.48","dun_prefix":"48","code_parlimen":"P.111","total_voters":8627,"male":4227,"female":4400,"male_pct":49,"female_pct":51,"malay_pct":29.82,"chinese_pct":48.34,"indian_pct":18.93,"other_pct":2.91,"age_mean":36.83,"age_median":36.8,"contact_pct":72.89,"male_malay":1299,"male_chinese":2071,"male_indian":757,"male_other":100,"female_malay":1274,"female_chinese":2099,"female_indian":876,"female_other":151}},{"type":"Feature","geometry":{"type":"Point","coordinates":[101.6437693,3.0530005]},"properties":{"dm_code":"12.BANDAR KINRARA SEKSYEN 1","dun_code":"N.30","dun_prefix":"30","code_parlimen":"P.104","total_voters":2418,"male":1258,"female":1160,"male_pct":52,"female_pct":48,"malay_pct":38.46,"chinese_pct":19.27,"indian_pct":36.27,"other_pct":6,"age_mean":48.48,"age_median":48.5,"contact_pct":77.92,"male_malay":520,"male_chinese":221,"male_indian":443,"male_other":74,"female_malay":410,"female_chinese":245,"female_indian":434,"female_other":71}},{"type":"Feature","geometry":{"type":"Point","coordinates":[101.6133428,3.1450258]},"properties":{"dm_code":"12.BANDAR UTAMA BU 1 & BU 2","dun_code":"N.36","dun_prefix":"36","code_parlimen":"P.106","total_voters":3571,"male":1691,"female":1880,"male_pct":47.4,"female_pct":52.6,"malay_pct":14.09,"chinese_pct":75.64,"indian_pct":3.92,"other_pct":6.35,"age_mean":48.7,"age_median":48.7,"contact_pct":79.39,"male_malay":249,"male_chinese":1289,"male_indian":69,"male_other":84,"female_malay":254,"female_chinese":1412,"female_indian":71,"female_other":143}},{"type":"Feature","geometry":{"type":"Point","coordinates":[101.4880776,2.9124705]},"properties":{"dm_code":"12.BATU 10 KEBUN BAHARU","dun_code":"N.51","dun_prefix":"51","code_parlimen":"P.112","total_voters":5623,"male":2820,"female":2803,"male_pct":50.2,"female_pct":49.8,"malay_pct":96.51,"chinese_pct":1.85,"indian_pct":1.42,"other_pct":0.22,"age_mean":38.5,"age_median":38.5,"contact_pct":66.39,"male_malay":2715,"male_chinese":57,"male_indian":42,"male_other":6,"female_malay":2712,"female_chinese":47,"female_indian":38,"female_other":6}},{"type":"Feature","geometry":{"type":"Point","coordinates":[101.6733702,3.2544423]},"properties":{"dm_code":"12.BATU 8 SUNGAI TUA","dun_code":"N.16","dun_prefix":"16","code_parlimen":"P.098","total_voters":1318,"male":666,"female":652,"male_pct":50.5,"female_pct":49.5,"malay_pct":66.77,"chinese_pct":19.58,"indian_pct":13.51,"other_pct":0.14,"age_mean":42.71,"age_median":42.7,"contact_pct":78.83,"male_malay":440,"male_chinese":134,"male_indian":91,"male_other":1,"female_malay":440,"female_chinese":124,"female_indian":87,"female_other":1}},{"type":"Feature","geometry":{"type":"Point","coordinates":[101.6552272,3.4625635]},"properties":{"dm_code":"12.BUKIT BERUNTUNG","dun_code":"N.07","dun_prefix":"07","code_parlimen":"P.094","total_voters":11471,"male":5648,"female":5823,"male_pct":49.2,"female_pct":50.8,"malay_pct":71.15,"chinese_pct":10.61,"indian_pct":18.1,"other_pct":0.14,"age_mean":37.88,"age_median":37.9,"contact_pct":68.84,"male_malay":4017,"male_chinese":610,"male_indian":1010,"male_other":11,"female_malay":4145,"female_chinese":607,"female_indian":1066,"female_other":5}},{"type":"Feature","geometry":{"type":"Point","coordinates":[101.2183781,3.3840726]},"properties":{"dm_code":"12.HUJUNG PERMATANG","dun_code":"N.09","dun_prefix":"09","code_parlimen":"P.095","total_voters":928,"male":469,"female":459,"male_pct":50.5,"female_pct":49.5,"malay_pct":99.57,"chinese_pct":0.43,"indian_pct":0,"other_pct":0,"age_mean":45.36,"age_median":45.4,"contact_pct":83.62,"male_malay":468,"male_chinese":1,"male_indian":0,"male_other":0,"female_malay":456,"female_chinese":3,"female_indian":0,"female_other":0}},{"type":"Feature","geometry":{"type":"Point","coordinates":[101.5329174,3.1550091]},"properties":{"dm_code":"12.JALAN MERBAU KAMPUNG MELAYU SUBANG","dun_code":"N.39","dun_prefix":"39","code_parlimen":"P.107","total_voters":4186,"male":2083,"female":2103,"male_pct":49.8,"female_pct":50.2,"malay_pct":86.65,"chinese_pct":0.65,"indian_pct":12.4,"other_pct":0.3,"age_mean":39.73,"age_median":39.7,"contact_pct":82.8,"male_malay":1808,"male_chinese":12,"male_indian":257,"male_other":6,"female_malay":1819,"female_chinese":15,"female_indian":262,"female_other":7}},{"type":"Feature","geometry":{"type":"Point","coordinates":[101.4512319,3.0420253]},"properties":{"dm_code":"12.JALAN RAYA TIMUR","dun_code":"N.49","dun_prefix":"49","code_parlimen":"P.111","total_voters":734,"male":368,"female":366,"male_pct":50.1,"female_pct":49.9,"malay_pct":22.62,"chinese_pct":29.43,"indian_pct":46.19,"other_pct":1.76,"age_mean":42.37,"age_median":42.4,"contact_pct":73.98,"male_malay":82,"male_chinese":115,"male_indian":165,"male_other":6,"female_malay":84,"female_chinese":101,"female_indian":174,"female_other":7}},{"type":"Feature","geometry":{"type":"Point","coordinates":[101.8625551,3.113526]},"properties":{"dm_code":"12.JALAN SUNGAI JERNIH","dun_code":"N.34","dun_prefix":"34","code_parlimen":"P.105","total_voters":2785,"male":1327,"female":1458,"male_pct":47.6,"female_pct":52.4,"malay_pct":14.29,"chinese_pct":58.42,"indian_pct":20.86,"other_pct":6.43,"age_mean":55.65,"age_median":55.6,"contact_pct":74.11,"male_malay":207,"male_chinese":784,"male_indian":255,"male_other":81,"female_malay":191,"female_chinese":843,"female_indian":326,"female_other":98}},{"type":"Feature","geometry":{"type":"Point","coordinates":[101.723171,2.884939]},"properties":{"dm_code":"12.JENDERAM HILIR","dun_code":"N.55","dun_prefix":"55","code_parlimen":"P.113","total_voters":3555,"male":1779,"female":1776,"male_pct":50,"female_pct":50,"malay_pct":96.96,"chinese_pct":0.56,"indian_pct":0.96,"other_pct":1.52,"age_mean":40.36,"age_median":40.4,"contact_pct":73.81,"male_malay":1716,"male_chinese":11,"male_indian":19,"male_other":33,"female_malay":1731,"female_chinese":9,"female_indian":15,"female_other":21}},{"type":"Feature","geometry":{"type":"Point","coordinates":[101.4119752,3.039465]},"properties":{"dm_code":"12.KAMPONG DELEK KANAN","dun_code":"N.44","dun_prefix":"44","code_parlimen":"P.109","total_voters":5097,"male":2489,"female":2608,"male_pct":48.8,"female_pct":51.2,"malay_pct":99.67,"chinese_pct":0.1,"indian_pct":0.04,"other_pct":0.19,"age_mean":38.31,"age_median":38.3,"contact_pct":74.2,"male_malay":2481,"male_chinese":2,"male_indian":1,"male_other":5,"female_malay":2599,"female_chinese":3,"female_indian":1,"female_other":5}},{"type":"Feature","geometry":{"type":"Point","coordinates":[101.4208187,3.0108692]},"properties":{"dm_code":"12.KAMPUNG ATTAP","dun_code":"N.47","dun_prefix":"47","code_parlimen":"P.110","total_voters":1189,"male":863,"female":326,"male_pct":72.6,"female_pct":27.4,"malay_pct":76.2,"chinese_pct":10.43,"indian_pct":10.77,"other_pct":2.6,"age_mean":45.72,"age_median":45.7,"contact_pct":71.24,"male_malay":688,"male_chinese":66,"male_indian":80,"male_other":29,"female_malay":218,"female_chinese":58,"female_indian":48,"female_other":2}},{"type":"Feature","geometry":{"type":"Point","coordinates":[101.4689729,3.06158]},"properties":{"dm_code":"12.KAMPUNG BATU BELAH","dun_code":"N.45","dun_prefix":"45","code_parlimen":"P.110","total_voters":13110,"male":6420,"female":6690,"male_pct":49,"female_pct":51,"malay_pct":40.76,"chinese_pct":39.84,"indian_pct":17.48,"other_pct":1.92,"age_mean":39.24,"age_median":39.2,"contact_pct":73.64,"male_malay":2563,"male_chinese":2666,"male_indian":1078,"male_other":113,"female_malay":2780,"female_chinese":2557,"female_indian":1213,"female_other":140}},{"type":"Feature","geometry":{"type":"Point","coordinates":[101.4410127,3.1334027]},"properties":{"dm_code":"12.KAMPUNG BUDIMAN","dun_code":"N.42","dun_prefix":"42","code_parlimen":"P.109","total_voters":1149,"male":559,"female":590,"male_pct":48.7,"female_pct":51.3,"malay_pct":99.3,"chinese_pct":0.35,"indian_pct":0.35,"other_pct":0,"age_mean":40.11,"age_median":40.1,"contact_pct":76.68,"male_malay":555,"male_chinese":2,"male_indian":2,"male_other":0,"female_malay":586,"female_chinese":2,"female_indian":2,"female_other":0}},{"type":"Feature","geometry":{"type":"Point","coordinates":[101.4743591,2.7123536]},"properties":{"dm_code":"12.KAMPUNG ENDAH","dun_code":"N.54","dun_prefix":"54","code_parlimen":"P.113","total_voters":2737,"male":1345,"female":1392,"male_pct":49.1,"female_pct":50.9,"malay_pct":77.27,"chinese_pct":6.47,"indian_pct":16.15,"other_pct":0.11,"age_mean":43.23,"age_median":43.2,"contact_pct":72.71,"male_malay":1032,"male_chinese":93,"male_indian":219,"male_other":1,"female_malay":1083,"female_chinese":84,"female_indian":223,"female_other":2}},{"type":"Feature","geometry":{"type":"Point","coordinates":[101.5771259,3.62293]},"properties":{"dm_code":"12.KAMPUNG GUMUT","dun_code":"N.05","dun_prefix":"05","code_parlimen":"P.094","total_voters":2436,"male":1154,"female":1282,"male_pct":47.4,"female_pct":52.6,"malay_pct":90.48,"chinese_pct":5.99,"indian_pct":3.49,"other_pct":0.04,"age_mean":43.64,"age_median":43.6,"contact_pct":74.71,"male_malay":1046,"male_chinese":70,"male_indian":38,"male_other":0,"female_malay":1158,"female_chinese":76,"female_indian":47,"female_other":1}},{"type":"Feature","geometry":{"type":"Point","coordinates":[101.546811,3.077519]},"properties":{"dm_code":"12.KAMPUNG KUANTAN","dun_code":"N.41","dun_prefix":"41","code_parlimen":"P.108","total_voters":4115,"male":2024,"female":2091,"male_pct":49.2,"female_pct":50.8,"malay_pct":60.15,"chinese_pct":30.16,"indian_pct":7.92,"other_pct":1.77,"age_mean":47.32,"age_median":47.3,"contact_pct":78.61,"male_malay":1235,"male_chinese":597,"male_indian":162,"male_other":30,"female_malay":1240,"female_chinese":644,"female_indian":164,"female_other":43}},{"type":"Feature","geometry":{"type":"Point","coordinates":[100.9386619,3.728987]},"properties":{"dm_code":"12.KAMPUNG SEKENDI","dun_code":"N.01","dun_prefix":"01","code_parlimen":"P.092","total_voters":1998,"male":1000,"female":998,"male_pct":50.1,"female_pct":49.9,"malay_pct":73.32,"chinese_pct":26.58,"indian_pct":0,"other_pct":0.1,"age_mean":44.04,"age_median":44,"contact_pct":80.13,"male_malay":727,"male_chinese":272,"male_indian":0,"male_other":1,"female_malay":738,"female_chinese":259,"female_indian":0,"female_other":1}},{"type":"Feature","geometry":{"type":"Point","coordinates":[101.3363719,2.951902]},"properties":{"dm_code":"12.KAMPUNG SUNGAI PINANG","dun_code":"N.43","dun_prefix":"43","code_parlimen":"P.109","total_voters":3044,"male":1589,"female":1455,"male_pct":52.2,"female_pct":47.8,"malay_pct":65.8,"chinese_pct":26.87,"indian_pct":5.95,"other_pct":1.38,"age_mean":41.53,"age_median":41.5,"contact_pct":73.16,"male_malay":1002,"male_chinese":472,"male_indian":93,"male_other":22,"female_malay":1001,"female_chinese":346,"female_indian":88,"female_other":20}},{"type":"Feature","geometry":{"type":"Point","coordinates":[101.5880508,3.3419807]},"properties":{"dm_code":"12.KAMPUNG TANJUNG","dun_code":"N.14","dun_prefix":"14","code_parlimen":"P.097","total_voters":479,"male":221,"female":258,"male_pct":46.1,"female_pct":53.9,"malay_pct":99.58,"chinese_pct":0.21,"indian_pct":0.21,"other_pct":0,"age_mean":39.58,"age_median":39.6,"contact_pct":68.06,"male_malay":220,"male_chinese":1,"male_indian":0,"male_other":0,"female_malay":257,"female_chinese":0,"female_indian":1,"female_other":0}},{"type":"Feature","geometry":{"type":"Point","coordinates":[101.7483451,3.16648]},"properties":{"dm_code":"12.KUALA AMPANG","dun_code":"N.19","dun_prefix":"19","code_parlimen":"P.099","total_voters":3167,"male":1591,"female":1576,"male_pct":50.2,"female_pct":49.8,"malay_pct":10.96,"chinese_pct":76.67,"indian_pct":10.58,"other_pct":1.79,"age_mean":55.1,"age_median":55.1,"contact_pct":78.28,"male_malay":166,"male_chinese":1222,"male_indian":172,"male_other":31,"female_malay":181,"female_chinese":1206,"female_indian":163,"female_other":26}},{"type":"Feature","geometry":{"type":"Point","coordinates":[101.6507048,3.259684]},"properties":{"dm_code":"12.LEMBAH MUTIARA","dun_code":"N.15","dun_prefix":"15","code_parlimen":"P.097","total_voters":2796,"male":1341,"female":1455,"male_pct":48,"female_pct":52,"malay_pct":76.57,"chinese_pct":5.4,"indian_pct":17.95,"other_pct":0.08,"age_mean":52.52,"age_median":52.5,"contact_pct":84.19,"male_malay":1053,"male_chinese":72,"male_indian":215,"male_other":1,"female_malay":1088,"female_chinese":79,"female_indian":287,"female_other":1}},{"type":"Feature","geometry":{"type":"Point","coordinates":[101.7458009,3.1408565]},"properties":{"dm_code":"12.MELAWATI JALAN F & H","dun_code":"N.18","dun_prefix":"18","code_parlimen":"P.098","total_voters":5775,"male":2812,"female":2963,"male_pct":48.7,"female_pct":51.3,"malay_pct":69.28,"chinese_pct":23.97,"indian_pct":6.53,"other_pct":0.22,"age_mean":45.6,"age_median":45.6,"contact_pct":81.11,"male_malay":1957,"male_chinese":672,"male_indian":177,"male_other":6,"female_malay":2044,"female_chinese":712,"female_indian":200,"female_other":7}},{"type":"Feature","geometry":{"type":"Point","coordinates":[101.7631155,3.1324774]},"properties":{"dm_code":"12.PANDAN INDAH JALAN 2 & 3","dun_code":"N.21","dun_prefix":"21","code_parlimen":"P.100","total_voters":5956,"male":3005,"female":2951,"male_pct":50.5,"female_pct":49.5,"malay_pct":62.42,"chinese_pct":22.63,"indian_pct":4.79,"other_pct":10.16,"age_mean":41.94,"age_median":41.9,"contact_pct":80.79,"male_malay":1891,"male_chinese":715,"male_indian":139,"male_other":260,"female_malay":1827,"female_chinese":633,"female_indian":146,"female_other":345}},{"type":"Feature","geometry":{"type":"Point","coordinates":[101.0476243,3.7575121]},"properties":{"dm_code":"12.PARIT 13 SUNGAI NIPAH","dun_code":"N.03","dun_prefix":"03","code_parlimen":"P.093","total_voters":1328,"male":683,"female":645,"male_pct":51.4,"female_pct":48.6,"malay_pct":99.85,"chinese_pct":0.15,"indian_pct":0,"other_pct":0,"age_mean":42.2,"age_median":42.2,"contact_pct":75.6,"male_malay":683,"male_chinese":0,"male_indian":0,"male_other":0,"female_malay":643,"female_chinese":2,"female_indian":0,"female_other":0}},{"type":"Feature","geometry":{"type":"Point","coordinates":[101.0133399,3.7091092]},"properties":{"dm_code":"12.PARIT ENAM","dun_code":"N.02","dun_prefix":"02","code_parlimen":"P.092","total_voters":1585,"male":786,"female":799,"male_pct":49.6,"female_pct":50.4,"malay_pct":99.75,"chinese_pct":0.19,"indian_pct":0.06,"other_pct":0,"age_mean":42.88,"age_median":42.9,"contact_pct":75.33,"male_malay":784,"male_chinese":1,"male_indian":1,"male_other":0,"female_malay":797,"female_chinese":2,"female_indian":0,"female_other":0}},{"type":"Feature","geometry":{"type":"Point","coordinates":[101.6339119,3.500566]},"properties":{"dm_code":"12.PEKAN RASA","dun_code":"N.06","dun_prefix":"06","code_parlimen":"P.094","total_voters":1578,"male":814,"female":764,"male_pct":51.6,"female_pct":48.4,"malay_pct":21.17,"chinese_pct":58.87,"indian_pct":19.84,"other_pct":0.12,"age_mean":48.01,"age_median":48,"contact_pct":80.54,"male_malay":163,"male_chinese":499,"male_indian":152,"male_other":0,"female_malay":171,"female_chinese":430,"female_indian":161,"female_other":2}},{"type":"Feature","geometry":{"type":"Point","coordinates":[101.2463485,3.3416401]},"properties":{"dm_code":"12.PEKAN SUNGAI BULUH","dun_code":"N.10","dun_prefix":"10","code_parlimen":"P.096","total_voters":1506,"male":778,"female":728,"male_pct":51.7,"female_pct":48.3,"malay_pct":35.79,"chinese_pct":56.37,"indian_pct":7.77,"other_pct":0.07,"age_mean":46.25,"age_median":46.2,"contact_pct":76.36,"male_malay":281,"male_chinese":443,"male_indian":54,"male_other":0,"female_malay":258,"female_chinese":406,"female_indian":63,"female_other":1}},{"type":"Feature","geometry":{"type":"Point","coordinates":[101.1744774,3.4205107]},"properties":{"dm_code":"12.PEKAN TANJONG KARANG","dun_code":"N.08","dun_prefix":"08","code_parlimen":"P.095","total_voters":2541,"male":1272,"female":1269,"male_pct":50.1,"female_pct":49.9,"malay_pct":54.62,"chinese_pct":42.42,"indian_pct":2.95,"other_pct":0.01,"age_mean":46.2,"age_median":46.2,"contact_pct":83.2,"male_malay":678,"male_chinese":558,"male_indian":36,"male_other":0,"female_malay":710,"female_chinese":520,"female_indian":39,"female_other":0}},{"type":"Feature","geometry":{"type":"Point","coordinates":[101.627258,3.0801322]},"properties":{"dm_code":"12.PJS 2","dun_code":"N.33","dun_prefix":"33","code_parlimen":"P.105","total_voters":8893,"male":4398,"female":4495,"male_pct":49.5,"female_pct":50.5,"malay_pct":84.3,"chinese_pct":0.3,"indian_pct":14.97,"other_pct":0.43,"age_mean":38.66,"age_median":38.7,"contact_pct":74.1,"male_malay":3763,"male_chinese":11,"male_indian":606,"male_other":18,"female_malay":3734,"female_chinese":16,"female_indian":725,"female_other":20}},{"type":"Feature","geometry":{"type":"Point","coordinates":[101.6145189,3.0799996]},"properties":{"dm_code":"12.PJS 6/1 - PJS 6/3","dun_code":"N.32","dun_prefix":"32","code_parlimen":"P.105","total_voters":3086,"male":1546,"female":1540,"male_pct":50.1,"female_pct":49.9,"malay_pct":68.6,"chinese_pct":5.77,"indian_pct":24.79,"other_pct":0.84,"age_mean":44.95,"age_median":45,"contact_pct":82.76,"male_malay":1067,"male_chinese":100,"male_indian":364,"male_other":15,"female_malay":1050,"female_chinese":78,"female_indian":401,"female_other":11}},{"type":"Feature","geometry":{"type":"Point","coordinates":[101.5120191,2.811312]},"properties":{"dm_code":"12.PULAU BANTING","dun_code":"N.52","dun_prefix":"52","code_parlimen":"P.112","total_voters":1333,"male":696,"female":637,"male_pct":52.2,"female_pct":47.8,"malay_pct":10.58,"chinese_pct":84.4,"indian_pct":1.58,"other_pct":3.44,"age_mean":44.68,"age_median":44.7,"contact_pct":75.69,"male_malay":71,"male_chinese":589,"male_indian":12,"male_other":24,"female_malay":70,"female_chinese":536,"female_indian":9,"female_other":22}},{"type":"Feature","geometry":{"type":"Point","coordinates":[101.7561398,2.975831]},"properties":{"dm_code":"12.SEKSYEN 7,8 DAN 9 BBB","dun_code":"N.26","dun_prefix":"26","code_parlimen":"P.102","total_voters":11680,"male":5808,"female":5872,"male_pct":49.7,"female_pct":50.3,"malay_pct":93.44,"chinese_pct":1.52,"indian_pct":4.18,"other_pct":0.86,"age_mean":35.84,"age_median":35.8,"contact_pct":82.35,"male_malay":5429,"male_chinese":97,"male_indian":234,"male_other":48,"female_malay":5485,"female_chinese":81,"female_indian":254,"female_other":52}},{"type":"Feature","geometry":{"type":"Point","coordinates":[101.7163289,3.0123006]},"properties":{"dm_code":"12.SERI INDAH","dun_code":"N.29","dun_prefix":"29","code_parlimen":"P.103","total_voters":906,"male":424,"female":482,"male_pct":46.8,"female_pct":53.2,"malay_pct":96.91,"chinese_pct":1.99,"indian_pct":0.77,"other_pct":0.33,"age_mean":60.47,"age_median":60.5,"contact_pct":88.08,"male_malay":411,"male_chinese":8,"male_indian":3,"male_other":2,"female_malay":467,"female_chinese":10,"female_indian":4,"female_other":1}},{"type":"Feature","geometry":{"type":"Point","coordinates":[101.7332428,3.0144366]},"properties":{"dm_code":"12.SERI KEMBANGAN 7","dun_code":"N.28","dun_prefix":"28","code_parlimen":"P.103","total_voters":1713,"male":848,"female":865,"male_pct":49.5,"female_pct":50.5,"malay_pct":2.57,"chinese_pct":72.62,"indian_pct":1.46,"other_pct":23.35,"age_mean":55.45,"age_median":55.5,"contact_pct":80.91,"male_malay":22,"male_chinese":651,"male_indian":14,"male_other":161,"female_malay":22,"female_chinese":593,"female_indian":11,"female_other":239}},{"type":"Feature","geometry":{"type":"Point","coordinates":[101.4208187,3.0108692]},"properties":{"dm_code":"12.SERI PENDAMAR","dun_code":"N.46","dun_prefix":"46","code_parlimen":"P.110","total_voters":1066,"male":530,"female":536,"male_pct":49.7,"female_pct":50.3,"malay_pct":69.14,"chinese_pct":15.95,"indian_pct":14.35,"other_pct":0.56,"age_mean":50.52,"age_median":50.5,"contact_pct":91.18,"male_malay":381,"male_chinese":76,"male_indian":70,"male_other":3,"female_malay":356,"female_chinese":94,"female_indian":83,"female_other":3}},{"type":"Feature","geometry":{"type":"Point","coordinates":[101.5393805,3.071242]},"properties":{"dm_code":"12.SHAH ALAM S 15 & S 16","dun_code":"N.40","dun_prefix":"40","code_parlimen":"P.108","total_voters":2313,"male":1205,"female":1108,"male_pct":52.1,"female_pct":47.9,"malay_pct":77.43,"chinese_pct":6.74,"indian_pct":14.53,"other_pct":1.3,"age_mean":46.22,"age_median":46.2,"contact_pct":76.83,"male_malay":928,"male_chinese":94,"male_indian":167,"male_other":16,"female_malay":863,"female_chinese":62,"female_indian":169,"female_other":14}},{"type":"Feature","geometry":{"type":"Point","coordinates":[101.7171169,3.218217]},"properties":{"dm_code":"12.SRI GOMBAK 10","dun_code":"N.17","dun_prefix":"17","code_parlimen":"P.098","total_voters":2964,"male":1457,"female":1507,"male_pct":49.2,"female_pct":50.8,"malay_pct":64.71,"chinese_pct":20.85,"indian_pct":14.3,"other_pct":0.14,"age_mean":45.06,"age_median":45.1,"contact_pct":80.16,"male_malay":929,"male_chinese":308,"male_indian":218,"male_other":2,"female_malay":989,"female_chinese":310,"female_indian":206,"female_other":2}},{"type":"Feature","geometry":{"type":"Point","coordinates":[101.780217,2.887305]},"properties":{"dm_code":"12.SRI PUTRA","dun_code":"N.53","dun_prefix":"53","code_parlimen":"P.112","total_voters":8296,"male":4103,"female":4193,"male_pct":49.5,"female_pct":50.5,"malay_pct":55.42,"chinese_pct":15.3,"indian_pct":28.31,"other_pct":0.97,"age_mean":42.11,"age_median":42.1,"contact_pct":76,"male_malay":2356,"male_chinese":628,"male_indian":1081,"male_other":38,"female_malay":2242,"female_chinese":641,"female_indian":1268,"female_other":42}},{"type":"Feature","geometry":{"type":"Point","coordinates":[101.8764899,2.8758022]},"properties":{"dm_code":"12.SUNGAI JAI","dun_code":"N.24","dun_prefix":"24","code_parlimen":"P.101","total_voters":974,"male":490,"female":484,"male_pct":50.3,"female_pct":49.7,"malay_pct":98.87,"chinese_pct":0.21,"indian_pct":0,"other_pct":0.92,"age_mean":44.74,"age_median":44.7,"contact_pct":78.34,"male_malay":485,"male_chinese":2,"male_indian":0,"male_other":3,"female_malay":478,"female_chinese":0,"female_indian":0,"female_other":6}},{"type":"Feature","geometry":{"type":"Point","coordinates":[101.6221541,3.0865677]},"properties":{"dm_code":"12.SUNGAI WAY TENGAH SATU","dun_code":"N.35","dun_prefix":"35","code_parlimen":"P.106","total_voters":974,"male":469,"female":505,"male_pct":48.2,"female_pct":51.8,"malay_pct":8.11,"chinese_pct":82.75,"indian_pct":4.83,"other_pct":4.31,"age_mean":55.85,"age_median":55.9,"contact_pct":80.29,"male_malay":31,"male_chinese":393,"male_indian":23,"male_other":22,"female_malay":48,"female_chinese":413,"female_indian":24,"female_other":20}},{"type":"Feature","geometry":{"type":"Point","coordinates":[101.7818502,3.1392298]},"properties":{"dm_code":"12.TAMAN AMPANG INDAH","dun_code":"N.20","dun_prefix":"20","code_parlimen":"P.099","total_voters":5373,"male":2609,"female":2764,"male_pct":48.6,"female_pct":51.4,"malay_pct":72.79,"chinese_pct":16.01,"indian_pct":9.96,"other_pct":1.24,"age_mean":42.03,"age_median":42,"contact_pct":80.57,"male_malay":1881,"male_chinese":446,"male_indian":247,"male_other":35,"female_malay":2030,"female_chinese":414,"female_indian":288,"female_other":32}},{"type":"Feature","geometry":{"type":"Point","coordinates":[101.816806,2.986887]},"properties":{"dm_code":"12.TAMAN ASA JAYA","dun_code":"N.25","dun_prefix":"25","code_parlimen":"P.102","total_voters":3083,"male":1527,"female":1556,"male_pct":49.5,"female_pct":50.5,"malay_pct":27.8,"chinese_pct":30.52,"indian_pct":24.65,"other_pct":17.03,"age_mean":42.64,"age_median":42.6,"contact_pct":76.48,"male_malay":440,"male_chinese":494,"male_indian":355,"male_other":238,"female_malay":417,"female_chinese":447,"female_indian":405,"female_other":287}},{"type":"Feature","geometry":{"type":"Point","coordinates":[101.7538094,3.0807474]},"properties":{"dm_code":"12.TAMAN CUEPAC","dun_code":"N.23","dun_prefix":"23","code_parlimen":"P.101","total_voters":12557,"male":6844,"female":5713,"male_pct":54.5,"female_pct":45.5,"malay_pct":39.93,"chinese_pct":27.94,"indian_pct":15.96,"other_pct":16.17,"age_mean":42.19,"age_median":42.2,"contact_pct":75.89,"male_malay":3127,"male_chinese":1788,"male_indian":1002,"male_other":927,"female_malay":1887,"female_chinese":1721,"female_indian":1002,"female_other":1103}},{"type":"Feature","geometry":{"type":"Point","coordinates":[101.6311308,3.2171336]},"properties":{"dm_code":"12.TAMAN EHSAN JALAN 2","dun_code":"N.37","dun_prefix":"37","code_parlimen":"P.106","total_voters":3364,"male":1628,"female":1736,"male_pct":48.4,"female_pct":51.6,"malay_pct":28.89,"chinese_pct":55.14,"indian_pct":11.15,"other_pct":4.82,"age_mean":46.46,"age_median":46.5,"contact_pct":81.48,"male_malay":484,"male_chinese":909,"male_indian":161,"male_other":74,"female_malay":488,"female_chinese":946,"female_indian":214,"female_other":88}},{"type":"Feature","geometry":{"type":"Point","coordinates":[101.7716103,3.1143339]},"properties":{"dm_code":"12.TAMAN SAGA","dun_code":"N.22","dun_prefix":"22","code_parlimen":"P.100","total_voters":4028,"male":1990,"female":2038,"male_pct":49.4,"female_pct":50.6,"malay_pct":45.38,"chinese_pct":32.03,"indian_pct":7.99,"other_pct":14.6,"age_mean":42.55,"age_median":42.5,"contact_pct":84.09,"male_malay":906,"male_chinese":681,"male_indian":154,"male_other":249,"female_malay":922,"female_chinese":609,"female_indian":168,"female_other":339}},{"type":"Feature","geometry":{"type":"Point","coordinates":[101.44915,3.276179]},"properties":{"dm_code":"12.TUAN MEE","dun_code":"N.12","dun_prefix":"12","code_parlimen":"P.096","total_voters":5145,"male":2546,"female":2599,"male_pct":49.5,"female_pct":50.5,"malay_pct":59.69,"chinese_pct":9.85,"indian_pct":30.42,"other_pct":0.04,"age_mean":38.98,"age_median":39,"contact_pct":68.22,"male_malay":1521,"male_chinese":258,"male_indian":766,"male_other":1,"female_malay":1550,"female_chinese":249,"female_indian":799,"female_other":1}},{"type":"Feature","geometry":{"type":"Point","coordinates":[101.577433,3.056802]},"properties":{"dm_code":"12.USJ 4","dun_code":"N.31","dun_prefix":"31","code_parlimen":"P.104","total_voters":4373,"male":2153,"female":2220,"male_pct":49.2,"female_pct":50.8,"malay_pct":33.82,"chinese_pct":45.6,"indian_pct":8.26,"other_pct":12.32,"age_mean":46.85,"age_median":46.9,"contact_pct":83.76,"male_malay":761,"male_chinese":993,"male_indian":177,"male_other":222,"female_malay":718,"female_chinese":1001,"female_indian":184,"female_other":317}},{"type":"Feature","geometry":{"type":"Point","coordinates":[101.7421416,3.1485515]},"properties":{"dm_code":"13.AMPANG HILIR","dun_code":"N.21","dun_prefix":"21","code_parlimen":"P.100","total_voters":6099,"male":3136,"female":2963,"male_pct":51.4,"female_pct":48.6,"malay_pct":68.29,"chinese_pct":16.67,"indian_pct":4.41,"other_pct":10.63,"age_mean":42.59,"age_median":42.6,"contact_pct":76.73,"male_malay":2189,"male_chinese":532,"male_indian":131,"male_other":284,"female_malay":1976,"female_chinese":485,"female_indian":138,"female_other":364}},{"type":"Feature","geometry":{"type":"Point","coordinates":[101.4400822,2.987855]},"properties":{"dm_code":"13.BANDAR BOTANIC","dun_code":"N.48","dun_prefix":"48","code_parlimen":"P.111","total_voters":11874,"male":5854,"female":6020,"male_pct":49.3,"female_pct":50.7,"malay_pct":26.9,"chinese_pct":47.04,"indian_pct":22.92,"other_pct":3.14,"age_mean":38.55,"age_median":38.5,"contact_pct":77.76,"male_malay":1589,"male_chinese":2812,"male_indian":1281,"male_other":172,"female_malay":1605,"female_chinese":2773,"female_indian":1440,"female_other":202}},{"type":"Feature","geometry":{"type":"Point","coordinates":[101.5312471,3.328037]},"properties":{"dm_code":"13.BANDAR COUNTRY HOME 2","dun_code":"N.14","dun_prefix":"14","code_parlimen":"P.097","total_voters":9610,"male":4752,"female":4858,"male_pct":49.4,"female_pct":50.6,"malay_pct":53.8,"chinese_pct":23.31,"indian_pct":22.76,"other_pct":0.13,"age_mean":38.06,"age_median":38.1,"contact_pct":70.14,"male_malay":2526,"male_chinese":1158,"male_indian":1064,"male_other":4,"female_malay":2644,"female_chinese":1082,"female_indian":1123,"female_other":9}},{"type":"Feature","geometry":{"type":"Point","coordinates":[101.5729639,3.638709]},"properties":{"dm_code":"13.BANDAR KALUMPANG","dun_code":"N.05","dun_prefix":"05","code_parlimen":"P.094","total_voters":2239,"male":1119,"female":1120,"male_pct":50,"female_pct":50,"malay_pct":48.15,"chinese_pct":28.18,"indian_pct":23.54,"other_pct":0.13,"age_mean":40.08,"age_median":40.1,"contact_pct":75.08,"male_malay":524,"male_chinese":340,"male_indian":254,"male_other":1,"female_malay":554,"female_chinese":291,"female_indian":273,"female_other":2}},{"type":"Feature","geometry":{"type":"Point","coordinates":[101.4655421,2.988931]},"properties":{"dm_code":"13.BANDAR PUTERI KLANG","dun_code":"N.49","dun_prefix":"49","code_parlimen":"P.111","total_voters":11118,"male":5535,"female":5583,"male_pct":49.8,"female_pct":50.2,"malay_pct":43.38,"chinese_pct":30.29,"indian_pct":23.76,"other_pct":2.57,"age_mean":36.04,"age_median":36,"contact_pct":68.96,"male_malay":2409,"male_chinese":1710,"male_indian":1286,"male_other":130,"female_malay":2414,"female_chinese":1658,"female_indian":1356,"female_other":155}},{"type":"Feature","geometry":{"type":"Point","coordinates":[101.5326601,3.374508000000001]},"properties":{"dm_code":"13.BANDAR SUNGAI BUAYA","dun_code":"N.07","dun_prefix":"07","code_parlimen":"P.094","total_voters":5996,"male":2923,"female":3073,"male_pct":48.7,"female_pct":51.3,"malay_pct":93.18,"chinese_pct":1.83,"indian_pct":4.95,"other_pct":0.04,"age_mean":36.56,"age_median":36.6,"contact_pct":73.83,"male_malay":2723,"male_chinese":63,"male_indian":137,"male_other":0,"female_malay":2864,"female_chinese":47,"female_indian":160,"female_other":2}},{"type":"Feature","geometry":{"type":"Point","coordinates":[101.7561398,2.975831]},"properties":{"dm_code":"13.BANDAR TEKNOLOGI KAJANG","dun_code":"N.26","dun_prefix":"26","code_parlimen":"P.102","total_voters":9441,"male":4726,"female":4715,"male_pct":50.1,"female_pct":49.9,"malay_pct":62.02,"chinese_pct":16.03,"indian_pct":12.09,"other_pct":9.86,"age_mean":37.31,"age_median":37.3,"contact_pct":79.53,"male_malay":2959,"male_chinese":793,"male_indian":540,"male_other":434,"female_malay":2896,"female_chinese":720,"female_indian":601,"female_other":498}},{"type":"Feature","geometry":{"type":"Point","coordinates":[101.8114954,3.1114247]},"properties":{"dm_code":"13.BATU 13 HULU LANGAT","dun_code":"N.23","dun_prefix":"23","code_parlimen":"P.101","total_voters":4265,"male":2144,"female":2121,"male_pct":50.3,"female_pct":49.7,"malay_pct":68.37,"chinese_pct":21.31,"indian_pct":1.74,"other_pct":8.58,"age_mean":41.35,"age_median":41.4,"contact_pct":71.63,"male_malay":1440,"male_chinese":507,"male_indian":36,"male_other":161,"female_malay":1476,"female_chinese":402,"female_indian":38,"female_other":205}},{"type":"Feature","geometry":{"type":"Point","coordinates":[101.1958779,3.4264546]},"properties":{"dm_code":"13.BATU 7 TANJONG KARANG","dun_code":"N.08","dun_prefix":"08","code_parlimen":"P.095","total_voters":3282,"male":1653,"female":1629,"male_pct":50.4,"female_pct":49.6,"malay_pct":70.35,"chinese_pct":27.85,"indian_pct":1.68,"other_pct":0.12,"age_mean":42.47,"age_median":42.5,"contact_pct":76.93,"male_malay":1159,"male_chinese":466,"male_indian":28,"male_other":0,"female_malay":1150,"female_chinese":448,"female_indian":27,"female_other":4}},{"type":"Feature","geometry":{"type":"Point","coordinates":[100.9042363,3.7700889]},"properties":{"dm_code":"13.BELIMBING","dun_code":"N.09","dun_prefix":"09","code_parlimen":"P.095","total_voters":2270,"male":1113,"female":1157,"male_pct":49,"female_pct":51,"malay_pct":82.38,"chinese_pct":6.7,"indian_pct":10.93,"other_pct":0,"age_mean":42.32,"age_median":42.3,"contact_pct":76.65,"male_malay":917,"male_chinese":75,"male_indian":121,"male_other":0,"female_malay":953,"female_chinese":77,"female_indian":127,"female_other":0}},{"type":"Feature","geometry":{"type":"Point","coordinates":[101.871278,2.8815047]},"properties":{"dm_code":"13.BERANANG","dun_code":"N.24","dun_prefix":"24","code_parlimen":"P.101","total_voters":1428,"male":708,"female":720,"male_pct":49.6,"female_pct":50.4,"malay_pct":79.48,"chinese_pct":11.2,"indian_pct":4.69,"other_pct":4.63,"age_mean":45.2,"age_median":45.2,"contact_pct":86.06,"male_malay":565,"male_chinese":79,"male_indian":38,"male_other":26,"female_malay":570,"female_chinese":81,"female_indian":29,"female_other":40}},{"type":"Feature","geometry":{"type":"Point","coordinates":[101.75112,3.09137]},"properties":{"dm_code":"13.CHERAS HARTAMAS","dun_code":"N.22","dun_prefix":"22","code_parlimen":"P.100","total_voters":3542,"male":1706,"female":1836,"male_pct":48.2,"female_pct":51.8,"malay_pct":18.41,"chinese_pct":52.68,"indian_pct":2.34,"other_pct":26.57,"age_mean":39.64,"age_median":39.6,"contact_pct":73.52,"male_malay":315,"male_chinese":961,"male_indian":33,"male_other":397,"female_malay":337,"female_chinese":905,"female_indian":50,"female_other":544}},{"type":"Feature","geometry":{"type":"Point","coordinates":[101.615134,3.213839]},"properties":{"dm_code":"13.DESA AMAN PURI","dun_code":"N.37","dun_prefix":"37","code_parlimen":"P.106","total_voters":14038,"male":6922,"female":7116,"male_pct":49.3,"female_pct":50.7,"malay_pct":15.17,"chinese_pct":72.85,"indian_pct":5.01,"other_pct":6.97,"age_mean":39.76,"age_median":39.8,"contact_pct":76.14,"male_malay":1054,"male_chinese":5074,"male_indian":355,"male_other":439,"female_malay":1076,"female_chinese":5152,"female_indian":349,"female_other":539}},{"type":"Feature","geometry":{"type":"Point","coordinates":[101.4472105,3.0411129]},"properties":{"dm_code":"13.JALAN TENGKU KELANA","dun_code":"N.47","dun_prefix":"47","code_parlimen":"P.110","total_voters":1255,"male":716,"female":539,"male_pct":57.1,"female_pct":42.9,"malay_pct":13.31,"chinese_pct":58.96,"indian_pct":25.66,"other_pct":2.07,"age_mean":59.71,"age_median":59.7,"contact_pct":69.8,"male_malay":106,"male_chinese":390,"male_indian":206,"male_other":14,"female_malay":61,"female_chinese":350,"female_indian":116,"female_other":12}},{"type":"Feature","geometry":{"type":"Point","coordinates":[101.2463485,3.3416401]},"properties":{"dm_code":"13.JERAM UTARA","dun_code":"N.10","dun_prefix":"10","code_parlimen":"P.096","total_voters":3087,"male":1607,"female":1480,"male_pct":52.1,"female_pct":47.9,"malay_pct":69.94,"chinese_pct":18.46,"indian_pct":11.53,"other_pct":0.07,"age_mean":42.35,"age_median":42.4,"contact_pct":74.54,"male_malay":1134,"male_chinese":305,"male_indian":167,"male_other":1,"female_malay":1025,"female_chinese":265,"female_indian":189,"female_other":1}},{"type":"Feature","geometry":{"type":"Point","coordinates":[101.8170209,2.993218]},"properties":{"dm_code":"13.KAJANG PERDANA","dun_code":"N.25","dun_prefix":"25","code_parlimen":"P.102","total_voters":7336,"male":3569,"female":3767,"male_pct":48.7,"female_pct":51.3,"malay_pct":48.71,"chinese_pct":22.3,"indian_pct":16.64,"other_pct":12.35,"age_mean":40.04,"age_median":40,"contact_pct":74.97,"male_malay":1718,"male_chinese":848,"male_indian":586,"male_other":417,"female_malay":1855,"female_chinese":788,"female_indian":635,"female_other":489}},{"type":"Feature","geometry":{"type":"Point","coordinates":[101.411138,3.0308499]},"properties":{"dm_code":"13.KAMPONG DELEK KIRI","dun_code":"N.44","dun_prefix":"44","code_parlimen":"P.109","total_voters":5704,"male":2872,"female":2832,"male_pct":50.4,"female_pct":49.6,"malay_pct":99.61,"chinese_pct":0.23,"indian_pct":0.04,"other_pct":0.12,"age_mean":38.55,"age_median":38.5,"contact_pct":74.21,"male_malay":2861,"male_chinese":7,"male_indian":1,"male_other":3,"female_malay":2821,"female_chinese":6,"female_indian":1,"female_other":4}},{"type":"Feature","geometry":{"type":"Point","coordinates":[101.6390752,3.4664811]},"properties":{"dm_code":"13.KAMPUNG BAHARU BATANG KALI","dun_code":"N.06","dun_prefix":"06","code_parlimen":"P.094","total_voters":1138,"male":594,"female":544,"male_pct":52.2,"female_pct":47.8,"malay_pct":10.28,"chinese_pct":83.22,"indian_pct":6.33,"other_pct":0.17,"age_mean":50.87,"age_median":50.9,"contact_pct":84.8,"male_malay":54,"male_chinese":505,"male_indian":34,"male_other":1,"female_malay":63,"female_chinese":442,"female_indian":38,"female_other":1}},{"type":"Feature","geometry":{"type":"Point","coordinates":[100.923449,3.753337]},"properties":{"dm_code":"13.KAMPUNG BANTING","dun_code":"N.01","dun_prefix":"01","code_parlimen":"P.092","total_voters":1871,"male":963,"female":908,"male_pct":51.5,"female_pct":48.5,"malay_pct":99.04,"chinese_pct":0.91,"indian_pct":0.05,"other_pct":0,"age_mean":40.41,"age_median":40.4,"contact_pct":76.48,"male_malay":952,"male_chinese":10,"male_indian":1,"male_other":0,"female_malay":901,"female_chinese":7,"female_indian":0,"female_other":0}},{"type":"Feature","geometry":{"type":"Point","coordinates":[101.6507048,3.259684]},"properties":{"dm_code":"13.KAMPUNG SELAYANG PERMAI","dun_code":"N.15","dun_prefix":"15","code_parlimen":"P.097","total_voters":3315,"male":1603,"female":1712,"male_pct":48.4,"female_pct":51.6,"malay_pct":97.35,"chinese_pct":1.66,"indian_pct":0.94,"other_pct":0.05,"age_mean":42.81,"age_median":42.8,"contact_pct":82.68,"male_malay":1559,"male_chinese":30,"male_indian":13,"male_other":1,"female_malay":1668,"female_chinese":25,"female_indian":18,"female_other":1}},{"type":"Feature","geometry":{"type":"Point","coordinates":[101.695832,2.8771831]},"properties":{"dm_code":"13.KOTA KEMUNING JALAN 31/81 - 31/170","dun_code":"N.50","dun_prefix":"50","code_parlimen":"P.111","total_voters":5647,"male":2822,"female":2825,"male_pct":50,"female_pct":50,"malay_pct":14.86,"chinese_pct":70.55,"indian_pct":10.13,"other_pct":4.46,"age_mean":39.75,"age_median":39.8,"contact_pct":79.72,"male_malay":411,"male_chinese":2026,"male_indian":289,"male_other":96,"female_malay":428,"female_chinese":1958,"female_indian":283,"female_other":156}},{"type":"Feature","geometry":{"type":"Point","coordinates":[101.756182,3.203643]},"properties":{"dm_code":"13.LEMBAH KERAMAT AU 5C","dun_code":"N.18","dun_prefix":"18","code_parlimen":"P.098","total_voters":3771,"male":1846,"female":1925,"male_pct":49,"female_pct":51,"malay_pct":99.26,"chinese_pct":0.61,"indian_pct":0.11,"other_pct":0.02,"age_mean":47.06,"age_median":47.1,"contact_pct":83.96,"male_malay":1834,"male_chinese":9,"male_indian":2,"male_other":1,"female_malay":1909,"female_chinese":14,"female_indian":2,"female_other":0}},{"type":"Feature","geometry":{"type":"Point","coordinates":[101.4849908,3.0698661]},"properties":{"dm_code":"13.MUTIARA BUKIT RAJA","dun_code":"N.40","dun_prefix":"40","code_parlimen":"P.108","total_voters":1385,"male":712,"female":673,"male_pct":51.4,"female_pct":48.6,"malay_pct":14.22,"chinese_pct":45.56,"indian_pct":35.96,"other_pct":4.26,"age_mean":43.09,"age_median":43.1,"contact_pct":75.16,"male_malay":96,"male_chinese":347,"male_indian":242,"male_other":27,"female_malay":101,"female_chinese":284,"female_indian":256,"female_other":32}},{"type":"Feature","geometry":{"type":"Point","coordinates":[101.533941,3.178726]},"properties":{"dm_code":"13.MUTIARA SUBANG","dun_code":"N.39","dun_prefix":"39","code_parlimen":"P.107","total_voters":16957,"male":8497,"female":8460,"male_pct":50.1,"female_pct":49.9,"malay_pct":73.86,"chinese_pct":16.77,"indian_pct":7.11,"other_pct":2.26,"age_mean":35.72,"age_median":35.7,"contact_pct":70.17,"male_malay":6294,"male_chinese":1484,"male_indian":555,"male_other":164,"female_malay":6231,"female_chinese":1360,"female_indian":650,"female_other":219}},{"type":"Feature","geometry":{"type":"Point","coordinates":[101.4256982,2.99827]},"properties":{"dm_code":"13.PANDAMARAN JAYA APARTMENT","dun_code":"N.46","dun_prefix":"46","code_parlimen":"P.110","total_voters":3450,"male":1710,"female":1740,"male_pct":49.6,"female_pct":50.4,"malay_pct":55.25,"chinese_pct":22.12,"indian_pct":21.77,"other_pct":0.86,"age_mean":43.84,"age_median":43.8,"contact_pct":80.06,"male_malay":953,"male_chinese":392,"male_indian":353,"male_other":12,"female_malay":953,"female_chinese":371,"female_indian":398,"female_other":18}},{"type":"Feature","geometry":{"type":"Point","coordinates":[101.0066579,3.6783896]},"properties":{"dm_code":"13.PARIT DUA TIMUR","dun_code":"N.02","dun_prefix":"02","code_parlimen":"P.092","total_voters":922,"male":443,"female":479,"male_pct":48,"female_pct":52,"malay_pct":99.67,"chinese_pct":0,"indian_pct":0.33,"other_pct":0,"age_mean":44.3,"age_median":44.3,"contact_pct":73.43,"male_malay":443,"male_chinese":0,"male_indian":0,"male_other":0,"female_malay":476,"female_chinese":0,"female_indian":3,"female_other":0}},{"type":"Feature","geometry":{"type":"Point","coordinates":[101.5120191,2.811312]},"properties":{"dm_code":"13.PEKAN BANTING","dun_code":"N.52","dun_prefix":"52","code_parlimen":"P.112","total_voters":4971,"male":2482,"female":2489,"male_pct":49.9,"female_pct":50.1,"malay_pct":11.25,"chinese_pct":59.65,"indian_pct":26.9,"other_pct":2.2,"age_mean":46,"age_median":46,"contact_pct":78.8,"male_malay":287,"male_chinese":1526,"male_indian":623,"male_other":46,"female_malay":272,"female_chinese":1439,"female_indian":714,"female_other":64}},{"type":"Feature","geometry":{"type":"Point","coordinates":[101.6308728,3.0800025]},"properties":{"dm_code":"13.PJS 2C/12","dun_code":"N.33","dun_prefix":"33","code_parlimen":"P.105","total_voters":3114,"male":1529,"female":1585,"male_pct":49.1,"female_pct":50.9,"malay_pct":94.83,"chinese_pct":0.26,"indian_pct":4.75,"other_pct":0.16,"age_mean":45.74,"age_median":45.7,"contact_pct":83.62,"male_malay":1460,"male_chinese":2,"male_indian":63,"male_other":4,"female_malay":1493,"female_chinese":6,"female_indian":85,"female_other":1}},{"type":"Feature","geometry":{"type":"Point","coordinates":[101.6218843,3.0844604]},"properties":{"dm_code":"13.PJS 8","dun_code":"N.32","dun_prefix":"32","code_parlimen":"P.105","total_voters":4315,"male":2129,"female":2186,"male_pct":49.3,"female_pct":50.7,"malay_pct":75.9,"chinese_pct":7.02,"indian_pct":15.11,"other_pct":1.97,"age_mean":39.45,"age_median":39.5,"contact_pct":72.89,"male_malay":1614,"male_chinese":156,"male_indian":317,"male_other":42,"female_malay":1661,"female_chinese":147,"female_indian":335,"female_other":43}},{"type":"Feature","geometry":{"type":"Point","coordinates":[101.6160451,3.034935]},"properties":{"dm_code":"13.PUSAT BANDAR PUCHONG","dun_code":"N.30","dun_prefix":"30","code_parlimen":"P.104","total_voters":11569,"male":5675,"female":5894,"male_pct":49.1,"female_pct":50.9,"malay_pct":14.85,"chinese_pct":55.67,"indian_pct":13.84,"other_pct":15.64,"age_mean":42.38,"age_median":42.4,"contact_pct":79.91,"male_malay":842,"male_chinese":3282,"male_indian":777,"male_other":774,"female_malay":876,"female_chinese":3159,"female_indian":824,"female_other":1035}},{"type":"Feature","geometry":{"type":"Point","coordinates":[101.387237,3.090799]},"properties":{"dm_code":"13.RANTAU PANJANG","dun_code":"N.43","dun_prefix":"43","code_parlimen":"P.109","total_voters":9512,"male":4739,"female":4773,"male_pct":49.8,"female_pct":50.2,"malay_pct":92.85,"chinese_pct":4.91,"indian_pct":1.88,"other_pct":0.36,"age_mean":38.24,"age_median":38.2,"contact_pct":73.19,"male_malay":4395,"male_chinese":243,"male_indian":84,"male_other":17,"female_malay":4437,"female_chinese":224,"female_indian":95,"female_other":17}},{"type":"Feature","geometry":{"type":"Point","coordinates":[101.6540669,3.100449]},"properties":{"dm_code":"13.SEKSYEN SATU PETALING JAYA","dun_code":"N.34","dun_prefix":"34","code_parlimen":"P.105","total_voters":3768,"male":1870,"female":1898,"male_pct":49.6,"female_pct":50.4,"malay_pct":9.02,"chinese_pct":72.66,"indian_pct":11.01,"other_pct":7.31,"age_mean":55.8,"age_median":55.8,"contact_pct":75.74,"male_malay":187,"male_chinese":1347,"male_indian":216,"male_other":120,"female_malay":153,"female_chinese":1391,"female_indian":199,"female_other":155}},{"type":"Feature","geometry":{"type":"Point","coordinates":[101.7055411,3.021998]},"properties":{"dm_code":"13.SERI KEMBANGAN 6","dun_code":"N.28","dun_prefix":"28","code_parlimen":"P.103","total_voters":1148,"male":559,"female":589,"male_pct":48.7,"female_pct":51.3,"malay_pct":1.48,"chinese_pct":67.86,"indian_pct":7.14,"other_pct":23.52,"age_mean":52.46,"age_median":52.5,"contact_pct":80.84,"male_malay":10,"male_chinese":409,"male_indian":33,"male_other":107,"female_malay":7,"female_chinese":370,"female_indian":49,"female_other":163}},{"type":"Feature","geometry":{"type":"Point","coordinates":[101.7144003,3.003476800000001]},"properties":{"dm_code":"13.SERI SERDANG SELATAN 2","dun_code":"N.29","dun_prefix":"29","code_parlimen":"P.103","total_voters":1927,"male":909,"female":1018,"male_pct":47.2,"female_pct":52.8,"malay_pct":65.49,"chinese_pct":14.32,"indian_pct":13.13,"other_pct":7.06,"age_mean":47.14,"age_median":47.1,"contact_pct":81.01,"male_malay":592,"male_chinese":145,"male_indian":113,"male_other":59,"female_malay":670,"female_chinese":131,"female_indian":140,"female_other":77}},{"type":"Feature","geometry":{"type":"Point","coordinates":[101.4722323,2.9441916]},"properties":{"dm_code":"13.SIJANGKANG JAYA","dun_code":"N.51","dun_prefix":"51","code_parlimen":"P.112","total_voters":4729,"male":2324,"female":2405,"male_pct":49.1,"female_pct":50.9,"malay_pct":84.5,"chinese_pct":1.99,"indian_pct":13.09,"other_pct":0.42,"age_mean":40.05,"age_median":40,"contact_pct":73.06,"male_malay":1968,"male_chinese":45,"male_indian":303,"male_other":8,"female_malay":2028,"female_chinese":49,"female_indian":316,"female_other":12}},{"type":"Feature","geometry":{"type":"Point","coordinates":[101.7171169,3.218217]},"properties":{"dm_code":"13.SRI GOMBAK 8","dun_code":"N.17","dun_prefix":"17","code_parlimen":"P.098","total_voters":4261,"male":2083,"female":2178,"male_pct":48.9,"female_pct":51.1,"malay_pct":52.19,"chinese_pct":36.78,"indian_pct":10.89,"other_pct":0.14,"age_mean":38.11,"age_median":38.1,"contact_pct":75.92,"male_malay":1088,"male_chinese":776,"male_indian":217,"male_other":2,"female_malay":1136,"female_chinese":791,"female_indian":247,"female_other":4}},{"type":"Feature","geometry":{"type":"Point","coordinates":[101.756052,2.891299]},"properties":{"dm_code":"13.SUNGAI BUAH","dun_code":"N.55","dun_prefix":"55","code_parlimen":"P.113","total_voters":1823,"male":900,"female":923,"male_pct":49.4,"female_pct":50.6,"malay_pct":93.8,"chinese_pct":2.03,"indian_pct":3.46,"other_pct":0.71,"age_mean":41.09,"age_median":41.1,"contact_pct":76.03,"male_malay":844,"male_chinese":21,"male_indian":25,"male_other":10,"female_malay":866,"female_chinese":16,"female_indian":38,"female_other":3}},{"type":"Feature","geometry":{"type":"Point","coordinates":[101.6121842,3.1331388]},"properties":{"dm_code":"13.SUNGAI KAYU ARA UTARA","dun_code":"N.36","dun_prefix":"36","code_parlimen":"P.106","total_voters":4639,"male":2368,"female":2271,"male_pct":51,"female_pct":49,"malay_pct":65.81,"chinese_pct":10.45,"indian_pct":21.88,"other_pct":1.86,"age_mean":44.75,"age_median":44.8,"contact_pct":78.16,"male_malay":1621,"male_chinese":249,"male_indian":456,"male_other":42,"female_malay":1432,"female_chinese":236,"female_indian":559,"female_other":44}},{"type":"Feature","geometry":{"type":"Point","coordinates":[101.5114291,2.790106]},"properties":{"dm_code":"13.SUNGAI LANG","dun_code":"N.54","dun_prefix":"54","code_parlimen":"P.113","total_voters":4256,"male":2069,"female":2187,"male_pct":48.6,"female_pct":51.4,"malay_pct":97.23,"chinese_pct":0.61,"indian_pct":2.04,"other_pct":0.12,"age_mean":41.36,"age_median":41.4,"contact_pct":71.83,"male_malay":2012,"male_chinese":10,"male_indian":44,"male_other":3,"female_malay":2126,"female_chinese":16,"female_indian":43,"female_other":2}},{"type":"Feature","geometry":{"type":"Point","coordinates":[101.090695,3.729181]},"properties":{"dm_code":"13.SUNGAI NIPAH","dun_code":"N.03","dun_prefix":"03","code_parlimen":"P.093","total_voters":1042,"male":475,"female":567,"male_pct":45.6,"female_pct":54.4,"malay_pct":99.9,"chinese_pct":0.1,"indian_pct":0,"other_pct":0,"age_mean":41.58,"age_median":41.6,"contact_pct":74.18,"male_malay":474,"male_chinese":1,"male_indian":0,"male_other":0,"female_malay":567,"female_chinese":0,"female_indian":0,"female_other":0}},{"type":"Feature","geometry":{"type":"Point","coordinates":[101.6221541,3.0865677]},"properties":{"dm_code":"13.SUNGAI WAY SELATAN DUA","dun_code":"N.35","dun_prefix":"35","code_parlimen":"P.106","total_voters":846,"male":382,"female":464,"male_pct":45.2,"female_pct":54.8,"malay_pct":8.98,"chinese_pct":79.67,"indian_pct":5.08,"other_pct":6.27,"age_mean":53.91,"age_median":53.9,"contact_pct":80.26,"male_malay":29,"male_chinese":311,"male_indian":21,"male_other":21,"female_malay":47,"female_chinese":363,"female_indian":22,"female_other":32}},{"type":"Feature","geometry":{"type":"Point","coordinates":[101.4638358,3.0392676]},"properties":{"dm_code":"13.TAMAN KAMPUNG KUANTAN","dun_code":"N.41","dun_prefix":"41","code_parlimen":"P.108","total_voters":1349,"male":638,"female":711,"male_pct":47.3,"female_pct":52.7,"malay_pct":99.26,"chinese_pct":0.44,"indian_pct":0.07,"other_pct":0.23,"age_mean":45.28,"age_median":45.3,"contact_pct":88.29,"male_malay":633,"male_chinese":3,"male_indian":0,"male_other":2,"female_malay":706,"female_chinese":3,"female_indian":1,"female_other":1}},{"type":"Feature","geometry":{"type":"Point","coordinates":[101.4984961,2.803695]},"properties":{"dm_code":"13.TAMAN KEMUNING","dun_code":"N.53","dun_prefix":"53","code_parlimen":"P.112","total_voters":3539,"male":1737,"female":1802,"male_pct":49.1,"female_pct":50.9,"malay_pct":56.57,"chinese_pct":26.76,"indian_pct":14.92,"other_pct":1.75,"age_mean":36.43,"age_median":36.4,"contact_pct":69.88,"male_malay":953,"male_chinese":492,"male_indian":265,"male_other":27,"female_malay":1049,"female_chinese":455,"female_indian":263,"female_other":35}},{"type":"Feature","geometry":{"type":"Point","coordinates":[101.4689729,3.06158]},"properties":{"dm_code":"13.TAMAN KLANG","dun_code":"N.45","dun_prefix":"45","code_parlimen":"P.110","total_voters":2602,"male":1303,"female":1299,"male_pct":50.1,"female_pct":49.9,"malay_pct":0.88,"chinese_pct":92.54,"indian_pct":4.84,"other_pct":1.74,"age_mean":54.52,"age_median":54.5,"contact_pct":79.67,"male_malay":12,"male_chinese":1206,"male_indian":62,"male_other":23,"female_malay":11,"female_chinese":1202,"female_indian":64,"female_other":22}},{"type":"Feature","geometry":{"type":"Point","coordinates":[101.7818502,3.1392298]},"properties":{"dm_code":"13.TAMAN RASMI JAYA","dun_code":"N.20","dun_prefix":"20","code_parlimen":"P.099","total_voters":2003,"male":949,"female":1054,"male_pct":47.4,"female_pct":52.6,"malay_pct":67,"chinese_pct":22.42,"indian_pct":9.54,"other_pct":1.04,"age_mean":46.14,"age_median":46.1,"contact_pct":78.68,"male_malay":636,"male_chinese":211,"male_indian":94,"male_other":8,"female_malay":706,"female_chinese":238,"female_indian":97,"female_other":13}},{"type":"Feature","geometry":{"type":"Point","coordinates":[101.71481,2.641609]},"properties":{"dm_code":"13.TAMAN SEROJA","dun_code":"N.56","dun_prefix":"56","code_parlimen":"P.113","total_voters":4845,"male":2443,"female":2402,"male_pct":50.4,"female_pct":49.6,"malay_pct":93.73,"chinese_pct":2.25,"indian_pct":3.12,"other_pct":0.9,"age_mean":36.43,"age_median":36.4,"contact_pct":70.26,"male_malay":2280,"male_chinese":68,"male_indian":75,"male_other":20,"female_malay":2261,"female_chinese":41,"female_indian":76,"female_other":24}},{"type":"Feature","geometry":{"type":"Point","coordinates":[101.74153,3.024866]},"properties":{"dm_code":"13.TAMING JAYA","dun_code":"N.27","dun_prefix":"27","code_parlimen":"P.102","total_voters":6409,"male":3200,"female":3209,"male_pct":49.9,"female_pct":50.1,"malay_pct":30.85,"chinese_pct":37.99,"indian_pct":14.51,"other_pct":16.65,"age_mean":44.02,"age_median":44,"contact_pct":83.65,"male_malay":1013,"male_chinese":1305,"male_indian":417,"male_other":465,"female_malay":964,"female_chinese":1130,"female_indian":513,"female_other":602}},{"type":"Feature","geometry":{"type":"Point","coordinates":[101.7785741,3.2026313]},"properties":{"dm_code":"13.UKAY PERDANA","dun_code":"N.19","dun_prefix":"19","code_parlimen":"P.099","total_voters":9022,"male":4410,"female":4612,"male_pct":48.9,"female_pct":51.1,"malay_pct":87.66,"chinese_pct":9.53,"indian_pct":1.97,"other_pct":0.84,"age_mean":36.03,"age_median":36,"contact_pct":70.51,"male_malay":3861,"male_chinese":422,"male_indian":91,"male_other":36,"female_malay":4048,"female_chinese":438,"female_indian":87,"female_other":39}},{"type":"Feature","geometry":{"type":"Point","coordinates":[101.581924,3.055251]},"properties":{"dm_code":"13.USJ 5","dun_code":"N.31","dun_prefix":"31","code_parlimen":"P.104","total_voters":2893,"male":1383,"female":1510,"male_pct":47.8,"female_pct":52.2,"malay_pct":21.6,"chinese_pct":56.69,"indian_pct":4.94,"other_pct":16.77,"age_mean":47.57,"age_median":47.6,"contact_pct":82.75,"male_malay":304,"male_chinese":801,"male_indian":75,"male_other":203,"female_malay":321,"female_chinese":839,"female_indian":68,"female_other":282}},{"type":"Feature","geometry":{"type":"Point","coordinates":[101.649001,3.050629]},"properties":{"dm_code":"14.BANDAR KINRARA SEKSYEN 2","dun_code":"N.30","dun_prefix":"30","code_parlimen":"P.104","total_voters":2669,"male":1308,"female":1361,"male_pct":49,"female_pct":51,"malay_pct":21.58,"chinese_pct":48.82,"indian_pct":13.71,"other_pct":15.89,"age_mean":45.9,"age_median":45.9,"contact_pct":81.64,"male_malay":292,"male_chinese":644,"male_indian":188,"male_other":184,"female_malay":284,"female_chinese":659,"female_indian":178,"female_other":240}},{"type":"Feature","geometry":{"type":"Point","coordinates":[101.3759011,3.0283667]},"properties":{"dm_code":"14.BANDAR SULTAN SULAIMAN","dun_code":"N.44","dun_prefix":"44","code_parlimen":"P.109","total_voters":7005,"male":3542,"female":3463,"male_pct":50.6,"female_pct":49.4,"malay_pct":88.28,"chinese_pct":1.51,"indian_pct":9.54,"other_pct":0.67,"age_mean":38.72,"age_median":38.7,"contact_pct":70.84,"male_malay":3131,"male_chinese":55,"male_indian":333,"male_other":23,"female_malay":3053,"female_chinese":51,"female_indian":335,"female_other":24}},{"type":"Feature","geometry":{"type":"Point","coordinates":[101.6160731,3.1495316]},"properties":{"dm_code":"14.BANDAR UTAMA BU 3 - BU 10","dun_code":"N.36","dun_prefix":"36","code_parlimen":"P.106","total_voters":6124,"male":2956,"female":3168,"male_pct":48.3,"female_pct":51.7,"malay_pct":10.48,"chinese_pct":78.54,"indian_pct":3.17,"other_pct":7.81,"age_mean":45.57,"age_median":45.6,"contact_pct":78.76,"male_malay":338,"male_chinese":2324,"male_indian":96,"male_other":198,"female_malay":304,"female_chinese":2486,"female_indian":98,"female_other":280}},{"type":"Feature","geometry":{"type":"Point","coordinates":[101.1504511,3.4513972]},"properties":{"dm_code":"14.BATU 11 TANJONG KARANG","dun_code":"N.08","dun_prefix":"08","code_parlimen":"P.095","total_voters":1907,"male":986,"female":921,"male_pct":51.7,"female_pct":48.3,"malay_pct":89.93,"chinese_pct":10.02,"indian_pct":0.05,"other_pct":0,"age_mean":40.12,"age_median":40.1,"contact_pct":76.61,"male_malay":881,"male_chinese":104,"male_indian":1,"male_other":0,"female_malay":834,"female_chinese":87,"female_indian":0,"female_other":0}},{"type":"Feature","geometry":{"type":"Point","coordinates":[101.4208187,3.0108692]},"properties":{"dm_code":"14.BUKIT ISTANA","dun_code":"N.47","dun_prefix":"47","code_parlimen":"P.110","total_voters":1825,"male":914,"female":911,"male_pct":50.1,"female_pct":49.9,"malay_pct":26.41,"chinese_pct":45.7,"indian_pct":26.14,"other_pct":1.75,"age_mean":52.07,"age_median":52.1,"contact_pct":75.18,"male_malay":242,"male_chinese":425,"male_indian":230,"male_other":17,"female_malay":240,"female_chinese":409,"female_indian":247,"female_other":15}},{"type":"Feature","geometry":{"type":"Point","coordinates":[101.5609889,3.4007016]},"properties":{"dm_code":"14.BUKIT SENTOSA 1 HINGGA 5","dun_code":"N.07","dun_prefix":"07","code_parlimen":"P.094","total_voters":5615,"male":2828,"female":2787,"male_pct":50.4,"female_pct":49.6,"malay_pct":69.23,"chinese_pct":15.07,"indian_pct":15.51,"other_pct":0.19,"age_mean":40.34,"age_median":40.3,"contact_pct":71.95,"male_malay":1969,"male_chinese":437,"male_indian":419,"male_other":3,"female_malay":1918,"female_chinese":409,"female_indian":452,"female_other":8}},{"type":"Feature","geometry":{"type":"Point","coordinates":[101.7259197,3.1068447]},"properties":{"dm_code":"14.CHERAS INDAH","dun_code":"N.21","dun_prefix":"21","code_parlimen":"P.100","total_voters":3812,"male":1885,"female":1927,"male_pct":49.4,"female_pct":50.6,"malay_pct":48.85,"chinese_pct":30.51,"indian_pct":6.66,"other_pct":13.98,"age_mean":46.59,"age_median":46.6,"contact_pct":84.86,"male_malay":940,"male_chinese":593,"male_indian":123,"male_other":229,"female_malay":922,"female_chinese":570,"female_indian":131,"female_other":304}},{"type":"Feature","geometry":{"type":"Point","coordinates":[101.7496854,3.1753738]},"properties":{"dm_code":"14.DESA KERAMAT AU 2B & AU 2C","dun_code":"N.18","dun_prefix":"18","code_parlimen":"P.098","total_voters":1298,"male":675,"female":623,"male_pct":52,"female_pct":48,"malay_pct":98.23,"chinese_pct":1.62,"indian_pct":0.08,"other_pct":0.07,"age_mean":43.4,"age_median":43.4,"contact_pct":77.97,"male_malay":667,"male_chinese":7,"male_indian":1,"male_other":0,"female_malay":608,"female_chinese":14,"female_indian":0,"female_other":1}},{"type":"Feature","geometry":{"type":"Point","coordinates":[101.6405921,3.453297]},"properties":{"dm_code":"14.HULU YAM LAMA","dun_code":"N.06","dun_prefix":"06","code_parlimen":"P.094","total_voters":986,"male":498,"female":488,"male_pct":50.5,"female_pct":49.5,"malay_pct":29.92,"chinese_pct":67.34,"indian_pct":2.54,"other_pct":0.2,"age_mean":45.95,"age_median":46,"contact_pct":82.96,"male_malay":142,"male_chinese":342,"male_indian":14,"male_other":0,"female_malay":153,"female_chinese":322,"female_indian":11,"female_other":2}},{"type":"Feature","geometry":{"type":"Point","coordinates":[101.7561398,2.975831]},"properties":{"dm_code":"14.IMPIAN EHSAN","dun_code":"N.26","dun_prefix":"26","code_parlimen":"P.102","total_voters":12885,"male":6507,"female":6378,"male_pct":50.5,"female_pct":49.5,"malay_pct":72.56,"chinese_pct":13.76,"indian_pct":6.36,"other_pct":7.32,"age_mean":37.3,"age_median":37.3,"contact_pct":78.97,"male_malay":4711,"male_chinese":944,"male_indian":400,"male_other":452,"female_malay":4639,"female_chinese":829,"female_indian":419,"female_other":491}},{"type":"Feature","geometry":{"type":"Point","coordinates":[101.4789669,3.0283256]},"properties":{"dm_code":"14.JALAN KEBUN","dun_code":"N.49","dun_prefix":"49","code_parlimen":"P.111","total_voters":6212,"male":3054,"female":3158,"male_pct":49.2,"female_pct":50.8,"malay_pct":98.16,"chinese_pct":0.79,"indian_pct":0.63,"other_pct":0.42,"age_mean":40.19,"age_median":40.2,"contact_pct":73.78,"male_malay":2988,"male_chinese":28,"male_indian":20,"male_other":18,"female_malay":3110,"female_chinese":21,"female_indian":19,"female_other":8}},{"type":"Feature","geometry":{"type":"Point","coordinates":[101.443944,3.0925067]},"properties":{"dm_code":"14.JALAN MERU","dun_code":"N.45","dun_prefix":"45","code_parlimen":"P.110","total_voters":2461,"male":1194,"female":1267,"male_pct":48.5,"female_pct":51.5,"malay_pct":6.01,"chinese_pct":81.51,"indian_pct":9.43,"other_pct":3.05,"age_mean":45.49,"age_median":45.5,"contact_pct":79.76,"male_malay":71,"male_chinese":996,"male_indian":94,"male_other":33,"female_malay":77,"female_chinese":1010,"female_indian":138,"female_other":42}},{"type":"Feature","geometry":{"type":"Point","coordinates":[101.76264,3.138623]},"properties":{"dm_code":"14.KAMPUNG BAHARU AMPANG KEDUA","dun_code":"N.19","dun_prefix":"19","code_parlimen":"P.099","total_voters":4673,"male":2320,"female":2353,"male_pct":49.6,"female_pct":50.4,"malay_pct":28.72,"chinese_pct":60.88,"indian_pct":7.19,"other_pct":3.21,"age_mean":43.21,"age_median":43.2,"contact_pct":79.29,"male_malay":670,"male_chinese":1433,"male_indian":147,"male_other":70,"female_malay":672,"female_chinese":1412,"female_indian":189,"female_other":80}},{"type":"Feature","geometry":{"type":"Point","coordinates":[101.5673684,3.6407352]},"properties":{"dm_code":"14.KAMPUNG BAHARU KALUMPANG","dun_code":"N.05","dun_prefix":"05","code_parlimen":"P.094","total_voters":1910,"male":1018,"female":892,"male_pct":53.3,"female_pct":46.7,"malay_pct":9.58,"chinese_pct":87.91,"indian_pct":2.46,"other_pct":0.05,"age_mean":53.11,"age_median":53.1,"contact_pct":79.53,"male_malay":88,"male_chinese":916,"male_indian":14,"male_other":0,"female_malay":95,"female_chinese":763,"female_indian":33,"female_other":1}},{"type":"Feature","geometry":{"type":"Point","coordinates":[101.7772373,3.010876]},"properties":{"dm_code":"14.KAMPUNG BATU 13","dun_code":"N.29","dun_prefix":"29","code_parlimen":"P.103","total_voters":6140,"male":3109,"female":3031,"male_pct":50.6,"female_pct":49.4,"malay_pct":97.79,"chinese_pct":0.72,"indian_pct":0.88,"other_pct":0.61,"age_mean":39.85,"age_median":39.9,"contact_pct":70.26,"male_malay":3036,"male_chinese":28,"male_indian":25,"male_other":20,"female_malay":2968,"female_chinese":16,"female_indian":29,"female_other":18}},{"type":"Feature","geometry":{"type":"Point","coordinates":[100.9568802,3.7538122]},"properties":{"dm_code":"14.KAMPUNG BATU 38 BARUH","dun_code":"N.01","dun_prefix":"01","code_parlimen":"P.092","total_voters":1442,"male":706,"female":736,"male_pct":49,"female_pct":51,"malay_pct":95.49,"chinese_pct":4.37,"indian_pct":0.14,"other_pct":0,"age_mean":44.21,"age_median":44.2,"contact_pct":83.84,"male_malay":676,"male_chinese":29,"male_indian":1,"male_other":0,"female_malay":701,"female_chinese":34,"female_indian":1,"female_other":0}},{"type":"Feature","geometry":{"type":"Point","coordinates":[101.546811,3.077519]},"properties":{"dm_code":"14.KAMPUNG BATU TIGA","dun_code":"N.43","dun_prefix":"43","code_parlimen":"P.109","total_voters":5508,"male":2711,"female":2797,"male_pct":49.2,"female_pct":50.8,"malay_pct":68.75,"chinese_pct":20.44,"indian_pct":9.53,"other_pct":1.28,"age_mean":40.87,"age_median":40.9,"contact_pct":75.16,"male_malay":1849,"male_chinese":578,"male_indian":257,"male_other":27,"female_malay":1938,"female_chinese":548,"female_indian":268,"female_other":43}},{"type":"Feature","geometry":{"type":"Point","coordinates":[101.6507048,3.259684]},"properties":{"dm_code":"14.KAMPUNG SELAYANG INDAH","dun_code":"N.15","dun_prefix":"15","code_parlimen":"P.097","total_voters":3328,"male":1652,"female":1676,"male_pct":49.6,"female_pct":50.4,"malay_pct":86.72,"chinese_pct":8.53,"indian_pct":4.69,"other_pct":0.06,"age_mean":40.82,"age_median":40.8,"contact_pct":73.83,"male_malay":1424,"male_chinese":148,"male_indian":78,"male_other":2,"female_malay":1462,"female_chinese":136,"female_indian":78,"female_other":0}},{"type":"Feature","geometry":{"type":"Point","coordinates":[101.6540669,3.100449]},"properties":{"dm_code":"14.KAWASAN BANGUNAN K.K.P.L","dun_code":"N.34","dun_prefix":"34","code_parlimen":"P.105","total_voters":1815,"male":866,"female":949,"male_pct":47.7,"female_pct":52.3,"malay_pct":9.04,"chinese_pct":46.89,"indian_pct":36.58,"other_pct":7.49,"age_mean":56.38,"age_median":56.4,"contact_pct":74.38,"male_malay":89,"male_chinese":407,"male_indian":306,"male_other":64,"female_malay":75,"female_chinese":444,"female_indian":358,"female_other":72}},{"type":"Feature","geometry":{"type":"Point","coordinates":[101.5766438,3.156324]},"properties":{"dm_code":"14.KOTA DAMANSARA SEKSYEN 6","dun_code":"N.39","dun_prefix":"39","code_parlimen":"P.107","total_voters":7771,"male":3804,"female":3967,"male_pct":49,"female_pct":51,"malay_pct":75.83,"chinese_pct":9.56,"indian_pct":12.92,"other_pct":1.69,"age_mean":38.66,"age_median":38.7,"contact_pct":79.13,"male_malay":2932,"male_chinese":358,"male_indian":455,"male_other":59,"female_malay":2961,"female_chinese":385,"female_indian":549,"female_other":72}},{"type":"Feature","geometry":{"type":"Point","coordinates":[101.5578461,3.315936]},"properties":{"dm_code":"14.KOTA EMERALD EAST & WEST","dun_code":"N.14","dun_prefix":"14","code_parlimen":"P.097","total_voters":4910,"male":2455,"female":2455,"male_pct":50,"female_pct":50,"malay_pct":38.74,"chinese_pct":44.26,"indian_pct":16.74,"other_pct":0.26,"age_mean":37.77,"age_median":37.8,"contact_pct":74.11,"male_malay":956,"male_chinese":1088,"male_indian":406,"male_other":5,"female_malay":946,"female_chinese":1085,"female_indian":416,"female_other":8}},{"type":"Feature","geometry":{"type":"Point","coordinates":[101.8372219,2.851692]},"properties":{"dm_code":"14.KUALA PAJAM","dun_code":"N.24","dun_prefix":"24","code_parlimen":"P.101","total_voters":1325,"male":621,"female":704,"male_pct":46.9,"female_pct":53.1,"malay_pct":99.47,"chinese_pct":0.23,"indian_pct":0,"other_pct":0.3,"age_mean":44.71,"age_median":44.7,"contact_pct":85.89,"male_malay":616,"male_chinese":2,"male_indian":0,"male_other":3,"female_malay":702,"female_chinese":1,"female_indian":0,"female_other":1}},{"type":"Feature","geometry":{"type":"Point","coordinates":[101.5393805,3.071242]},"properties":{"dm_code":"14.PANGSAPURI S7","dun_code":"N.40","dun_prefix":"40","code_parlimen":"P.108","total_voters":11241,"male":5582,"female":5659,"male_pct":49.7,"female_pct":50.3,"malay_pct":86.32,"chinese_pct":3.64,"indian_pct":9.33,"other_pct":0.71,"age_mean":36.1,"age_median":36.1,"contact_pct":74.63,"male_malay":4883,"male_chinese":187,"male_indian":473,"male_other":39,"female_malay":4820,"female_chinese":222,"female_indian":576,"female_other":41}},{"type":"Feature","geometry":{"type":"Point","coordinates":[100.9821165,3.7677994]},"properties":{"dm_code":"14.PARIT TIGA & EMPAT","dun_code":"N.02","dun_prefix":"02","code_parlimen":"P.092","total_voters":1494,"male":775,"female":719,"male_pct":51.9,"female_pct":48.1,"malay_pct":99.87,"chinese_pct":0.13,"indian_pct":0,"other_pct":0,"age_mean":44.33,"age_median":44.3,"contact_pct":73.83,"male_malay":774,"male_chinese":1,"male_indian":0,"male_other":0,"female_malay":718,"female_chinese":1,"female_indian":0,"female_other":0}},{"type":"Feature","geometry":{"type":"Point","coordinates":[101.5248055,3.509247]},"properties":{"dm_code":"14.PERMATANG","dun_code":"N.09","dun_prefix":"09","code_parlimen":"P.095","total_voters":1968,"male":987,"female":981,"male_pct":50.2,"female_pct":49.8,"malay_pct":60.62,"chinese_pct":34.96,"indian_pct":4.27,"other_pct":0.15,"age_mean":44.22,"age_median":44.2,"contact_pct":83.13,"male_malay":574,"male_chinese":372,"male_indian":38,"male_other":3,"female_malay":619,"female_chinese":316,"female_indian":46,"female_other":0}},{"type":"Feature","geometry":{"type":"Point","coordinates":[101.693885,3.252888]},"properties":{"dm_code":"14.PINGGIRAN BATU CAVES","dun_code":"N.17","dun_prefix":"17","code_parlimen":"P.098","total_voters":8253,"male":3990,"female":4263,"male_pct":48.3,"female_pct":51.7,"malay_pct":70.68,"chinese_pct":15.07,"indian_pct":14.16,"other_pct":0.09,"age_mean":40.08,"age_median":40.1,"contact_pct":76.54,"male_malay":2812,"male_chinese":614,"male_indian":560,"male_other":4,"female_malay":3021,"female_chinese":630,"female_indian":609,"female_other":3}},{"type":"Feature","geometry":{"type":"Point","coordinates":[101.6076719,3.077349]},"properties":{"dm_code":"14.PJS 10/17 - PJS 10/34","dun_code":"N.32","dun_prefix":"32","code_parlimen":"P.105","total_voters":2943,"male":1468,"female":1475,"male_pct":49.9,"female_pct":50.1,"malay_pct":30.85,"chinese_pct":36.94,"indian_pct":27.9,"other_pct":4.31,"age_mean":49.47,"age_median":49.5,"contact_pct":83.93,"male_malay":460,"male_chinese":539,"male_indian":405,"male_other":64,"female_malay":448,"female_chinese":548,"female_indian":416,"female_other":63}},{"type":"Feature","geometry":{"type":"Point","coordinates":[101.6330172,3.0781294]},"properties":{"dm_code":"14.PJS 2D","dun_code":"N.33","dun_prefix":"33","code_parlimen":"P.105","total_voters":3485,"male":1776,"female":1709,"male_pct":51,"female_pct":49,"malay_pct":97.33,"chinese_pct":0.26,"indian_pct":2.12,"other_pct":0.29,"age_mean":40.97,"age_median":41,"contact_pct":78.31,"male_malay":1729,"male_chinese":4,"male_indian":41,"male_other":2,"female_malay":1663,"female_chinese":5,"female_indian":33,"female_other":8}},{"type":"Feature","geometry":{"type":"Point","coordinates":[101.6791481,2.858864]},"properties":{"dm_code":"14.RTB DATOK HARUN","dun_code":"N.55","dun_prefix":"55","code_parlimen":"P.113","total_voters":2207,"male":1110,"female":1097,"male_pct":50.3,"female_pct":49.7,"malay_pct":98.1,"chinese_pct":0.45,"indian_pct":1,"other_pct":0.45,"age_mean":37.37,"age_median":37.4,"contact_pct":69.19,"male_malay":1091,"male_chinese":6,"male_indian":7,"male_other":6,"female_malay":1074,"female_chinese":4,"female_indian":15,"female_other":4}},{"type":"Feature","geometry":{"type":"Point","coordinates":[101.2463485,3.3416401]},"properties":{"dm_code":"14.SASARAN JERAM","dun_code":"N.10","dun_prefix":"10","code_parlimen":"P.096","total_voters":1923,"male":960,"female":963,"male_pct":49.9,"female_pct":50.1,"malay_pct":49.19,"chinese_pct":42.17,"indian_pct":8.63,"other_pct":0.01,"age_mean":44.02,"age_median":44,"contact_pct":76.81,"male_malay":457,"male_chinese":418,"male_indian":85,"male_other":0,"female_malay":489,"female_chinese":393,"female_indian":81,"female_other":0}},{"type":"Feature","geometry":{"type":"Point","coordinates":[101.4148107,2.9929468]},"properties":{"dm_code":"14.SELAT SELATAN","dun_code":"N.46","dun_prefix":"46","code_parlimen":"P.110","total_voters":4225,"male":2111,"female":2114,"male_pct":50,"female_pct":50,"malay_pct":46.49,"chinese_pct":22.93,"indian_pct":28.8,"other_pct":1.78,"age_mean":35.88,"age_median":35.9,"contact_pct":74.3,"male_malay":1004,"male_chinese":515,"male_indian":566,"male_other":26,"female_malay":960,"female_chinese":454,"female_indian":651,"female_other":49}},{"type":"Feature","geometry":{"type":"Point","coordinates":[101.7332428,3.0144366]},"properties":{"dm_code":"14.SERI KEMBANGAN 3","dun_code":"N.28","dun_prefix":"28","code_parlimen":"P.103","total_voters":1372,"male":654,"female":718,"male_pct":47.7,"female_pct":52.3,"malay_pct":1.6,"chinese_pct":70.12,"indian_pct":1.38,"other_pct":26.9,"age_mean":55.71,"age_median":55.7,"contact_pct":81.63,"male_malay":8,"male_chinese":472,"male_indian":8,"male_other":166,"female_malay":14,"female_chinese":490,"female_indian":11,"female_other":203}},{"type":"Feature","geometry":{"type":"Point","coordinates":[101.546811,3.077519]},"properties":{"dm_code":"14.SHAH ALAM S 17 BARAT","dun_code":"N.41","dun_prefix":"41","code_parlimen":"P.108","total_voters":3806,"male":1846,"female":1960,"male_pct":48.5,"female_pct":51.5,"malay_pct":81.95,"chinese_pct":3.94,"indian_pct":13.66,"other_pct":0.45,"age_mean":45,"age_median":45,"contact_pct":81.98,"male_malay":1524,"male_chinese":73,"male_indian":242,"male_other":7,"female_malay":1595,"female_chinese":77,"female_indian":278,"female_other":10}},{"type":"Feature","geometry":{"type":"Point","coordinates":[101.5349271,3.0054171]},"properties":{"dm_code":"14.SHAH ALAM S 26","dun_code":"N.50","dun_prefix":"50","code_parlimen":"P.111","total_voters":2475,"male":1255,"female":1220,"male_pct":50.7,"female_pct":49.3,"malay_pct":60.08,"chinese_pct":23.6,"indian_pct":14.02,"other_pct":2.3,"age_mean":42.74,"age_median":42.7,"contact_pct":82.3,"male_malay":762,"male_chinese":295,"male_indian":171,"male_other":27,"female_malay":725,"female_chinese":289,"female_indian":176,"female_other":30}},{"type":"Feature","geometry":{"type":"Point","coordinates":[101.8335811,3.133909800000001]},"properties":{"dm_code":"14.SRI NANDING","dun_code":"N.23","dun_prefix":"23","code_parlimen":"P.101","total_voters":5978,"male":2935,"female":3043,"male_pct":49.1,"female_pct":50.9,"malay_pct":90.65,"chinese_pct":3.08,"indian_pct":4.48,"other_pct":1.79,"age_mean":41.33,"age_median":41.3,"contact_pct":78.1,"male_malay":2659,"male_chinese":100,"male_indian":128,"male_other":48,"female_malay":2760,"female_chinese":84,"female_indian":140,"female_other":59}},{"type":"Feature","geometry":{"type":"Point","coordinates":[101.782071,2.9904687]},"properties":{"dm_code":"14.SUNGAI CHUA SATU","dun_code":"N.27","dun_prefix":"27","code_parlimen":"P.102","total_voters":9297,"male":4613,"female":4684,"male_pct":49.6,"female_pct":50.4,"malay_pct":21.76,"chinese_pct":47.21,"indian_pct":8.49,"other_pct":22.54,"age_mean":42.54,"age_median":42.5,"contact_pct":75.22,"male_malay":1002,"male_chinese":2394,"male_indian":349,"male_other":868,"female_malay":1021,"female_chinese":1995,"female_indian":440,"female_other":1228}},{"type":"Feature","geometry":{"type":"Point","coordinates":[101.8105136,2.9912434]},"properties":{"dm_code":"14.SUNGAI JELUK","dun_code":"N.25","dun_prefix":"25","code_parlimen":"P.102","total_voters":2921,"male":1445,"female":1476,"male_pct":49.5,"female_pct":50.5,"malay_pct":40.64,"chinese_pct":28.72,"indian_pct":16.67,"other_pct":13.97,"age_mean":41.76,"age_median":41.8,"contact_pct":76.96,"male_malay":574,"male_chinese":456,"male_indian":239,"male_other":176,"female_malay":613,"female_chinese":383,"female_indian":248,"female_other":232}},{"type":"Feature","geometry":{"type":"Point","coordinates":[101.5469467,2.7899031]},"properties":{"dm_code":"14.SUNGAI KELAMBU","dun_code":"N.54","dun_prefix":"54","code_parlimen":"P.113","total_voters":2099,"male":1022,"female":1077,"male_pct":48.7,"female_pct":51.3,"malay_pct":98.62,"chinese_pct":0.1,"indian_pct":1.19,"other_pct":0.09,"age_mean":41.9,"age_median":41.9,"contact_pct":72.89,"male_malay":1006,"male_chinese":1,"male_indian":13,"male_other":2,"female_malay":1064,"female_chinese":1,"female_indian":12,"female_other":0}},{"type":"Feature","geometry":{"type":"Point","coordinates":[101.064532,3.597181]},"properties":{"dm_code":"14.SUNGAI NIBONG","dun_code":"N.03","dun_prefix":"03","code_parlimen":"P.093","total_voters":2041,"male":994,"female":1047,"male_pct":48.7,"female_pct":51.3,"malay_pct":99.71,"chinese_pct":0.29,"indian_pct":0,"other_pct":0,"age_mean":42.11,"age_median":42.1,"contact_pct":72.91,"male_malay":993,"male_chinese":1,"male_indian":0,"male_other":0,"female_malay":1042,"female_chinese":5,"female_indian":0,"female_other":0}},{"type":"Feature","geometry":{"type":"Point","coordinates":[101.6221541,3.0865677]},"properties":{"dm_code":"14.SUNGAI WAY SELATAN SATU","dun_code":"N.35","dun_prefix":"35","code_parlimen":"P.106","total_voters":1670,"male":837,"female":833,"male_pct":50.1,"female_pct":49.9,"malay_pct":17.49,"chinese_pct":68.32,"indian_pct":8.32,"other_pct":5.87,"age_mean":52.19,"age_median":52.2,"contact_pct":79.4,"male_malay":176,"male_chinese":552,"male_indian":68,"male_other":41,"female_malay":116,"female_chinese":589,"female_indian":71,"female_other":57}},{"type":"Feature","geometry":{"type":"Point","coordinates":[101.6319804,3.2164899]},"properties":{"dm_code":"14.TAMAN EHSAN JALAN 4","dun_code":"N.37","dun_prefix":"37","code_parlimen":"P.106","total_voters":3344,"male":1655,"female":1689,"male_pct":49.5,"female_pct":50.5,"malay_pct":40.16,"chinese_pct":45.13,"indian_pct":11.03,"other_pct":3.68,"age_mean":49.01,"age_median":49,"contact_pct":80.95,"male_malay":671,"male_chinese":752,"male_indian":179,"male_other":53,"female_malay":672,"female_chinese":757,"female_indian":190,"female_other":70}},{"type":"Feature","geometry":{"type":"Point","coordinates":[101.71481,2.641609]},"properties":{"dm_code":"14.TAMAN MAWAR","dun_code":"N.56","dun_prefix":"56","code_parlimen":"P.113","total_voters":3395,"male":1685,"female":1710,"male_pct":49.6,"female_pct":50.4,"malay_pct":96.97,"chinese_pct":0.44,"indian_pct":2.42,"other_pct":0.17,"age_mean":35.49,"age_median":35.5,"contact_pct":68.31,"male_malay":1637,"male_chinese":4,"male_indian":41,"male_other":3,"female_malay":1655,"female_chinese":11,"female_indian":41,"female_other":3}},{"type":"Feature","geometry":{"type":"Point","coordinates":[101.4453422,2.9458799]},"properties":{"dm_code":"14.TAMAN PANGLIMA","dun_code":"N.51","dun_prefix":"51","code_parlimen":"P.112","total_voters":3599,"male":1778,"female":1821,"male_pct":49.4,"female_pct":50.6,"malay_pct":25.92,"chinese_pct":28.45,"indian_pct":44.04,"other_pct":1.59,"age_mean":38.93,"age_median":38.9,"contact_pct":71.1,"male_malay":465,"male_chinese":529,"male_indian":758,"male_other":26,"female_malay":468,"female_chinese":495,"female_indian":827,"female_other":31}},{"type":"Feature","geometry":{"type":"Point","coordinates":[101.7806033,3.1279057]},"properties":{"dm_code":"14.TASIK PERMAI","dun_code":"N.22","dun_prefix":"22","code_parlimen":"P.100","total_voters":7022,"male":3458,"female":3564,"male_pct":49.2,"female_pct":50.8,"malay_pct":39.09,"chinese_pct":29.44,"indian_pct":19.31,"other_pct":12.16,"age_mean":44.26,"age_median":44.3,"contact_pct":81.44,"male_malay":1392,"male_chinese":1076,"male_indian":653,"male_other":337,"female_malay":1353,"female_chinese":991,"female_indian":703,"female_other":517}},{"type":"Feature","geometry":{"type":"Point","coordinates":[101.7818502,3.1392298]},"properties":{"dm_code":"14.TASIK TAMBAHAN SELATAN","dun_code":"N.20","dun_prefix":"20","code_parlimen":"P.099","total_voters":6491,"male":3254,"female":3237,"male_pct":50.1,"female_pct":49.9,"malay_pct":78.08,"chinese_pct":12.88,"indian_pct":8.63,"other_pct":0.41,"age_mean":42.98,"age_median":43,"contact_pct":79.25,"male_malay":2558,"male_chinese":420,"male_indian":261,"male_other":15,"female_malay":2510,"female_chinese":416,"female_indian":299,"female_other":12}},{"type":"Feature","geometry":{"type":"Point","coordinates":[101.58809,3.053614]},"properties":{"dm_code":"14.USJ 6","dun_code":"N.31","dun_prefix":"31","code_parlimen":"P.104","total_voters":7058,"male":3349,"female":3709,"male_pct":47.4,"female_pct":52.6,"malay_pct":29.09,"chinese_pct":47.76,"indian_pct":9.28,"other_pct":13.87,"age_mean":47.16,"age_median":47.2,"contact_pct":82.08,"male_malay":986,"male_chinese":1640,"male_indian":317,"male_other":406,"female_malay":1067,"female_chinese":1731,"female_indian":338,"female_other":573}},{"type":"Feature","geometry":{"type":"Point","coordinates":[101.1755565,3.4100437]},"properties":{"dm_code":"15.BAGAN PASIR TANJONG KARANG","dun_code":"N.08","dun_prefix":"08","code_parlimen":"P.095","total_voters":1450,"male":762,"female":688,"male_pct":52.6,"female_pct":47.4,"malay_pct":29.93,"chinese_pct":69.86,"indian_pct":0,"other_pct":0.21,"age_mean":43.54,"age_median":43.5,"contact_pct":77.59,"male_malay":213,"male_chinese":549,"male_indian":0,"male_other":0,"female_malay":221,"female_chinese":464,"female_indian":0,"female_other":3}},{"type":"Feature","geometry":{"type":"Point","coordinates":[101.649765,3.065947]},"properties":{"dm_code":"15.BANDAR KINRARA SEKSYEN 3","dun_code":"N.30","dun_prefix":"30","code_parlimen":"P.104","total_voters":2241,"male":1066,"female":1175,"male_pct":47.6,"female_pct":52.4,"malay_pct":28.11,"chinese_pct":43.6,"indian_pct":16.11,"other_pct":12.18,"age_mean":42.7,"age_median":42.7,"contact_pct":78.05,"male_malay":302,"male_chinese":475,"male_indian":167,"male_other":122,"female_malay":328,"female_chinese":502,"female_indian":194,"female_other":151}},{"type":"Feature","geometry":{"type":"Point","coordinates":[101.660099,3.458561]},"properties":{"dm_code":"15.BANDAR UTAMA BATANG KALI","dun_code":"N.06","dun_prefix":"06","code_parlimen":"P.094","total_voters":9552,"male":4598,"female":4954,"male_pct":48.1,"female_pct":51.9,"malay_pct":79.36,"chinese_pct":8.64,"indian_pct":11.89,"other_pct":0.11,"age_mean":38.66,"age_median":38.7,"contact_pct":71.05,"male_malay":3647,"male_chinese":412,"male_indian":536,"male_other":3,"female_malay":3933,"female_chinese":413,"female_indian":600,"female_other":8}},{"type":"Feature","geometry":{"type":"Point","coordinates":[101.60455,3.13351]},"properties":{"dm_code":"15.BANDAR UTAMA BU 11 - BU 12","dun_code":"N.36","dun_prefix":"36","code_parlimen":"P.106","total_voters":4768,"male":2272,"female":2496,"male_pct":47.7,"female_pct":52.3,"malay_pct":17.03,"chinese_pct":73.53,"indian_pct":3.4,"other_pct":6.04,"age_mean":44.01,"age_median":44,"contact_pct":77.39,"male_malay":382,"male_chinese":1686,"male_indian":76,"male_other":128,"female_malay":430,"female_chinese":1820,"female_indian":86,"female_other":160}},{"type":"Feature","geometry":{"type":"Point","coordinates":[101.5351701,3.1071668]},"properties":{"dm_code":"15.BUKIT JELUTONG U8","dun_code":"N.40","dun_prefix":"40","code_parlimen":"P.108","total_voters":10289,"male":5052,"female":5237,"male_pct":49.1,"female_pct":50.9,"malay_pct":65.47,"chinese_pct":27.28,"indian_pct":3.78,"other_pct":3.47,"age_mean":39.18,"age_median":39.2,"contact_pct":80.32,"male_malay":3305,"male_chinese":1395,"male_indian":201,"male_other":151,"female_malay":3431,"female_chinese":1412,"female_indian":188,"female_other":206}},{"type":"Feature","geometry":{"type":"Point","coordinates":[101.4453422,2.9458799]},"properties":{"dm_code":"15.BUKIT KEMANDUL","dun_code":"N.51","dun_prefix":"51","code_parlimen":"P.112","total_voters":1716,"male":870,"female":846,"male_pct":50.7,"female_pct":49.3,"malay_pct":45.51,"chinese_pct":35.49,"indian_pct":9.38,"other_pct":9.62,"age_mean":38.5,"age_median":38.5,"contact_pct":66.67,"male_malay":373,"male_chinese":311,"male_indian":84,"male_other":102,"female_malay":408,"female_chinese":298,"female_indian":77,"female_other":63}},{"type":"Feature","geometry":{"type":"Point","coordinates":[101.5676399,3.398464]},"properties":{"dm_code":"15.BUKIT SENTOSA 6 HINGGA 12","dun_code":"N.07","dun_prefix":"07","code_parlimen":"P.094","total_voters":12736,"male":6271,"female":6465,"male_pct":49.2,"female_pct":50.8,"malay_pct":87.94,"chinese_pct":5.23,"indian_pct":6.76,"other_pct":0.07,"age_mean":37.19,"age_median":37.2,"contact_pct":67.23,"male_malay":5489,"male_chinese":338,"male_indian":442,"male_other":2,"female_malay":5711,"female_chinese":328,"female_indian":419,"female_other":7}},{"type":"Feature","geometry":{"type":"Point","coordinates":[101.6963561,3.025393]},"properties":{"dm_code":"15.BUKIT SERDANG","dun_code":"N.28","dun_prefix":"28","code_parlimen":"P.103","total_voters":14644,"male":7376,"female":7268,"male_pct":50.4,"female_pct":49.6,"malay_pct":8.15,"chinese_pct":59.87,"indian_pct":5.73,"other_pct":26.25,"age_mean":39.74,"age_median":39.7,"contact_pct":76.79,"male_malay":598,"male_chinese":4692,"male_indian":416,"male_other":1670,"female_malay":595,"female_chinese":4076,"female_indian":423,"female_other":2174}},{"type":"Feature","geometry":{"type":"Point","coordinates":[101.563832,3.322021]},"properties":{"dm_code":"15.GARING JAYA","dun_code":"N.14","dun_prefix":"14","code_parlimen":"P.097","total_voters":6745,"male":3284,"female":3461,"male_pct":48.7,"female_pct":51.3,"malay_pct":28.23,"chinese_pct":22.99,"indian_pct":48.6,"other_pct":0.18,"age_mean":39.17,"age_median":39.2,"contact_pct":71.55,"male_malay":933,"male_chinese":788,"male_indian":1559,"male_other":4,"female_malay":971,"female_chinese":763,"female_indian":1719,"female_other":8}},{"type":"Feature","geometry":{"type":"Point","coordinates":[101.4892188,3.037822]},"properties":{"dm_code":"15.JOHAN SETIA","dun_code":"N.49","dun_prefix":"49","code_parlimen":"P.111","total_voters":6803,"male":3331,"female":3472,"male_pct":49,"female_pct":51,"malay_pct":95.35,"chinese_pct":0.78,"indian_pct":3.56,"other_pct":0.31,"age_mean":39.38,"age_median":39.4,"contact_pct":73.13,"male_malay":3190,"male_chinese":25,"male_indian":111,"male_other":5,"female_malay":3297,"female_chinese":28,"female_indian":131,"female_other":16}},{"type":"Feature","geometry":{"type":"Point","coordinates":[101.7818502,3.1392298]},"properties":{"dm_code":"15.KAMPUNG AMPANG INDAH","dun_code":"N.20","dun_prefix":"20","code_parlimen":"P.099","total_voters":7439,"male":3595,"female":3844,"male_pct":48.3,"female_pct":51.7,"malay_pct":70.39,"chinese_pct":15.42,"indian_pct":12.76,"other_pct":1.43,"age_mean":37.88,"age_median":37.9,"contact_pct":71.04,"male_malay":2538,"male_chinese":595,"male_indian":415,"male_other":47,"female_malay":2698,"female_chinese":552,"female_indian":534,"female_other":60}},{"type":"Feature","geometry":{"type":"Point","coordinates":[100.8586771,3.8249256]},"properties":{"dm_code":"15.KAMPUNG BAHARU","dun_code":"N.01","dun_prefix":"01","code_parlimen":"P.092","total_voters":1109,"male":552,"female":557,"male_pct":49.8,"female_pct":50.2,"malay_pct":95.49,"chinese_pct":1.62,"indian_pct":2.89,"other_pct":0,"age_mean":43.89,"age_median":43.9,"contact_pct":76.92,"male_malay":526,"male_chinese":6,"male_indian":20,"male_other":0,"female_malay":533,"female_chinese":12,"female_indian":12,"female_other":0}},{"type":"Feature","geometry":{"type":"Point","coordinates":[101.76264,3.138623]},"properties":{"dm_code":"15.KAMPUNG BAHARU AMPANG PERTAMA","dun_code":"N.19","dun_prefix":"19","code_parlimen":"P.099","total_voters":2488,"male":1203,"female":1285,"male_pct":48.4,"female_pct":51.6,"malay_pct":22.83,"chinese_pct":69.53,"indian_pct":3.62,"other_pct":4.02,"age_mean":45.3,"age_median":45.3,"contact_pct":74.68,"male_malay":280,"male_chinese":837,"male_indian":37,"male_other":49,"female_malay":288,"female_chinese":893,"female_indian":53,"female_other":51}},{"type":"Feature","geometry":{"type":"Point","coordinates":[101.6372498,3.0732207]},"properties":{"dm_code":"15.KAMPUNG MEDAN","dun_code":"N.33","dun_prefix":"33","code_parlimen":"P.105","total_voters":1293,"male":639,"female":654,"male_pct":49.4,"female_pct":50.6,"malay_pct":73.24,"chinese_pct":1.08,"indian_pct":25.21,"other_pct":0.47,"age_mean":61.16,"age_median":61.2,"contact_pct":90.02,"male_malay":481,"male_chinese":5,"male_indian":151,"male_other":2,"female_malay":466,"female_chinese":9,"female_indian":175,"female_other":4}},{"type":"Feature","geometry":{"type":"Point","coordinates":[101.778278,3.069598]},"properties":{"dm_code":"15.KAMPUNG MELAKA","dun_code":"N.23","dun_prefix":"23","code_parlimen":"P.101","total_voters":4249,"male":2047,"female":2202,"male_pct":48.2,"female_pct":51.8,"malay_pct":61,"chinese_pct":22.69,"indian_pct":5.67,"other_pct":10.64,"age_mean":41.57,"age_median":41.6,"contact_pct":74.09,"male_malay":1252,"male_chinese":493,"male_indian":112,"male_other":190,"female_malay":1340,"female_chinese":471,"female_indian":129,"female_other":262}},{"type":"Feature","geometry":{"type":"Point","coordinates":[101.414322,3.019452]},"properties":{"dm_code":"15.KAMPUNG RAJA UDA TIMUR","dun_code":"N.44","dun_prefix":"44","code_parlimen":"P.109","total_voters":4663,"male":2222,"female":2441,"male_pct":47.7,"female_pct":52.3,"malay_pct":55.14,"chinese_pct":26.25,"indian_pct":17.01,"other_pct":1.6,"age_mean":46.77,"age_median":46.8,"contact_pct":81.69,"male_malay":1251,"male_chinese":584,"male_indian":351,"male_other":36,"female_malay":1320,"female_chinese":640,"female_indian":442,"female_other":39}},{"type":"Feature","geometry":{"type":"Point","coordinates":[101.4689729,3.06158]},"properties":{"dm_code":"15.KLANG KAWASAN 19","dun_code":"N.45","dun_prefix":"45","code_parlimen":"P.110","total_voters":9953,"male":4812,"female":5141,"male_pct":48.3,"female_pct":51.7,"malay_pct":14.37,"chinese_pct":70.08,"indian_pct":13.44,"other_pct":2.11,"age_mean":43.83,"age_median":43.8,"contact_pct":79.84,"male_malay":668,"male_chinese":3423,"male_indian":646,"male_other":75,"female_malay":762,"female_chinese":3552,"female_indian":692,"female_other":135}},{"type":"Feature","geometry":{"type":"Point","coordinates":[101.5811161,3.17989]},"properties":{"dm_code":"15.KOTA DAMANSARA SEKSYEN 8 DAN 9","dun_code":"N.39","dun_prefix":"39","code_parlimen":"P.107","total_voters":6136,"male":2919,"female":3217,"male_pct":47.6,"female_pct":52.4,"malay_pct":69.57,"chinese_pct":19.59,"indian_pct":7.38,"other_pct":3.46,"age_mean":38.12,"age_median":38.1,"contact_pct":78.85,"male_malay":2070,"male_chinese":565,"male_indian":192,"male_other":92,"female_malay":2199,"female_chinese":637,"female_indian":261,"female_other":120}},{"type":"Feature","geometry":{"type":"Point","coordinates":[101.5625105,3.642086]},"properties":{"dm_code":"15.KUALA KALUMPANG","dun_code":"N.05","dun_prefix":"05","code_parlimen":"P.094","total_voters":1575,"male":738,"female":837,"male_pct":46.9,"female_pct":53.1,"malay_pct":70.79,"chinese_pct":3.05,"indian_pct":26.16,"other_pct":0,"age_mean":43.05,"age_median":43,"contact_pct":75.75,"male_malay":534,"male_chinese":30,"male_indian":174,"male_other":0,"female_malay":581,"female_chinese":18,"female_indian":238,"female_other":0}},{"type":"Feature","geometry":{"type":"Point","coordinates":[101.7016117,2.8472891]},"properties":{"dm_code":"15.LADANG AMPAR TENANG","dun_code":"N.55","dun_prefix":"55","code_parlimen":"P.113","total_voters":1765,"male":851,"female":914,"male_pct":48.2,"female_pct":51.8,"malay_pct":31.44,"chinese_pct":15.13,"indian_pct":52.41,"other_pct":1.02,"age_mean":46.57,"age_median":46.6,"contact_pct":77.17,"male_malay":274,"male_chinese":153,"male_indian":415,"male_other":9,"female_malay":281,"female_chinese":114,"female_indian":510,"female_other":9}},{"type":"Feature","geometry":{"type":"Point","coordinates":[101.7482655,3.2040271]},"properties":{"dm_code":"15.LEMBAH KERAMAT AU 5D","dun_code":"N.18","dun_prefix":"18","code_parlimen":"P.098","total_voters":1805,"male":882,"female":923,"male_pct":48.9,"female_pct":51.1,"malay_pct":99.67,"chinese_pct":0.33,"indian_pct":0,"other_pct":0,"age_mean":44.06,"age_median":44.1,"contact_pct":82.27,"male_malay":881,"male_chinese":1,"male_indian":0,"male_other":0,"female_malay":918,"female_chinese":5,"female_indian":0,"female_other":0}},{"type":"Feature","geometry":{"type":"Point","coordinates":[101.7622366,3.1594225]},"properties":{"dm_code":"15.PANDAN INDAH JALAN 5","dun_code":"N.22","dun_prefix":"22","code_parlimen":"P.100","total_voters":9248,"male":4507,"female":4741,"male_pct":48.7,"female_pct":51.3,"malay_pct":27.35,"chinese_pct":44.71,"indian_pct":8.49,"other_pct":19.45,"age_mean":45.43,"age_median":45.4,"contact_pct":80.97,"male_malay":1240,"male_chinese":2097,"male_indian":378,"male_other":792,"female_malay":1289,"female_chinese":2038,"female_indian":407,"female_other":1007}},{"type":"Feature","geometry":{"type":"Point","coordinates":[100.981892,3.689253]},"properties":{"dm_code":"15.PARIT SATU BARAT","dun_code":"N.02","dun_prefix":"02","code_parlimen":"P.092","total_voters":1537,"male":726,"female":811,"male_pct":47.2,"female_pct":52.8,"malay_pct":99.35,"chinese_pct":0.59,"indian_pct":0.07,"other_pct":0,"age_mean":42.46,"age_median":42.5,"contact_pct":74.63,"male_malay":723,"male_chinese":3,"male_indian":0,"male_other":0,"female_malay":804,"female_chinese":6,"female_indian":1,"female_other":0}},{"type":"Feature","geometry":{"type":"Point","coordinates":[101.090695,3.729181]},"properties":{"dm_code":"15.PASIR PANJANG TENGAH","dun_code":"N.03","dun_prefix":"03","code_parlimen":"P.093","total_voters":2783,"male":1358,"female":1425,"male_pct":48.8,"female_pct":51.2,"malay_pct":99.86,"chinese_pct":0.14,"indian_pct":0,"other_pct":0,"age_mean":41.96,"age_median":42,"contact_pct":73.23,"male_malay":1356,"male_chinese":2,"male_indian":0,"male_other":0,"female_malay":1423,"female_chinese":2,"female_indian":0,"female_other":0}},{"type":"Feature","geometry":{"type":"Point","coordinates":[101.251672,3.3570144]},"properties":{"dm_code":"15.PASIR PENAMBANG","dun_code":"N.09","dun_prefix":"09","code_parlimen":"P.095","total_voters":3173,"male":1610,"female":1563,"male_pct":50.7,"female_pct":49.3,"malay_pct":29.56,"chinese_pct":65.33,"indian_pct":4.88,"other_pct":0.23,"age_mean":45.27,"age_median":45.3,"contact_pct":85.28,"male_malay":445,"male_chinese":1082,"male_indian":82,"male_other":1,"female_malay":493,"female_chinese":991,"female_indian":73,"female_other":6}},{"type":"Feature","geometry":{"type":"Point","coordinates":[101.4876878,3.058402]},"properties":{"dm_code":"15.RIMBA JAYA","dun_code":"N.41","dun_prefix":"41","code_parlimen":"P.108","total_voters":2952,"male":1463,"female":1489,"male_pct":49.6,"female_pct":50.4,"malay_pct":56.47,"chinese_pct":5.69,"indian_pct":36.62,"other_pct":1.22,"age_mean":43.24,"age_median":43.2,"contact_pct":76.52,"male_malay":837,"male_chinese":97,"male_indian":511,"male_other":18,"female_malay":830,"female_chinese":71,"female_indian":570,"female_other":18}},{"type":"Feature","geometry":{"type":"Point","coordinates":[101.6540669,3.100449]},"properties":{"dm_code":"15.SEKSYEN 5 SELATAN","dun_code":"N.34","dun_prefix":"34","code_parlimen":"P.105","total_voters":4111,"male":1893,"female":2218,"male_pct":46,"female_pct":54,"malay_pct":17.49,"chinese_pct":55.1,"indian_pct":18.24,"other_pct":9.17,"age_mean":49.57,"age_median":49.6,"contact_pct":72.25,"male_malay":337,"male_chinese":1052,"male_indian":344,"male_other":160,"female_malay":382,"female_chinese":1213,"female_indian":406,"female_other":217}},{"type":"Feature","geometry":{"type":"Point","coordinates":[101.4208187,3.0108692]},"properties":{"dm_code":"15.SIMPANG TUJUH","dun_code":"N.47","dun_prefix":"47","code_parlimen":"P.110","total_voters":2717,"male":1332,"female":1385,"male_pct":49,"female_pct":51,"malay_pct":9.53,"chinese_pct":56.31,"indian_pct":31.21,"other_pct":2.95,"age_mean":50.74,"age_median":50.7,"contact_pct":77.84,"male_malay":160,"male_chinese":739,"male_indian":401,"male_other":32,"female_malay":99,"female_chinese":791,"female_indian":447,"female_other":48}},{"type":"Feature","geometry":{"type":"Point","coordinates":[101.62071,3.119168]},"properties":{"dm_code":"15.SS 2 UTARA","dun_code":"N.35","dun_prefix":"35","code_parlimen":"P.106","total_voters":5455,"male":2639,"female":2816,"male_pct":48.4,"female_pct":51.6,"malay_pct":4.93,"chinese_pct":86.45,"indian_pct":2.22,"other_pct":6.4,"age_mean":54.13,"age_median":54.1,"contact_pct":75.03,"male_malay":143,"male_chinese":2309,"male_indian":59,"male_other":128,"female_malay":126,"female_chinese":2407,"female_indian":62,"female_other":221}},{"type":"Feature","geometry":{"type":"Point","coordinates":[101.6218843,3.0844604]},"properties":{"dm_code":"15.SS 7","dun_code":"N.32","dun_prefix":"32","code_parlimen":"P.105","total_voters":6464,"male":3152,"female":3312,"male_pct":48.8,"female_pct":51.2,"malay_pct":44.8,"chinese_pct":38.85,"indian_pct":11.25,"other_pct":5.1,"age_mean":46.47,"age_median":46.5,"contact_pct":81.28,"male_malay":1432,"male_chinese":1205,"male_indian":357,"male_other":158,"female_malay":1464,"female_chinese":1306,"female_indian":370,"female_other":172}},{"type":"Feature","geometry":{"type":"Point","coordinates":[101.6002812,3.1829965]},"properties":{"dm_code":"15.SUNGAI BULOH","dun_code":"N.37","dun_prefix":"37","code_parlimen":"P.106","total_voters":5903,"male":2921,"female":2982,"male_pct":49.5,"female_pct":50.5,"malay_pct":15.47,"chinese_pct":62.71,"indian_pct":15.14,"other_pct":6.68,"age_mean":41.99,"age_median":42,"contact_pct":73.76,"male_malay":463,"male_chinese":1859,"male_indian":427,"male_other":172,"female_malay":450,"female_chinese":1843,"female_indian":467,"female_other":222}},{"type":"Feature","geometry":{"type":"Point","coordinates":[101.7823892,2.9890421]},"properties":{"dm_code":"15.SUNGAI CHUA DUA","dun_code":"N.27","dun_prefix":"27","code_parlimen":"P.102","total_voters":2879,"male":1390,"female":1489,"male_pct":48.3,"female_pct":51.7,"malay_pct":9.07,"chinese_pct":60.85,"indian_pct":4.1,"other_pct":25.98,"age_mean":52.89,"age_median":52.9,"contact_pct":79.47,"male_malay":128,"male_chinese":917,"male_indian":55,"male_other":290,"female_malay":133,"female_chinese":835,"female_indian":63,"female_other":458}},{"type":"Feature","geometry":{"type":"Point","coordinates":[101.8052359,2.892609]},"properties":{"dm_code":"15.SUNGAI KEMBUNG","dun_code":"N.24","dun_prefix":"24","code_parlimen":"P.101","total_voters":2720,"male":1341,"female":1379,"male_pct":49.3,"female_pct":50.7,"malay_pct":97.46,"chinese_pct":0.88,"indian_pct":0.96,"other_pct":0.7,"age_mean":41.64,"age_median":41.6,"contact_pct":83.16,"male_malay":1308,"male_chinese":14,"male_indian":14,"male_other":5,"female_malay":1343,"female_chinese":10,"female_indian":12,"female_other":14}},{"type":"Feature","geometry":{"type":"Point","coordinates":[101.8018591,2.980397]},"properties":{"dm_code":"15.TAMAN BUKIT MEWAH","dun_code":"N.25","dun_prefix":"25","code_parlimen":"P.102","total_voters":4905,"male":2388,"female":2517,"male_pct":48.7,"female_pct":51.3,"malay_pct":32.17,"chinese_pct":31.52,"indian_pct":20.08,"other_pct":16.23,"age_mean":45.62,"age_median":45.6,"contact_pct":80.84,"male_malay":770,"male_chinese":790,"male_indian":458,"male_other":370,"female_malay":808,"female_chinese":756,"female_indian":527,"female_other":426}},{"type":"Feature","geometry":{"type":"Point","coordinates":[101.744532,3.129285]},"properties":{"dm_code":"15.TAMAN MAJU JAYA","dun_code":"N.21","dun_prefix":"21","code_parlimen":"P.100","total_voters":2159,"male":1041,"female":1118,"male_pct":48.2,"female_pct":51.8,"malay_pct":39.83,"chinese_pct":35.76,"indian_pct":5.79,"other_pct":18.62,"age_mean":47.07,"age_median":47.1,"contact_pct":81.66,"male_malay":414,"male_chinese":389,"male_indian":59,"male_other":179,"female_malay":446,"female_chinese":383,"female_indian":66,"female_other":223}},{"type":"Feature","geometry":{"type":"Point","coordinates":[101.7171169,3.218217]},"properties":{"dm_code":"15.TAMAN SELASEH","dun_code":"N.17","dun_prefix":"17","code_parlimen":"P.098","total_voters":9611,"male":4778,"female":4833,"male_pct":49.7,"female_pct":50.3,"malay_pct":80.11,"chinese_pct":6.7,"indian_pct":13.14,"other_pct":0.05,"age_mean":40.74,"age_median":40.7,"contact_pct":76.86,"male_malay":3833,"male_chinese":339,"male_indian":605,"male_other":1,"female_malay":3866,"female_chinese":305,"female_indian":658,"female_other":4}},{"type":"Feature","geometry":{"type":"Point","coordinates":[101.6562701,3.238815]},"properties":{"dm_code":"15.TAMAN SELAYANG INDAH","dun_code":"N.15","dun_prefix":"15","code_parlimen":"P.097","total_voters":2000,"male":1001,"female":999,"male_pct":50,"female_pct":50,"malay_pct":65.2,"chinese_pct":27.25,"indian_pct":7.45,"other_pct":0.1,"age_mean":46.96,"age_median":47,"contact_pct":82.9,"male_malay":636,"male_chinese":286,"male_indian":78,"male_other":1,"female_malay":668,"female_chinese":259,"female_indian":71,"female_other":1}},{"type":"Feature","geometry":{"type":"Point","coordinates":[101.4061172,3.0547882]},"properties":{"dm_code":"15.TELUK KAPAS","dun_code":"N.43","dun_prefix":"43","code_parlimen":"P.109","total_voters":5855,"male":2957,"female":2898,"male_pct":50.5,"female_pct":49.5,"malay_pct":96.96,"chinese_pct":2.25,"indian_pct":0.43,"other_pct":0.36,"age_mean":36.66,"age_median":36.7,"contact_pct":68.15,"male_malay":2864,"male_chinese":67,"male_indian":15,"male_other":11,"female_malay":2813,"female_chinese":65,"female_indian":10,"female_other":10}},{"type":"Feature","geometry":{"type":"Point","coordinates":[101.5918718,3.04837]},"properties":{"dm_code":"15.USJ 7 & 8","dun_code":"N.31","dun_prefix":"31","code_parlimen":"P.104","total_voters":6101,"male":3257,"female":2844,"male_pct":53.4,"female_pct":46.6,"malay_pct":40.55,"chinese_pct":35.16,"indian_pct":11.49,"other_pct":12.8,"age_mean":45.21,"age_median":45.2,"contact_pct":79.36,"male_malay":1522,"male_chinese":1017,"male_indian":355,"male_other":363,"female_malay":952,"female_chinese":1128,"female_indian":346,"female_other":418}},{"type":"Feature","geometry":{"type":"Point","coordinates":[101.7692888,3.14556]},"properties":{"dm_code":"16.BANDAR BARU AMPANG","dun_code":"N.19","dun_prefix":"19","code_parlimen":"P.099","total_voters":6899,"male":3356,"female":3543,"male_pct":48.6,"female_pct":51.4,"malay_pct":52.6,"chinese_pct":35.11,"indian_pct":10.25,"other_pct":2.04,"age_mean":40.93,"age_median":40.9,"contact_pct":76.04,"male_malay":1777,"male_chinese":1186,"male_indian":322,"male_other":71,"female_malay":1852,"female_chinese":1236,"female_indian":385,"female_other":70}},{"type":"Feature","geometry":{"type":"Point","coordinates":[101.6462864,3.0457074]},"properties":{"dm_code":"16.BANDAR KINRARA SEKSYEN 4","dun_code":"N.30","dun_prefix":"30","code_parlimen":"P.104","total_voters":5778,"male":2795,"female":2983,"male_pct":48.4,"female_pct":51.6,"malay_pct":55.14,"chinese_pct":27.22,"indian_pct":9.87,"other_pct":7.77,"age_mean":38.56,"age_median":38.6,"contact_pct":71.98,"male_malay":1561,"male_chinese":753,"male_indian":291,"male_other":190,"female_malay":1625,"female_chinese":820,"female_indian":279,"female_other":259}},{"type":"Feature","geometry":{"type":"Point","coordinates":[101.6338311,3.4509541]},"properties":{"dm_code":"16.BATU 30 HULU YAM","dun_code":"N.06","dun_prefix":"06","code_parlimen":"P.094","total_voters":1574,"male":838,"female":736,"male_pct":53.2,"female_pct":46.8,"malay_pct":51.59,"chinese_pct":41.99,"indian_pct":6.35,"other_pct":0.07,"age_mean":47.91,"age_median":47.9,"contact_pct":79.22,"male_malay":412,"male_chinese":382,"male_indian":43,"male_other":1,"female_malay":400,"female_chinese":279,"female_indian":57,"female_other":0}},{"type":"Feature","geometry":{"type":"Point","coordinates":[101.4901197,3.2871011]},"properties":{"dm_code":"16.BATU ARANG BARAT","dun_code":"N.14","dun_prefix":"14","code_parlimen":"P.097","total_voters":3742,"male":1874,"female":1868,"male_pct":50.1,"female_pct":49.9,"malay_pct":55.05,"chinese_pct":17.42,"indian_pct":27.45,"other_pct":0.08,"age_mean":43.34,"age_median":43.3,"contact_pct":73.57,"male_malay":1026,"male_chinese":338,"male_indian":509,"male_other":1,"female_malay":1034,"female_chinese":314,"female_indian":518,"female_other":2}},{"type":"Feature","geometry":{"type":"Point","coordinates":[101.6218843,3.0844604]},"properties":{"dm_code":"16.KAMPUNG LINDUNGAN","dun_code":"N.32","dun_prefix":"32","code_parlimen":"P.105","total_voters":1687,"male":806,"female":881,"male_pct":47.8,"female_pct":52.2,"malay_pct":47.07,"chinese_pct":3.26,"indian_pct":49.2,"other_pct":0.47,"age_mean":57.8,"age_median":57.8,"contact_pct":86.66,"male_malay":389,"male_chinese":28,"male_indian":386,"male_other":3,"female_malay":405,"female_chinese":27,"female_indian":444,"female_other":5}},{"type":"Feature","geometry":{"type":"Point","coordinates":[101.6871976,2.8626406]},"properties":{"dm_code":"16.KAMPUNG MELOT","dun_code":"N.55","dun_prefix":"55","code_parlimen":"P.113","total_voters":1862,"male":948,"female":914,"male_pct":50.9,"female_pct":49.1,"malay_pct":92,"chinese_pct":2.36,"indian_pct":3.28,"other_pct":2.36,"age_mean":36.5,"age_median":36.5,"contact_pct":69.12,"male_malay":870,"male_chinese":26,"male_indian":29,"male_other":23,"female_malay":843,"female_chinese":18,"female_indian":32,"female_other":21}},{"type":"Feature","geometry":{"type":"Point","coordinates":[101.414322,3.019452]},"properties":{"dm_code":"16.KAMPUNG RAJA UDA BARAT","dun_code":"N.44","dun_prefix":"44","code_parlimen":"P.109","total_voters":1651,"male":783,"female":868,"male_pct":47.4,"female_pct":52.6,"malay_pct":92.43,"chinese_pct":4.78,"indian_pct":2.6,"other_pct":0.19,"age_mean":45.98,"age_median":46,"contact_pct":86.98,"male_malay":710,"male_chinese":48,"male_indian":24,"male_other":1,"female_malay":816,"female_chinese":31,"female_indian":19,"female_other":2}},{"type":"Feature","geometry":{"type":"Point","coordinates":[101.7276507,3.1689298]},"properties":{"dm_code":"16.KERAMAT AU 1B","dun_code":"N.18","dun_prefix":"18","code_parlimen":"P.098","total_voters":1720,"male":827,"female":893,"male_pct":48.1,"female_pct":51.9,"malay_pct":99.36,"chinese_pct":0.58,"indian_pct":0,"other_pct":0.06,"age_mean":43.19,"age_median":43.2,"contact_pct":81.51,"male_malay":822,"male_chinese":5,"male_indian":0,"male_other":0,"female_malay":887,"female_chinese":5,"female_indian":0,"female_other":1}},{"type":"Feature","geometry":{"type":"Point","coordinates":[101.583833,3.162741]},"properties":{"dm_code":"16.KOTA DAMANSARA SEKSYEN 10 DAN 11","dun_code":"N.39","dun_prefix":"39","code_parlimen":"P.107","total_voters":5346,"male":2616,"female":2730,"male_pct":48.9,"female_pct":51.1,"malay_pct":67.45,"chinese_pct":24.97,"indian_pct":4.43,"other_pct":3.15,"age_mean":38.89,"age_median":38.9,"contact_pct":74.45,"male_malay":1756,"male_chinese":669,"male_indian":110,"male_other":81,"female_malay":1850,"female_chinese":666,"female_indian":127,"female_other":87}},{"type":"Feature","geometry":{"type":"Point","coordinates":[101.7630349,3.1290824]},"properties":{"dm_code":"16.PANDAN MEWAH","dun_code":"N.22","dun_prefix":"22","code_parlimen":"P.100","total_voters":5816,"male":2858,"female":2958,"male_pct":49.1,"female_pct":50.9,"malay_pct":38.29,"chinese_pct":38.67,"indian_pct":5.04,"other_pct":18,"age_mean":40.5,"age_median":40.5,"contact_pct":80.04,"male_malay":1106,"male_chinese":1168,"male_indian":132,"male_other":452,"female_malay":1121,"female_chinese":1081,"female_indian":161,"female_other":595}},{"type":"Feature","geometry":{"type":"Point","coordinates":[101.090695,3.729181]},"properties":{"dm_code":"16.PASIR PANJANG SELATAN","dun_code":"N.03","dun_prefix":"03","code_parlimen":"P.093","total_voters":2007,"male":1013,"female":994,"male_pct":50.5,"female_pct":49.5,"malay_pct":99.75,"chinese_pct":0.15,"indian_pct":0.1,"other_pct":0,"age_mean":43.06,"age_median":43.1,"contact_pct":74.74,"male_malay":1010,"male_chinese":2,"male_indian":1,"male_other":0,"female_malay":992,"female_chinese":1,"female_indian":1,"female_other":0}},{"type":"Feature","geometry":{"type":"Point","coordinates":[101.6329435,3.0789704]},"properties":{"dm_code":"16.PJS 2C","dun_code":"N.33","dun_prefix":"33","code_parlimen":"P.105","total_voters":3196,"male":1564,"female":1632,"male_pct":48.9,"female_pct":51.1,"malay_pct":94.96,"chinese_pct":0.31,"indian_pct":4.41,"other_pct":0.32,"age_mean":39.59,"age_median":39.6,"contact_pct":74.66,"male_malay":1487,"male_chinese":3,"male_indian":69,"male_other":5,"female_malay":1548,"female_chinese":7,"female_indian":72,"female_other":5}},{"type":"Feature","geometry":{"type":"Point","coordinates":[101.6507048,3.259684]},"properties":{"dm_code":"16.PRIMA SELAYANG","dun_code":"N.15","dun_prefix":"15","code_parlimen":"P.097","total_voters":2866,"male":1371,"female":1495,"male_pct":47.8,"female_pct":52.2,"malay_pct":34.3,"chinese_pct":27.29,"indian_pct":38.24,"other_pct":0.17,"age_mean":37.7,"age_median":37.7,"contact_pct":77.18,"male_malay":473,"male_chinese":398,"male_indian":498,"male_other":2,"female_malay":510,"female_chinese":384,"female_indian":598,"female_other":3}},{"type":"Feature","geometry":{"type":"Point","coordinates":[101.7901986,2.9661412]},"properties":{"dm_code":"16.REKO UTARA","dun_code":"N.25","dun_prefix":"25","code_parlimen":"P.102","total_voters":1873,"male":928,"female":945,"male_pct":49.5,"female_pct":50.5,"malay_pct":14.47,"chinese_pct":44.42,"indian_pct":23.38,"other_pct":17.73,"age_mean":48.33,"age_median":48.3,"contact_pct":80.73,"male_malay":123,"male_chinese":438,"male_indian":220,"male_other":147,"female_malay":148,"female_chinese":394,"female_indian":218,"female_other":185}},{"type":"Feature","geometry":{"type":"Point","coordinates":[101.6359015,3.120337]},"properties":{"dm_code":"16.SEKSYEN 17 A","dun_code":"N.34","dun_prefix":"34","code_parlimen":"P.105","total_voters":1687,"male":854,"female":833,"male_pct":50.6,"female_pct":49.4,"malay_pct":35.33,"chinese_pct":54,"indian_pct":6.52,"other_pct":4.15,"age_mean":53.9,"age_median":53.9,"contact_pct":81.15,"male_malay":302,"male_chinese":469,"male_indian":55,"male_other":28,"female_malay":294,"female_chinese":442,"female_indian":55,"female_other":42}},{"type":"Feature","geometry":{"type":"Point","coordinates":[101.6002812,3.1829965]},"properties":{"dm_code":"16.SELAYANG UTAMA","dun_code":"N.37","dun_prefix":"37","code_parlimen":"P.106","total_voters":4038,"male":1971,"female":2067,"male_pct":48.8,"female_pct":51.2,"malay_pct":39.85,"chinese_pct":44.16,"indian_pct":12.51,"other_pct":3.48,"age_mean":44.35,"age_median":44.4,"contact_pct":80.86,"male_malay":784,"male_chinese":879,"male_indian":247,"male_other":61,"female_malay":825,"female_chinese":904,"female_indian":258,"female_other":80}},{"type":"Feature","geometry":{"type":"Point","coordinates":[101.4453422,2.9458799]},"properties":{"dm_code":"16.SERI CHEEDING","dun_code":"N.51","dun_prefix":"51","code_parlimen":"P.112","total_voters":2926,"male":1456,"female":1470,"male_pct":49.8,"female_pct":50.2,"malay_pct":72.04,"chinese_pct":15.76,"indian_pct":9.84,"other_pct":2.36,"age_mean":43.2,"age_median":43.2,"contact_pct":73.27,"male_malay":1050,"male_chinese":232,"male_indian":133,"male_other":41,"female_malay":1058,"female_chinese":229,"female_indian":155,"female_other":28}},{"type":"Feature","geometry":{"type":"Point","coordinates":[101.5036786,2.9993292]},"properties":{"dm_code":"16.SERI GAMBUT","dun_code":"N.49","dun_prefix":"49","code_parlimen":"P.111","total_voters":2028,"male":1014,"female":1014,"male_pct":50,"female_pct":50,"malay_pct":89.35,"chinese_pct":1.82,"indian_pct":8.33,"other_pct":0.5,"age_mean":39.46,"age_median":39.5,"contact_pct":70.96,"male_malay":910,"male_chinese":21,"male_indian":75,"male_other":8,"female_malay":902,"female_chinese":16,"female_indian":94,"female_other":2}},{"type":"Feature","geometry":{"type":"Point","coordinates":[101.882035,2.8944092]},"properties":{"dm_code":"16.SESAPAN BATU REMBAU","dun_code":"N.24","dun_prefix":"24","code_parlimen":"P.101","total_voters":921,"male":440,"female":481,"male_pct":47.8,"female_pct":52.2,"malay_pct":99.46,"chinese_pct":0,"indian_pct":0.43,"other_pct":0.11,"age_mean":44.21,"age_median":44.2,"contact_pct":82.63,"male_malay":438,"male_chinese":0,"male_indian":1,"male_other":1,"female_malay":478,"female_chinese":0,"female_indian":3,"female_other":0}},{"type":"Feature","geometry":{"type":"Point","coordinates":[101.5393805,3.071242]},"properties":{"dm_code":"16.SHAH ALAM S 13","dun_code":"N.40","dun_prefix":"40","code_parlimen":"P.108","total_voters":5353,"male":2645,"female":2708,"male_pct":49.4,"female_pct":50.6,"malay_pct":80.5,"chinese_pct":14.85,"indian_pct":2.8,"other_pct":1.85,"age_mean":39.89,"age_median":39.9,"contact_pct":80.53,"male_malay":2146,"male_chinese":376,"male_indian":73,"male_other":50,"female_malay":2163,"female_chinese":419,"female_indian":77,"female_other":49}},{"type":"Feature","geometry":{"type":"Point","coordinates":[101.546811,3.077519]},"properties":{"dm_code":"16.SHAH ALAM S 19/32-19/50","dun_code":"N.41","dun_prefix":"41","code_parlimen":"P.108","total_voters":4111,"male":2010,"female":2101,"male_pct":48.9,"female_pct":51.1,"malay_pct":80.76,"chinese_pct":4.5,"indian_pct":13.74,"other_pct":1,"age_mean":42.82,"age_median":42.8,"contact_pct":80.61,"male_malay":1648,"male_chinese":84,"male_indian":261,"male_other":17,"female_malay":1672,"female_chinese":101,"female_indian":304,"female_other":24}},{"type":"Feature","geometry":{"type":"Point","coordinates":[101.62071,3.119168]},"properties":{"dm_code":"16.SS 2 TENGAH","dun_code":"N.35","dun_prefix":"35","code_parlimen":"P.106","total_voters":7968,"male":3803,"female":4165,"male_pct":47.7,"female_pct":52.3,"malay_pct":7.54,"chinese_pct":82.58,"indian_pct":3.14,"other_pct":6.74,"age_mean":54.21,"age_median":54.2,"contact_pct":72.29,"male_malay":361,"male_chinese":3103,"male_indian":123,"male_other":216,"female_malay":240,"female_chinese":3477,"female_indian":127,"female_other":321}},{"type":"Feature","geometry":{"type":"Point","coordinates":[101.7809482,2.991949]},"properties":{"dm_code":"16.SUNGAI CHUA TIGA","dun_code":"N.27","dun_prefix":"27","code_parlimen":"P.102","total_voters":539,"male":245,"female":294,"male_pct":45.5,"female_pct":54.5,"malay_pct":0.93,"chinese_pct":68.27,"indian_pct":2.04,"other_pct":28.76,"age_mean":61.64,"age_median":61.6,"contact_pct":80.89,"male_malay":1,"male_chinese":175,"male_indian":4,"male_other":65,"female_malay":4,"female_chinese":193,"female_indian":7,"female_other":90}},{"type":"Feature","geometry":{"type":"Point","coordinates":[101.6121842,3.1331388]},"properties":{"dm_code":"16.SUNGAI KAYU ARA SELATAN","dun_code":"N.36","dun_prefix":"36","code_parlimen":"P.106","total_voters":2519,"male":1301,"female":1218,"male_pct":51.6,"female_pct":48.4,"malay_pct":44.03,"chinese_pct":25.96,"indian_pct":27.07,"other_pct":2.94,"age_mean":40.38,"age_median":40.4,"contact_pct":76.5,"male_malay":614,"male_chinese":334,"male_indian":315,"male_other":38,"female_malay":495,"female_chinese":320,"female_indian":367,"female_other":36}},{"type":"Feature","geometry":{"type":"Point","coordinates":[100.9713269,3.684729]},"properties":{"dm_code":"16.SUNGAI LIAS","dun_code":"N.02","dun_prefix":"02","code_parlimen":"P.092","total_voters":2244,"male":1123,"female":1121,"male_pct":50,"female_pct":50,"malay_pct":66.53,"chinese_pct":31.15,"indian_pct":2.27,"other_pct":0.05,"age_mean":40.4,"age_median":40.4,"contact_pct":75.18,"male_malay":740,"male_chinese":364,"male_indian":18,"male_other":1,"female_malay":753,"female_chinese":335,"female_indian":33,"female_other":0}},{"type":"Feature","geometry":{"type":"Point","coordinates":[101.2025002,3.38865]},"properties":{"dm_code":"16.SUNGAI YU","dun_code":"N.09","dun_prefix":"09","code_parlimen":"P.095","total_voters":2781,"male":1338,"female":1443,"male_pct":48.1,"female_pct":51.9,"malay_pct":88.46,"chinese_pct":5.61,"indian_pct":5.9,"other_pct":0.03,"age_mean":39.93,"age_median":39.9,"contact_pct":75.58,"male_malay":1176,"male_chinese":82,"male_indian":80,"male_other":0,"female_malay":1284,"female_chinese":74,"female_indian":84,"female_other":1}},{"type":"Feature","geometry":{"type":"Point","coordinates":[101.765633,3.081291]},"properties":{"dm_code":"16.TAMAN ALAM JAYA","dun_code":"N.23","dun_prefix":"23","code_parlimen":"P.101","total_voters":5795,"male":2861,"female":2934,"male_pct":49.4,"female_pct":50.6,"malay_pct":22.05,"chinese_pct":41.24,"indian_pct":15.2,"other_pct":21.51,"age_mean":44.21,"age_median":44.2,"contact_pct":77.46,"male_malay":647,"male_chinese":1223,"male_indian":437,"male_other":554,"female_malay":631,"female_chinese":1167,"female_indian":444,"female_other":692}},{"type":"Feature","geometry":{"type":"Point","coordinates":[101.551644,3.44077]},"properties":{"dm_code":"16.TAMAN BUNGA RAYA","dun_code":"N.07","dun_prefix":"07","code_parlimen":"P.094","total_voters":10733,"male":5278,"female":5455,"male_pct":49.2,"female_pct":50.8,"malay_pct":90.08,"chinese_pct":1.34,"indian_pct":8.5,"other_pct":0.08,"age_mean":36.27,"age_median":36.3,"contact_pct":62.68,"male_malay":4799,"male_chinese":62,"male_indian":413,"male_other":4,"female_malay":4869,"female_chinese":82,"female_indian":499,"female_other":5}},{"type":"Feature","geometry":{"type":"Point","coordinates":[101.4138254,3.0063372]},"properties":{"dm_code":"16.TAMAN GEMBIRA 1","dun_code":"N.47","dun_prefix":"47","code_parlimen":"P.110","total_voters":5196,"male":2510,"female":2686,"male_pct":48.3,"female_pct":51.7,"malay_pct":10.1,"chinese_pct":62.61,"indian_pct":23.15,"other_pct":4.14,"age_mean":48.94,"age_median":48.9,"contact_pct":79.87,"male_malay":261,"male_chinese":1622,"male_indian":535,"male_other":92,"female_malay":264,"female_chinese":1631,"female_indian":668,"female_other":123}},{"type":"Feature","geometry":{"type":"Point","coordinates":[101.7496919,3.118916]},"properties":{"dm_code":"16.TAMAN KENCHANA","dun_code":"N.21","dun_prefix":"21","code_parlimen":"P.100","total_voters":2045,"male":1005,"female":1040,"male_pct":49.1,"female_pct":50.9,"malay_pct":51.83,"chinese_pct":27.48,"indian_pct":7.58,"other_pct":13.11,"age_mean":44.88,"age_median":44.9,"contact_pct":85.82,"male_malay":530,"male_chinese":287,"male_indian":73,"male_other":115,"female_malay":530,"female_chinese":275,"female_indian":82,"female_other":153}},{"type":"Feature","geometry":{"type":"Point","coordinates":[101.374272,3.085219]},"properties":{"dm_code":"16.TAMAN KLANG PERDANA","dun_code":"N.43","dun_prefix":"43","code_parlimen":"P.109","total_voters":4996,"male":2497,"female":2499,"male_pct":50,"female_pct":50,"malay_pct":70.7,"chinese_pct":9.99,"indian_pct":18.39,"other_pct":0.92,"age_mean":36.12,"age_median":36.1,"contact_pct":70.76,"male_malay":1781,"male_chinese":278,"male_indian":422,"male_other":16,"female_malay":1751,"female_chinese":221,"female_indian":497,"female_other":30}},{"type":"Feature","geometry":{"type":"Point","coordinates":[101.4689729,3.06158]},"properties":{"dm_code":"16.TAMAN KLANG UTAMA 1","dun_code":"N.45","dun_prefix":"45","code_parlimen":"P.110","total_voters":6274,"male":3087,"female":3187,"male_pct":49.2,"female_pct":50.8,"malay_pct":7.7,"chinese_pct":69.37,"indian_pct":20.39,"other_pct":2.54,"age_mean":42.13,"age_median":42.1,"contact_pct":79.57,"male_malay":238,"male_chinese":2208,"male_indian":579,"male_other":62,"female_malay":245,"female_chinese":2144,"female_indian":700,"female_other":98}},{"type":"Feature","geometry":{"type":"Point","coordinates":[101.7818502,3.1392298]},"properties":{"dm_code":"16.TAMAN MULIA JAYA","dun_code":"N.20","dun_prefix":"20","code_parlimen":"P.099","total_voters":2671,"male":1343,"female":1328,"male_pct":50.3,"female_pct":49.7,"malay_pct":68.4,"chinese_pct":15.95,"indian_pct":14.41,"other_pct":1.24,"age_mean":38.66,"age_median":38.7,"contact_pct":75.85,"male_malay":931,"male_chinese":215,"male_indian":186,"male_other":11,"female_malay":896,"female_chinese":211,"female_indian":199,"female_other":22}},{"type":"Feature","geometry":{"type":"Point","coordinates":[101.690483,3.004747]},"properties":{"dm_code":"16.TAMAN UNIVERSITI INDAH","dun_code":"N.28","dun_prefix":"28","code_parlimen":"P.103","total_voters":7046,"male":3458,"female":3588,"male_pct":49.1,"female_pct":50.9,"malay_pct":17.68,"chinese_pct":49.45,"indian_pct":13.61,"other_pct":19.26,"age_mean":44.96,"age_median":45,"contact_pct":80.8,"male_malay":610,"male_chinese":1835,"male_indian":446,"male_other":567,"female_malay":636,"female_chinese":1649,"female_indian":513,"female_other":790}},{"type":"Feature","geometry":{"type":"Point","coordinates":[101.5861601,3.0431]},"properties":{"dm_code":"16.USJ 9 & USJ 10","dun_code":"N.31","dun_prefix":"31","code_parlimen":"P.104","total_voters":3889,"male":1912,"female":1977,"male_pct":49.2,"female_pct":50.8,"malay_pct":36.64,"chinese_pct":42.3,"indian_pct":8,"other_pct":13.06,"age_mean":45.1,"age_median":45.1,"contact_pct":82.75,"male_malay":709,"male_chinese":821,"male_indian":146,"male_other":236,"female_malay":716,"female_chinese":824,"female_indian":165,"female_other":272}},{"type":"Feature","geometry":{"type":"Point","coordinates":[101.7696714,3.1320168]},"properties":{"dm_code":"17.AMPANG CAMPURAN JALAN IKAN JELAWAT","dun_code":"N.20","dun_prefix":"20","code_parlimen":"P.099","total_voters":3532,"male":1714,"female":1818,"male_pct":48.5,"female_pct":51.5,"malay_pct":51.56,"chinese_pct":22.88,"indian_pct":24.21,"other_pct":1.35,"age_mean":43.34,"age_median":43.3,"contact_pct":76.3,"male_malay":885,"male_chinese":411,"male_indian":398,"male_other":20,"female_malay":936,"female_chinese":397,"female_indian":457,"female_other":28}},{"type":"Feature","geometry":{"type":"Point","coordinates":[101.5393805,3.071242]},"properties":{"dm_code":"17.APARTMENT S16","dun_code":"N.40","dun_prefix":"40","code_parlimen":"P.108","total_voters":3322,"male":1645,"female":1677,"male_pct":49.5,"female_pct":50.5,"malay_pct":82.21,"chinese_pct":4.46,"indian_pct":12.76,"other_pct":0.57,"age_mean":46.92,"age_median":46.9,"contact_pct":80.22,"male_malay":1353,"male_chinese":75,"male_indian":209,"male_other":8,"female_malay":1378,"female_chinese":73,"female_indian":215,"female_other":11}},{"type":"Feature","geometry":{"type":"Point","coordinates":[101.7567406,3.1813805]},"properties":{"dm_code":"17.AU3 RUMAH PANGSA","dun_code":"N.18","dun_prefix":"18","code_parlimen":"P.098","total_voters":1916,"male":940,"female":976,"male_pct":49.1,"female_pct":50.9,"malay_pct":99.63,"chinese_pct":0.31,"indian_pct":0.05,"other_pct":0.01,"age_mean":44.92,"age_median":44.9,"contact_pct":82.52,"male_malay":938,"male_chinese":1,"male_indian":1,"male_other":0,"female_malay":971,"female_chinese":5,"female_indian":0,"female_other":0}},{"type":"Feature","geometry":{"type":"Point","coordinates":[101.649001,3.050629]},"properties":{"dm_code":"17.BANDAR KINRARA SEKSYEN 5","dun_code":"N.30","dun_prefix":"30","code_parlimen":"P.104","total_voters":19537,"male":9824,"female":9713,"male_pct":50.3,"female_pct":49.7,"malay_pct":39.41,"chinese_pct":39.66,"indian_pct":8.29,"other_pct":12.64,"age_mean":38.38,"age_median":38.4,"contact_pct":74.61,"male_malay":3948,"male_chinese":3963,"male_indian":816,"male_other":1097,"female_malay":3751,"female_chinese":3785,"female_indian":804,"female_other":1373}},{"type":"Feature","geometry":{"type":"Point","coordinates":[101.61626,2.948702]},"properties":{"dm_code":"17.BANDAR PUTRA PERDANA","dun_code":"N.55","dun_prefix":"55","code_parlimen":"P.113","total_voters":15926,"male":7976,"female":7950,"male_pct":50.1,"female_pct":49.9,"malay_pct":74.88,"chinese_pct":13.43,"indian_pct":9.95,"other_pct":1.74,"age_mean":36.51,"age_median":36.5,"contact_pct":68.72,"male_malay":5995,"male_chinese":1050,"male_indian":791,"male_other":140,"female_malay":5930,"female_chinese":1089,"female_indian":794,"female_other":137}},{"type":"Feature","geometry":{"type":"Point","coordinates":[101.0303717,3.775866]},"properties":{"dm_code":"17.BATU 4 SAPINTAS","dun_code":"N.02","dun_prefix":"02","code_parlimen":"P.092","total_voters":1164,"male":569,"female":595,"male_pct":48.9,"female_pct":51.1,"malay_pct":99.74,"chinese_pct":0.26,"indian_pct":0,"other_pct":0,"age_mean":43.53,"age_median":43.5,"contact_pct":72.85,"male_malay":567,"male_chinese":2,"male_indian":0,"male_other":0,"female_malay":594,"female_chinese":1,"female_indian":0,"female_other":0}},{"type":"Feature","geometry":{"type":"Point","coordinates":[101.4901197,3.2871011]},"properties":{"dm_code":"17.BATU ARANG TIMUR","dun_code":"N.14","dun_prefix":"14","code_parlimen":"P.097","total_voters":1689,"male":869,"female":820,"male_pct":51.5,"female_pct":48.5,"malay_pct":36.83,"chinese_pct":57.9,"indian_pct":5.27,"other_pct":0,"age_mean":48.38,"age_median":48.4,"contact_pct":79.22,"male_malay":316,"male_chinese":514,"male_indian":39,"male_other":0,"female_malay":306,"female_chinese":464,"female_indian":50,"female_other":0}},{"type":"Feature","geometry":{"type":"Point","coordinates":[101.4453422,2.9458799]},"properties":{"dm_code":"17.BUKIT CHEEDING (A)","dun_code":"N.51","dun_prefix":"51","code_parlimen":"P.112","total_voters":758,"male":390,"female":368,"male_pct":51.5,"female_pct":48.5,"malay_pct":59.1,"chinese_pct":5.67,"indian_pct":27.04,"other_pct":8.19,"age_mean":46.38,"age_median":46.4,"contact_pct":60.55,"male_malay":241,"male_chinese":20,"male_indian":96,"male_other":33,"female_malay":207,"female_chinese":23,"female_indian":109,"female_other":29}},{"type":"Feature","geometry":{"type":"Point","coordinates":[101.7276332,3.0097101]},"properties":{"dm_code":"17.DESA SERDANG","dun_code":"N.28","dun_prefix":"28","code_parlimen":"P.103","total_voters":2547,"male":1295,"female":1252,"male_pct":50.8,"female_pct":49.2,"malay_pct":31.1,"chinese_pct":38.32,"indian_pct":11.23,"other_pct":19.35,"age_mean":40.62,"age_median":40.6,"contact_pct":78.99,"male_malay":419,"male_chinese":514,"male_indian":147,"male_other":215,"female_malay":373,"female_chinese":462,"female_indian":139,"female_other":278}},{"type":"Feature","geometry":{"type":"Point","coordinates":[101.76264,3.138623]},"properties":{"dm_code":"17.KAMPUNG BAHARU AMPANG KETIGA","dun_code":"N.19","dun_prefix":"19","code_parlimen":"P.099","total_voters":2226,"male":1128,"female":1098,"male_pct":50.7,"female_pct":49.3,"malay_pct":26.86,"chinese_pct":63.79,"indian_pct":6.38,"other_pct":2.97,"age_mean":47.48,"age_median":47.5,"contact_pct":77.04,"male_malay":313,"male_chinese":724,"male_indian":67,"male_other":24,"female_malay":285,"female_chinese":696,"female_indian":75,"female_other":42}},{"type":"Feature","geometry":{"type":"Point","coordinates":[101.6390752,3.4664811]},"properties":{"dm_code":"17.KAMPUNG BAHARU SERENDAH","dun_code":"N.07","dun_prefix":"07","code_parlimen":"P.094","total_voters":4427,"male":2251,"female":2176,"male_pct":50.8,"female_pct":49.2,"malay_pct":46.87,"chinese_pct":34.74,"indian_pct":18.25,"other_pct":0.14,"age_mean":43.47,"age_median":43.5,"contact_pct":77.43,"male_malay":1070,"male_chinese":801,"male_indian":377,"male_other":3,"female_malay":1005,"female_chinese":737,"female_indian":431,"female_other":3}},{"type":"Feature","geometry":{"type":"Point","coordinates":[101.8040743,2.9022154]},"properties":{"dm_code":"17.KAMPUNG BATU 26 BERANANG","dun_code":"N.24","dun_prefix":"24","code_parlimen":"P.101","total_voters":1116,"male":518,"female":598,"male_pct":46.4,"female_pct":53.6,"malay_pct":77.87,"chinese_pct":1.79,"indian_pct":19.09,"other_pct":1.25,"age_mean":43.59,"age_median":43.6,"contact_pct":87.99,"male_malay":416,"male_chinese":10,"male_indian":86,"male_other":6,"female_malay":453,"female_chinese":10,"female_indian":127,"female_other":8}},{"type":"Feature","geometry":{"type":"Point","coordinates":[101.4959138,2.999562]},"properties":{"dm_code":"17.KAMPUNG BUKIT NAGA","dun_code":"N.49","dun_prefix":"49","code_parlimen":"P.111","total_voters":3417,"male":1680,"female":1737,"male_pct":49.2,"female_pct":50.8,"malay_pct":97.04,"chinese_pct":0.56,"indian_pct":2.02,"other_pct":0.38,"age_mean":35.08,"age_median":35.1,"contact_pct":65.58,"male_malay":1630,"male_chinese":8,"male_indian":34,"male_other":8,"female_malay":1686,"female_chinese":11,"female_indian":35,"female_other":5}},{"type":"Feature","geometry":{"type":"Point","coordinates":[101.74464,3.107181]},"properties":{"dm_code":"17.KAMPUNG CHERAS BAHARU TIMUR","dun_code":"N.21","dun_prefix":"21","code_parlimen":"P.100","total_voters":3297,"male":1659,"female":1638,"male_pct":50.3,"female_pct":49.7,"malay_pct":95.3,"chinese_pct":2.58,"indian_pct":0.79,"other_pct":1.33,"age_mean":43.53,"age_median":43.5,"contact_pct":78.68,"male_malay":1593,"male_chinese":39,"male_indian":13,"male_other":14,"female_malay":1549,"female_chinese":46,"female_indian":13,"female_other":30}},{"type":"Feature","geometry":{"type":"Point","coordinates":[101.616269,3.140846]},"properties":{"dm_code":"17.KAYU ARA INDAH","dun_code":"N.36","dun_prefix":"36","code_parlimen":"P.106","total_voters":1948,"male":992,"female":956,"male_pct":50.9,"female_pct":49.1,"malay_pct":63.5,"chinese_pct":14.27,"indian_pct":20.28,"other_pct":1.95,"age_mean":38.46,"age_median":38.5,"contact_pct":75.77,"male_malay":647,"male_chinese":143,"male_indian":186,"male_other":16,"female_malay":590,"female_chinese":135,"female_indian":209,"female_other":22}},{"type":"Feature","geometry":{"type":"Point","coordinates":[101.5770448,3.2043058]},"properties":{"dm_code":"17.KEM SUNGAI BULOH","dun_code":"N.39","dun_prefix":"39","code_parlimen":"P.107","total_voters":2043,"male":1242,"female":801,"male_pct":60.8,"female_pct":39.2,"malay_pct":92.12,"chinese_pct":0.39,"indian_pct":1.27,"other_pct":6.22,"age_mean":36.98,"age_median":37,"contact_pct":77.88,"male_malay":1130,"male_chinese":5,"male_indian":20,"male_other":87,"female_malay":752,"female_chinese":3,"female_indian":6,"female_other":40}},{"type":"Feature","geometry":{"type":"Point","coordinates":[101.6002812,3.1829965]},"properties":{"dm_code":"17.KEPONG UTARA","dun_code":"N.37","dun_prefix":"37","code_parlimen":"P.106","total_voters":2453,"male":1253,"female":1200,"male_pct":51.1,"female_pct":48.9,"malay_pct":29.51,"chinese_pct":62.9,"indian_pct":1.83,"other_pct":5.76,"age_mean":49.7,"age_median":49.7,"contact_pct":82.14,"male_malay":356,"male_chinese":806,"male_indian":21,"male_other":70,"female_malay":368,"female_chinese":737,"female_indian":24,"female_other":71}},{"type":"Feature","geometry":{"type":"Point","coordinates":[101.6262624,3.0790682]},"properties":{"dm_code":"17.PJS 5/13 - PJS 5/30","dun_code":"N.32","dun_prefix":"32","code_parlimen":"P.105","total_voters":1634,"male":781,"female":853,"male_pct":47.8,"female_pct":52.2,"malay_pct":86.41,"chinese_pct":1.9,"indian_pct":11.44,"other_pct":0.25,"age_mean":53.36,"age_median":53.4,"contact_pct":86.9,"male_malay":679,"male_chinese":18,"male_indian":83,"male_other":1,"female_malay":733,"female_chinese":13,"female_indian":104,"female_other":3}},{"type":"Feature","geometry":{"type":"Point","coordinates":[101.6540669,3.100449]},"properties":{"dm_code":"17.SEKSYEN 19","dun_code":"N.34","dun_prefix":"34","code_parlimen":"P.105","total_voters":2502,"male":1209,"female":1293,"male_pct":48.3,"female_pct":51.7,"malay_pct":18.35,"chinese_pct":64.19,"indian_pct":12.67,"other_pct":4.79,"age_mean":49.9,"age_median":49.9,"contact_pct":75.58,"male_malay":211,"male_chinese":779,"male_indian":165,"male_other":54,"female_malay":248,"female_chinese":827,"female_indian":152,"female_other":66}},{"type":"Feature","geometry":{"type":"Point","coordinates":[101.546811,3.077519]},"properties":{"dm_code":"17.SHAH ALAM S 24","dun_code":"N.41","dun_prefix":"41","code_parlimen":"P.108","total_voters":1888,"male":989,"female":899,"male_pct":52.4,"female_pct":47.6,"malay_pct":82.04,"chinese_pct":5.77,"indian_pct":10.91,"other_pct":1.28,"age_mean":40.75,"age_median":40.8,"contact_pct":75.74,"male_malay":827,"male_chinese":51,"male_indian":95,"male_other":16,"female_malay":722,"female_chinese":58,"female_indian":111,"female_other":8}},{"type":"Feature","geometry":{"type":"Point","coordinates":[101.62071,3.119168]},"properties":{"dm_code":"17.SS 2 SELATAN","dun_code":"N.35","dun_prefix":"35","code_parlimen":"P.106","total_voters":5379,"male":2501,"female":2878,"male_pct":46.5,"female_pct":53.5,"malay_pct":6.53,"chinese_pct":83.84,"indian_pct":2.34,"other_pct":7.29,"age_mean":56.5,"age_median":56.5,"contact_pct":73.9,"male_malay":168,"male_chinese":2098,"male_indian":63,"male_other":172,"female_malay":183,"female_chinese":2412,"female_indian":63,"female_other":220}},{"type":"Feature","geometry":{"type":"Point","coordinates":[101.7825785,2.9888118]},"properties":{"dm_code":"17.SUNGAI CHUA EMPAT","dun_code":"N.27","dun_prefix":"27","code_parlimen":"P.102","total_voters":1624,"male":798,"female":826,"male_pct":49.1,"female_pct":50.9,"malay_pct":5.23,"chinese_pct":64.1,"indian_pct":4.06,"other_pct":26.61,"age_mean":50.95,"age_median":51,"contact_pct":79.19,"male_malay":39,"male_chinese":551,"male_indian":33,"male_other":175,"female_malay":46,"female_chinese":490,"female_indian":33,"female_other":257}},{"type":"Feature","geometry":{"type":"Point","coordinates":[101.0810767,3.7275182]},"properties":{"dm_code":"17.SUNGAI TERAP","dun_code":"N.09","dun_prefix":"09","code_parlimen":"P.095","total_voters":1644,"male":838,"female":806,"male_pct":51,"female_pct":49,"malay_pct":71.96,"chinese_pct":14.96,"indian_pct":13.08,"other_pct":0,"age_mean":44,"age_median":44,"contact_pct":82.66,"male_malay":611,"male_chinese":128,"male_indian":99,"male_other":0,"female_malay":572,"female_chinese":118,"female_indian":116,"female_other":0}},{"type":"Feature","geometry":{"type":"Point","coordinates":[100.9881911,3.669899]},"properties":{"dm_code":"17.TAMAN BERKAT","dun_code":"N.03","dun_prefix":"03","code_parlimen":"P.093","total_voters":3394,"male":1673,"female":1721,"male_pct":49.3,"female_pct":50.7,"malay_pct":64.88,"chinese_pct":28.82,"indian_pct":6.28,"other_pct":0.02,"age_mean":37.85,"age_median":37.9,"contact_pct":72.48,"male_malay":1094,"male_chinese":485,"male_indian":94,"male_other":0,"female_malay":1108,"female_chinese":493,"female_indian":119,"female_other":1}},{"type":"Feature","geometry":{"type":"Point","coordinates":[101.8103771,2.983352]},"properties":{"dm_code":"17.TAMAN JASMIN","dun_code":"N.25","dun_prefix":"25","code_parlimen":"P.102","total_voters":5600,"male":2755,"female":2845,"male_pct":49.2,"female_pct":50.8,"malay_pct":45.64,"chinese_pct":23.36,"indian_pct":19.71,"other_pct":11.29,"age_mean":40.66,"age_median":40.7,"contact_pct":77.48,"male_malay":1268,"male_chinese":689,"male_indian":489,"male_other":309,"female_malay":1288,"female_chinese":619,"female_indian":615,"female_other":323}},{"type":"Feature","geometry":{"type":"Point","coordinates":[101.4689729,3.06158]},"properties":{"dm_code":"17.TAMAN KLANG UTAMA 2","dun_code":"N.45","dun_prefix":"45","code_parlimen":"P.110","total_voters":6553,"male":3248,"female":3305,"male_pct":49.6,"female_pct":50.4,"malay_pct":8.9,"chinese_pct":70.32,"indian_pct":18.25,"other_pct":2.53,"age_mean":42.63,"age_median":42.6,"contact_pct":81.35,"male_malay":280,"male_chinese":2305,"male_indian":590,"male_other":73,"female_malay":303,"female_chinese":2303,"female_indian":606,"female_other":93}},{"type":"Feature","geometry":{"type":"Point","coordinates":[101.7675472,3.064128]},"properties":{"dm_code":"17.TAMAN KOTA CHERAS","dun_code":"N.23","dun_prefix":"23","code_parlimen":"P.101","total_voters":6836,"male":3527,"female":3309,"male_pct":51.6,"female_pct":48.4,"malay_pct":52.98,"chinese_pct":27.3,"indian_pct":7.37,"other_pct":12.35,"age_mean":43.34,"age_median":43.3,"contact_pct":77.76,"male_malay":1894,"male_chinese":999,"male_indian":258,"male_other":376,"female_malay":1728,"female_chinese":867,"female_indian":246,"female_other":468}},{"type":"Feature","geometry":{"type":"Point","coordinates":[101.441687,3.029856]},"properties":{"dm_code":"17.TAMAN SELATAN 1","dun_code":"N.47","dun_prefix":"47","code_parlimen":"P.110","total_voters":3288,"male":1612,"female":1676,"male_pct":49,"female_pct":51,"malay_pct":9.98,"chinese_pct":62.04,"indian_pct":24.15,"other_pct":3.83,"age_mean":49.68,"age_median":49.7,"contact_pct":77.04,"male_malay":165,"male_chinese":988,"male_indian":407,"male_other":52,"female_malay":163,"female_chinese":1052,"female_indian":387,"female_other":74}},{"type":"Feature","geometry":{"type":"Point","coordinates":[101.579697,3.047621]},"properties":{"dm_code":"17.USJ 11","dun_code":"N.31","dun_prefix":"31","code_parlimen":"P.104","total_voters":7311,"male":3522,"female":3789,"male_pct":48.2,"female_pct":51.8,"malay_pct":22.84,"chinese_pct":54.1,"indian_pct":7.69,"other_pct":15.37,"age_mean":45.71,"age_median":45.7,"contact_pct":80.41,"male_malay":797,"male_chinese":1985,"male_indian":259,"male_other":481,"female_malay":873,"female_chinese":1970,"female_indian":303,"female_other":643}},{"type":"Feature","geometry":{"type":"Point","coordinates":[101.6247034,3.0175262]},"properties":{"dm_code":"18.BANDAR PUTERI","dun_code":"N.30","dun_prefix":"30","code_parlimen":"P.104","total_voters":10397,"male":5150,"female":5247,"male_pct":49.5,"female_pct":50.5,"malay_pct":11.78,"chinese_pct":60,"indian_pct":10.12,"other_pct":18.1,"age_mean":39.98,"age_median":40,"contact_pct":77.56,"male_malay":627,"male_chinese":3189,"male_indian":500,"male_other":834,"female_malay":598,"female_chinese":3049,"female_indian":552,"female_other":1048}},{"type":"Feature","geometry":{"type":"Point","coordinates":[101.4453422,2.9458799]},"properties":{"dm_code":"18.BANDAR SAUJANA PUTRA","dun_code":"N.51","dun_prefix":"51","code_parlimen":"P.112","total_voters":8294,"male":4120,"female":4174,"male_pct":49.7,"female_pct":50.3,"malay_pct":83.46,"chinese_pct":7.34,"indian_pct":7.97,"other_pct":1.23,"age_mean":36.79,"age_median":36.8,"contact_pct":68.65,"male_malay":3450,"male_chinese":323,"male_indian":305,"male_other":42,"female_malay":3472,"female_chinese":286,"female_indian":356,"female_other":60}},{"type":"Feature","geometry":{"type":"Point","coordinates":[101.7746461,3.061239]},"properties":{"dm_code":"18.BATU 10 CHERAS","dun_code":"N.23","dun_prefix":"23","code_parlimen":"P.101","total_voters":1991,"male":952,"female":1039,"male_pct":47.8,"female_pct":52.2,"malay_pct":83.22,"chinese_pct":9.94,"indian_pct":2.46,"other_pct":4.38,"age_mean":47.27,"age_median":47.3,"contact_pct":78.5,"male_malay":795,"male_chinese":100,"male_indian":18,"male_other":39,"female_malay":862,"female_chinese":98,"female_indian":31,"female_other":48}},{"type":"Feature","geometry":{"type":"Point","coordinates":[101.4901197,3.2871011]},"properties":{"dm_code":"18.BATU ARANG SELATAN","dun_code":"N.14","dun_prefix":"14","code_parlimen":"P.097","total_voters":2264,"male":1119,"female":1145,"male_pct":49.4,"female_pct":50.6,"malay_pct":19.48,"chinese_pct":33.92,"indian_pct":46.38,"other_pct":0.22,"age_mean":46.44,"age_median":46.4,"contact_pct":77.34,"male_malay":216,"male_chinese":397,"male_indian":506,"male_other":0,"female_malay":225,"female_chinese":371,"female_indian":544,"female_other":5}},{"type":"Feature","geometry":{"type":"Point","coordinates":[101.4919769,3.096123]},"properties":{"dm_code":"18.BUKIT BANDARAYA","dun_code":"N.40","dun_prefix":"40","code_parlimen":"P.108","total_voters":1789,"male":893,"female":896,"male_pct":49.9,"female_pct":50.1,"malay_pct":95.7,"chinese_pct":1.9,"indian_pct":1.73,"other_pct":0.67,"age_mean":34.98,"age_median":35,"contact_pct":70.04,"male_malay":856,"male_chinese":18,"male_indian":14,"male_other":5,"female_malay":856,"female_chinese":16,"female_indian":17,"female_other":7}},{"type":"Feature","geometry":{"type":"Point","coordinates":[101.7959021,2.9875925]},"properties":{"dm_code":"18.BUKIT INDAH JALAN 3","dun_code":"N.20","dun_prefix":"20","code_parlimen":"P.099","total_voters":3769,"male":1803,"female":1966,"male_pct":47.8,"female_pct":52.2,"malay_pct":59.14,"chinese_pct":32.37,"indian_pct":6.18,"other_pct":2.31,"age_mean":40.31,"age_median":40.3,"contact_pct":77.74,"male_malay":1075,"male_chinese":584,"male_indian":100,"male_other":44,"female_malay":1154,"female_chinese":636,"female_indian":133,"female_other":43}},{"type":"Feature","geometry":{"type":"Point","coordinates":[101.7516751,3.133892]},"properties":{"dm_code":"18.DESA NIRWANA","dun_code":"N.21","dun_prefix":"21","code_parlimen":"P.100","total_voters":898,"male":426,"female":472,"male_pct":47.4,"female_pct":52.6,"malay_pct":77.84,"chinese_pct":9.58,"indian_pct":6.35,"other_pct":6.23,"age_mean":49.22,"age_median":49.2,"contact_pct":83.18,"male_malay":327,"male_chinese":41,"male_indian":30,"male_other":28,"female_malay":372,"female_chinese":45,"female_indian":27,"female_other":28}},{"type":"Feature","geometry":{"type":"Point","coordinates":[101.4789669,3.0283256]},"properties":{"dm_code":"18.HAJI HUSIN JALAN KEBUN","dun_code":"N.49","dun_prefix":"49","code_parlimen":"P.111","total_voters":4972,"male":2510,"female":2462,"male_pct":50.5,"female_pct":49.5,"malay_pct":96.34,"chinese_pct":1.11,"indian_pct":2.29,"other_pct":0.26,"age_mean":36.82,"age_median":36.8,"contact_pct":64.56,"male_malay":2420,"male_chinese":29,"male_indian":51,"male_other":10,"female_malay":2370,"female_chinese":26,"female_indian":63,"female_other":3}},{"type":"Feature","geometry":{"type":"Point","coordinates":[101.7470841,3.212581]},"properties":{"dm_code":"18.MELAWATI JALAN G.E.C","dun_code":"N.18","dun_prefix":"18","code_parlimen":"P.098","total_voters":2882,"male":1375,"female":1507,"male_pct":47.7,"female_pct":52.3,"malay_pct":64.3,"chinese_pct":28.07,"indian_pct":7.46,"other_pct":0.17,"age_mean":47.49,"age_median":47.5,"contact_pct":83.24,"male_malay":874,"male_chinese":390,"male_indian":110,"male_other":1,"female_malay":979,"female_chinese":419,"female_indian":105,"female_other":4}},{"type":"Feature","geometry":{"type":"Point","coordinates":[101.0066458,3.7125239]},"properties":{"dm_code":"18.PARIT 6 - 12 TIMUR","dun_code":"N.03","dun_prefix":"03","code_parlimen":"P.093","total_voters":608,"male":316,"female":292,"male_pct":52,"female_pct":48,"malay_pct":100,"chinese_pct":0,"indian_pct":0,"other_pct":0,"age_mean":37.43,"age_median":37.4,"contact_pct":65.13,"male_malay":316,"male_chinese":0,"male_indian":0,"male_other":0,"female_malay":292,"female_chinese":0,"female_indian":0,"female_other":0}},{"type":"Feature","geometry":{"type":"Point","coordinates":[101.8108471,3.0032449]},"properties":{"dm_code":"18.PENJARA KAJANG","dun_code":"N.24","dun_prefix":"24","code_parlimen":"P.101","total_voters":1166,"male":608,"female":558,"male_pct":52.1,"female_pct":47.9,"malay_pct":96.23,"chinese_pct":0.69,"indian_pct":2.49,"other_pct":0.59,"age_mean":42.14,"age_median":42.1,"contact_pct":72.9,"male_malay":587,"male_chinese":3,"male_indian":14,"male_other":4,"female_malay":535,"female_chinese":5,"female_indian":15,"female_other":3}},{"type":"Feature","geometry":{"type":"Point","coordinates":[101.7901986,2.9661412]},"properties":{"dm_code":"18.REKO SELATAN","dun_code":"N.25","dun_prefix":"25","code_parlimen":"P.102","total_voters":2733,"male":1321,"female":1412,"male_pct":48.3,"female_pct":51.7,"malay_pct":24,"chinese_pct":42.63,"indian_pct":17.93,"other_pct":15.44,"age_mean":52.45,"age_median":52.5,"contact_pct":78.16,"male_malay":332,"male_chinese":596,"male_indian":213,"male_other":180,"female_malay":324,"female_chinese":569,"female_indian":277,"female_other":242}},{"type":"Feature","geometry":{"type":"Point","coordinates":[101.2148654,3.4313153]},"properties":{"dm_code":"18.SAWAH SEMPADAN","dun_code":"N.09","dun_prefix":"09","code_parlimen":"P.095","total_voters":1777,"male":896,"female":881,"male_pct":50.4,"female_pct":49.6,"malay_pct":99.55,"chinese_pct":0.39,"indian_pct":0,"other_pct":0.06,"age_mean":43.71,"age_median":43.7,"contact_pct":80.64,"male_malay":891,"male_chinese":4,"male_indian":0,"male_other":1,"female_malay":878,"female_chinese":3,"female_indian":0,"female_other":0}},{"type":"Feature","geometry":{"type":"Point","coordinates":[101.6540669,3.100449]},"properties":{"dm_code":"18.SEKSYEN 14 UTARA","dun_code":"N.34","dun_prefix":"34","code_parlimen":"P.105","total_voters":2738,"male":1301,"female":1437,"male_pct":47.5,"female_pct":52.5,"malay_pct":34.26,"chinese_pct":47.33,"indian_pct":12.6,"other_pct":5.81,"age_mean":54.71,"age_median":54.7,"contact_pct":75.05,"male_malay":444,"male_chinese":625,"male_indian":158,"male_other":74,"female_malay":494,"female_chinese":671,"female_indian":187,"female_other":85}},{"type":"Feature","geometry":{"type":"Point","coordinates":[101.619162,3.101022]},"properties":{"dm_code":"18.SEKSYEN 21 BARAT","dun_code":"N.35","dun_prefix":"35","code_parlimen":"P.106","total_voters":1966,"male":906,"female":1060,"male_pct":46.1,"female_pct":53.9,"malay_pct":2.44,"chinese_pct":86.37,"indian_pct":3.81,"other_pct":7.38,"age_mean":59.24,"age_median":59.2,"contact_pct":75.13,"male_malay":27,"male_chinese":780,"male_indian":34,"male_other":65,"female_malay":21,"female_chinese":918,"female_indian":41,"female_other":80}},{"type":"Feature","geometry":{"type":"Point","coordinates":[101.6002812,3.1829965]},"properties":{"dm_code":"18.SELAYANG JAYA","dun_code":"N.37","dun_prefix":"37","code_parlimen":"P.106","total_voters":6328,"male":3037,"female":3291,"male_pct":48,"female_pct":52,"malay_pct":12.64,"chinese_pct":74.51,"indian_pct":7.3,"other_pct":5.55,"age_mean":45.67,"age_median":45.7,"contact_pct":81.43,"male_malay":398,"male_chinese":2295,"male_indian":202,"male_other":142,"female_malay":402,"female_chinese":2420,"female_indian":260,"female_other":209}},{"type":"Feature","geometry":{"type":"Point","coordinates":[101.546811,3.077519]},"properties":{"dm_code":"18.SHAH ALAM S 18 BARAT 1","dun_code":"N.41","dun_prefix":"41","code_parlimen":"P.108","total_voters":3640,"male":1795,"female":1845,"male_pct":49.3,"female_pct":50.7,"malay_pct":78.82,"chinese_pct":2.94,"indian_pct":17.64,"other_pct":0.6,"age_mean":45,"age_median":45,"contact_pct":83.05,"male_malay":1431,"male_chinese":52,"male_indian":300,"male_other":12,"female_malay":1438,"female_chinese":55,"female_indian":342,"female_other":10}},{"type":"Feature","geometry":{"type":"Point","coordinates":[101.4375717,3.0468649]},"properties":{"dm_code":"18.SUNGAI BERTIH SELATAN","dun_code":"N.45","dun_prefix":"45","code_parlimen":"P.110","total_voters":6847,"male":3364,"female":3483,"male_pct":49.1,"female_pct":50.9,"malay_pct":35.64,"chinese_pct":41.77,"indian_pct":20.75,"other_pct":1.84,"age_mean":44.73,"age_median":44.7,"contact_pct":80.94,"male_malay":1193,"male_chinese":1408,"male_indian":707,"male_other":56,"female_malay":1247,"female_chinese":1452,"female_indian":714,"female_other":70}},{"type":"Feature","geometry":{"type":"Point","coordinates":[101.7828959,2.9879551]},"properties":{"dm_code":"18.SUNGAI CHUA LIMA","dun_code":"N.27","dun_prefix":"27","code_parlimen":"P.102","total_voters":1865,"male":946,"female":919,"male_pct":50.7,"female_pct":49.3,"malay_pct":5.36,"chinese_pct":61.18,"indian_pct":6.38,"other_pct":27.08,"age_mean":55.87,"age_median":55.9,"contact_pct":80.43,"male_malay":44,"male_chinese":638,"male_indian":63,"male_other":201,"female_malay":56,"female_chinese":503,"female_indian":56,"female_other":304}},{"type":"Feature","geometry":{"type":"Point","coordinates":[101.5996135,3.1497706]},"properties":{"dm_code":"18.SUNWAY DAMANSARA PJU 3","dun_code":"N.36","dun_prefix":"36","code_parlimen":"P.106","total_voters":5806,"male":2759,"female":3047,"male_pct":47.5,"female_pct":52.5,"malay_pct":11.59,"chinese_pct":77.04,"indian_pct":3.57,"other_pct":7.8,"age_mean":44.92,"age_median":44.9,"contact_pct":77.8,"male_malay":317,"male_chinese":2139,"male_indian":99,"male_other":204,"female_malay":356,"female_chinese":2334,"female_indian":108,"female_other":249}},{"type":"Feature","geometry":{"type":"Point","coordinates":[101.551644,3.44077]},"properties":{"dm_code":"18.TAMAN BUNGA RAYA 2","dun_code":"N.07","dun_prefix":"07","code_parlimen":"P.094","total_voters":1484,"male":739,"female":745,"male_pct":49.8,"female_pct":50.2,"malay_pct":53.03,"chinese_pct":17.05,"indian_pct":29.78,"other_pct":0.14,"age_mean":41.39,"age_median":41.4,"contact_pct":71.43,"male_malay":379,"male_chinese":135,"male_indian":225,"male_other":0,"female_malay":408,"female_chinese":118,"female_indian":217,"female_other":2}},{"type":"Feature","geometry":{"type":"Point","coordinates":[101.7566652,3.1448166]},"properties":{"dm_code":"18.TAMAN DAGANG","dun_code":"N.19","dun_prefix":"19","code_parlimen":"P.099","total_voters":3980,"male":1948,"female":2032,"male_pct":48.9,"female_pct":51.1,"malay_pct":60.25,"chinese_pct":31.31,"indian_pct":6.71,"other_pct":1.73,"age_mean":43.5,"age_median":43.5,"contact_pct":79.8,"male_malay":1167,"male_chinese":623,"male_indian":137,"male_other":21,"female_malay":1231,"female_chinese":623,"female_indian":130,"female_other":48}},{"type":"Feature","geometry":{"type":"Point","coordinates":[101.7140929,3.023685]},"properties":{"dm_code":"18.TAMAN MUHIBBAH","dun_code":"N.28","dun_prefix":"28","code_parlimen":"P.103","total_voters":1985,"male":999,"female":986,"male_pct":50.3,"female_pct":49.7,"malay_pct":11.28,"chinese_pct":54.91,"indian_pct":14.91,"other_pct":18.9,"age_mean":46.18,"age_median":46.2,"contact_pct":82.72,"male_malay":120,"male_chinese":571,"male_indian":143,"male_other":165,"female_malay":104,"female_chinese":519,"female_indian":153,"female_other":210}},{"type":"Feature","geometry":{"type":"Point","coordinates":[101.6823481,2.862655]},"properties":{"dm_code":"18.TAMAN PERMATA DENGKIL","dun_code":"N.55","dun_prefix":"55","code_parlimen":"P.113","total_voters":1993,"male":937,"female":1056,"male_pct":47,"female_pct":53,"malay_pct":14.3,"chinese_pct":11.34,"indian_pct":73.06,"other_pct":1.3,"age_mean":45.77,"age_median":45.8,"contact_pct":76.62,"male_malay":142,"male_chinese":110,"male_indian":678,"male_other":7,"female_malay":143,"female_chinese":116,"female_indian":778,"female_other":19}},{"type":"Feature","geometry":{"type":"Point","coordinates":[101.5553239,3.096555]},"properties":{"dm_code":"18.TAMAN TTDI JAYA","dun_code":"N.32","dun_prefix":"32","code_parlimen":"P.105","total_voters":12013,"male":6914,"female":5099,"male_pct":57.6,"female_pct":42.4,"malay_pct":86.54,"chinese_pct":5.49,"indian_pct":6.3,"other_pct":1.67,"age_mean":38.39,"age_median":38.4,"contact_pct":81.49,"male_malay":6040,"male_chinese":329,"male_indian":416,"male_other":129,"female_malay":4356,"female_chinese":331,"female_indian":341,"female_other":71}},{"type":"Feature","geometry":{"type":"Point","coordinates":[101.422501,3.0213801]},"properties":{"dm_code":"18.TELUK GADUNG BESAR","dun_code":"N.47","dun_prefix":"47","code_parlimen":"P.110","total_voters":3947,"male":1925,"female":2022,"male_pct":48.8,"female_pct":51.2,"malay_pct":11.81,"chinese_pct":70.94,"indian_pct":14.52,"other_pct":2.73,"age_mean":46.09,"age_median":46.1,"contact_pct":80.57,"male_malay":215,"male_chinese":1398,"male_indian":269,"male_other":43,"female_malay":251,"female_chinese":1402,"female_indian":304,"female_other":65}},{"type":"Feature","geometry":{"type":"Point","coordinates":[101.5758338,3.039156]},"properties":{"dm_code":"18.USJ 12","dun_code":"N.31","dun_prefix":"31","code_parlimen":"P.104","total_voters":3261,"male":1594,"female":1667,"male_pct":48.9,"female_pct":51.1,"malay_pct":26.49,"chinese_pct":48.05,"indian_pct":9.63,"other_pct":15.83,"age_mean":45.33,"age_median":45.3,"contact_pct":81.85,"male_malay":437,"male_chinese":787,"male_indian":159,"male_other":211,"female_malay":427,"female_chinese":780,"female_indian":155,"female_other":305}},{"type":"Feature","geometry":{"type":"Point","coordinates":[101.6218843,3.0844604]},"properties":{"dm_code":"19.ARA DAMANSARA","dun_code":"N.32","dun_prefix":"32","code_parlimen":"P.105","total_voters":13225,"male":6339,"female":6886,"male_pct":47.9,"female_pct":52.1,"malay_pct":41.85,"chinese_pct":40.64,"indian_pct":12.85,"other_pct":4.66,"age_mean":38.75,"age_median":38.8,"contact_pct":72.23,"male_malay":2710,"male_chinese":2559,"male_indian":803,"male_other":267,"female_malay":2825,"female_chinese":2815,"female_indian":896,"female_other":350}},{"type":"Feature","geometry":{"type":"Point","coordinates":[101.5393805,3.071242]},"properties":{"dm_code":"19.BUKIT SUBANG","dun_code":"N.40","dun_prefix":"40","code_parlimen":"P.108","total_voters":4891,"male":2446,"female":2445,"male_pct":50,"female_pct":50,"malay_pct":77.2,"chinese_pct":8.12,"indian_pct":13.25,"other_pct":1.43,"age_mean":36.38,"age_median":36.4,"contact_pct":69.9,"male_malay":1890,"male_chinese":202,"male_indian":312,"male_other":42,"female_malay":1886,"female_chinese":195,"female_indian":336,"female_other":28}},{"type":"Feature","geometry":{"type":"Point","coordinates":[101.6113884,2.9646146]},"properties":{"dm_code":"19.DESA AIR HITAM","dun_code":"N.55","dun_prefix":"55","code_parlimen":"P.113","total_voters":9591,"male":4777,"female":4814,"male_pct":49.8,"female_pct":50.2,"malay_pct":26.27,"chinese_pct":54.77,"indian_pct":15.57,"other_pct":3.39,"age_mean":37.55,"age_median":37.5,"contact_pct":72.33,"male_malay":1252,"male_chinese":2649,"male_indian":735,"male_other":141,"female_malay":1268,"female_chinese":2604,"female_indian":758,"female_other":184}},{"type":"Feature","geometry":{"type":"Point","coordinates":[101.7396441,3.1685329]},"properties":{"dm_code":"19.ENGGANG UTARA","dun_code":"N.18","dun_prefix":"18","code_parlimen":"P.098","total_voters":3226,"male":1580,"female":1646,"male_pct":49,"female_pct":51,"malay_pct":99.23,"chinese_pct":0.71,"indian_pct":0.06,"other_pct":0,"age_mean":47.04,"age_median":47,"contact_pct":79.98,"male_malay":1568,"male_chinese":11,"male_indian":1,"male_other":0,"female_malay":1633,"female_chinese":12,"female_indian":1,"female_other":0}},{"type":"Feature","geometry":{"type":"Point","coordinates":[100.9769689,3.6722027]},"properties":{"dm_code":"19.KAMPUNG BAHARU NELAYAN","dun_code":"N.03","dun_prefix":"03","code_parlimen":"P.093","total_voters":5530,"male":2734,"female":2796,"male_pct":49.4,"female_pct":50.6,"malay_pct":57.72,"chinese_pct":39.13,"indian_pct":3.06,"other_pct":0.09,"age_mean":38.84,"age_median":38.8,"contact_pct":75.15,"male_malay":1532,"male_chinese":1118,"male_indian":82,"male_other":2,"female_malay":1660,"female_chinese":1046,"female_indian":87,"female_other":3}},{"type":"Feature","geometry":{"type":"Point","coordinates":[101.4453422,2.9458799]},"properties":{"dm_code":"19.KAMPUNG JENJARUM","dun_code":"N.51","dun_prefix":"51","code_parlimen":"P.112","total_voters":5860,"male":2837,"female":3023,"male_pct":48.4,"female_pct":51.6,"malay_pct":85.58,"chinese_pct":7.3,"indian_pct":6.67,"other_pct":0.45,"age_mean":41.89,"age_median":41.9,"contact_pct":71.96,"male_malay":2423,"male_chinese":212,"male_indian":191,"male_other":11,"female_malay":2592,"female_chinese":216,"female_indian":200,"female_other":15}},{"type":"Feature","geometry":{"type":"Point","coordinates":[101.3015239,3.385701]},"properties":{"dm_code":"19.KAMPUNG LUBUK JAYA","dun_code":"N.09","dun_prefix":"09","code_parlimen":"P.095","total_voters":142,"male":72,"female":70,"male_pct":50.7,"female_pct":49.3,"malay_pct":100,"chinese_pct":0,"indian_pct":0,"other_pct":0,"age_mean":39.37,"age_median":39.4,"contact_pct":83.1,"male_malay":72,"male_chinese":0,"male_indian":0,"male_other":0,"female_malay":70,"female_chinese":0,"female_indian":0,"female_other":0}},{"type":"Feature","geometry":{"type":"Point","coordinates":[101.6036526,3.0129349]},"properties":{"dm_code":"19.PUCHONG INDAH 1","dun_code":"N.30","dun_prefix":"30","code_parlimen":"P.104","total_voters":5191,"male":2588,"female":2603,"male_pct":49.9,"female_pct":50.1,"malay_pct":52.3,"chinese_pct":13.43,"indian_pct":29.03,"other_pct":5.24,"age_mean":41.01,"age_median":41,"contact_pct":71.72,"male_malay":1398,"male_chinese":352,"male_indian":725,"male_other":113,"female_malay":1317,"female_chinese":345,"female_indian":782,"female_other":159}},{"type":"Feature","geometry":{"type":"Point","coordinates":[101.6540669,3.100449]},"properties":{"dm_code":"19.SEKSYEN 14 SELATAN","dun_code":"N.34","dun_prefix":"34","code_parlimen":"P.105","total_voters":2208,"male":1054,"female":1154,"male_pct":47.7,"female_pct":52.3,"malay_pct":38.13,"chinese_pct":40.44,"indian_pct":14.54,"other_pct":6.89,"age_mean":51.57,"age_median":51.6,"contact_pct":75.18,"male_malay":417,"male_chinese":412,"male_indian":159,"male_other":66,"female_malay":425,"female_chinese":481,"female_indian":162,"female_other":86}},{"type":"Feature","geometry":{"type":"Point","coordinates":[101.832278,2.94509]},"properties":{"dm_code":"19.SEMENYIH INDAH","dun_code":"N.24","dun_prefix":"24","code_parlimen":"P.101","total_voters":4155,"male":2069,"female":2086,"male_pct":49.8,"female_pct":50.2,"malay_pct":26.84,"chinese_pct":27.53,"indian_pct":32.23,"other_pct":13.4,"age_mean":41.26,"age_median":41.3,"contact_pct":76.99,"male_malay":553,"male_chinese":632,"male_indian":640,"male_other":244,"female_malay":562,"female_chinese":512,"female_indian":699,"female_other":313}},{"type":"Feature","geometry":{"type":"Point","coordinates":[101.6277184,3.4187281]},"properties":{"dm_code":"19.SERI SERENDAH","dun_code":"N.07","dun_prefix":"07","code_parlimen":"P.094","total_voters":5290,"male":2558,"female":2732,"male_pct":48.4,"female_pct":51.6,"malay_pct":77.9,"chinese_pct":11.19,"indian_pct":10.91,"other_pct":0,"age_mean":38.47,"age_median":38.5,"contact_pct":71.23,"male_malay":1981,"male_chinese":308,"male_indian":269,"male_other":0,"female_malay":2140,"female_chinese":284,"female_indian":308,"female_other":0}},{"type":"Feature","geometry":{"type":"Point","coordinates":[101.546811,3.077519]},"properties":{"dm_code":"19.SHAH ALAM S 18 TIMUR","dun_code":"N.41","dun_prefix":"41","code_parlimen":"P.108","total_voters":4056,"male":1948,"female":2108,"male_pct":48,"female_pct":52,"malay_pct":80.6,"chinese_pct":5.05,"indian_pct":13.49,"other_pct":0.86,"age_mean":45.16,"age_median":45.2,"contact_pct":82.64,"male_malay":1578,"male_chinese":94,"male_indian":264,"male_other":12,"female_malay":1691,"female_chinese":111,"female_indian":283,"female_other":23}},{"type":"Feature","geometry":{"type":"Point","coordinates":[101.4249671,3.0378351]},"properties":{"dm_code":"19.SUNGAI BERTIH UTARA","dun_code":"N.45","dun_prefix":"45","code_parlimen":"P.110","total_voters":6876,"male":3390,"female":3486,"male_pct":49.3,"female_pct":50.7,"malay_pct":22.8,"chinese_pct":45.29,"indian_pct":29.61,"other_pct":2.3,"age_mean":43.86,"age_median":43.9,"contact_pct":78.16,"male_malay":786,"male_chinese":1546,"male_indian":985,"male_other":73,"female_malay":782,"female_chinese":1568,"female_indian":1051,"female_other":85}},{"type":"Feature","geometry":{"type":"Point","coordinates":[101.7260921,3.0280265]},"properties":{"dm_code":"19.SUNGAI BESI INDAH","dun_code":"N.28","dun_prefix":"28","code_parlimen":"P.103","total_voters":7982,"male":3939,"female":4043,"male_pct":49.3,"female_pct":50.7,"malay_pct":13.86,"chinese_pct":50.96,"indian_pct":11.78,"other_pct":23.4,"age_mean":43.88,"age_median":43.9,"contact_pct":78.38,"male_malay":561,"male_chinese":2121,"male_indian":436,"male_other":821,"female_malay":545,"female_chinese":1947,"female_indian":504,"female_other":1047}},{"type":"Feature","geometry":{"type":"Point","coordinates":[101.4892188,3.037822]},"properties":{"dm_code":"19.TAMAN BERJAYA","dun_code":"N.49","dun_prefix":"49","code_parlimen":"P.111","total_voters":4019,"male":2002,"female":2017,"male_pct":49.8,"female_pct":50.2,"malay_pct":99.55,"chinese_pct":0.15,"indian_pct":0.12,"other_pct":0.18,"age_mean":33,"age_median":33,"contact_pct":65.99,"male_malay":1995,"male_chinese":1,"male_indian":1,"male_other":5,"female_malay":2006,"female_chinese":5,"female_indian":4,"female_other":2}},{"type":"Feature","geometry":{"type":"Point","coordinates":[101.7546908,3.142876]},"properties":{"dm_code":"19.TAMAN CAHAYA","dun_code":"N.19","dun_prefix":"19","code_parlimen":"P.099","total_voters":2622,"male":1300,"female":1322,"male_pct":49.6,"female_pct":50.4,"malay_pct":57.17,"chinese_pct":34.86,"indian_pct":6.03,"other_pct":1.94,"age_mean":43.48,"age_median":43.5,"contact_pct":79.48,"male_malay":726,"male_chinese":472,"male_indian":79,"male_other":23,"female_malay":773,"female_chinese":442,"female_indian":79,"female_other":28}},{"type":"Feature","geometry":{"type":"Point","coordinates":[101.4321989,3.024001]},"properties":{"dm_code":"19.TAMAN CHI LIUNG","dun_code":"N.47","dun_prefix":"47","code_parlimen":"P.110","total_voters":4657,"male":2261,"female":2396,"male_pct":48.6,"female_pct":51.4,"malay_pct":14.43,"chinese_pct":60.98,"indian_pct":20.89,"other_pct":3.7,"age_mean":48.68,"age_median":48.7,"contact_pct":78.63,"male_malay":340,"male_chinese":1391,"male_indian":456,"male_other":74,"female_malay":332,"female_chinese":1449,"female_indian":517,"female_other":98}},{"type":"Feature","geometry":{"type":"Point","coordinates":[101.6355571,3.222112]},"properties":{"dm_code":"19.TAMAN DAYA","dun_code":"N.37","dun_prefix":"37","code_parlimen":"P.106","total_voters":3949,"male":1924,"female":2025,"male_pct":48.7,"female_pct":51.3,"malay_pct":2,"chinese_pct":87.47,"indian_pct":3.01,"other_pct":7.52,"age_mean":44.98,"age_median":45,"contact_pct":81.69,"male_malay":46,"male_chinese":1697,"male_indian":62,"male_other":119,"female_malay":33,"female_chinese":1757,"female_indian":57,"female_other":178}},{"type":"Feature","geometry":{"type":"Point","coordinates":[101.7794639,2.97486]},"properties":{"dm_code":"19.TAMAN KAJANG MEWAH","dun_code":"N.25","dun_prefix":"25","code_parlimen":"P.102","total_voters":7786,"male":3865,"female":3921,"male_pct":49.6,"female_pct":50.4,"malay_pct":46.2,"chinese_pct":28.38,"indian_pct":11.01,"other_pct":14.41,"age_mean":39.47,"age_median":39.5,"contact_pct":75.73,"male_malay":1806,"male_chinese":1169,"male_indian":396,"male_other":494,"female_malay":1791,"female_chinese":1041,"female_indian":461,"female_other":628}},{"type":"Feature","geometry":{"type":"Point","coordinates":[101.5816511,3.037473]},"properties":{"dm_code":"19.USJ 13","dun_code":"N.31","dun_prefix":"31","code_parlimen":"P.104","total_voters":2651,"male":1299,"female":1352,"male_pct":49,"female_pct":51,"malay_pct":20.37,"chinese_pct":53.75,"indian_pct":10.18,"other_pct":15.7,"age_mean":46.19,"age_median":46.2,"contact_pct":82.5,"male_malay":260,"male_chinese":716,"male_indian":143,"male_other":180,"female_malay":280,"female_chinese":709,"female_indian":127,"female_other":236}},{"type":"Feature","geometry":{"type":"Point","coordinates":[101.8577104,2.9279574]},"properties":{"dm_code":"20.BANDAR RINCHING SEKSYEN 5 - 6","dun_code":"N.24","dun_prefix":"24","code_parlimen":"P.101","total_voters":9723,"male":4918,"female":4805,"male_pct":50.6,"female_pct":49.4,"malay_pct":81.14,"chinese_pct":3.66,"indian_pct":13.13,"other_pct":2.07,"age_mean":36.35,"age_median":36.4,"contact_pct":72.62,"male_malay":4035,"male_chinese":166,"male_indian":614,"male_other":103,"female_malay":3854,"female_chinese":190,"female_indian":663,"female_other":98}},{"type":"Feature","geometry":{"type":"Point","coordinates":[101.8060603,2.9970529]},"properties":{"dm_code":"20.BUKIT KAJANG BARU","dun_code":"N.25","dun_prefix":"25","code_parlimen":"P.102","total_voters":8323,"male":4101,"female":4222,"male_pct":49.3,"female_pct":50.7,"malay_pct":35.71,"chinese_pct":28.85,"indian_pct":20.61,"other_pct":14.83,"age_mean":41.9,"age_median":41.9,"contact_pct":79.3,"male_malay":1467,"male_chinese":1284,"male_indian":796,"male_other":554,"female_malay":1505,"female_chinese":1117,"female_indian":919,"female_other":681}},{"type":"Feature","geometry":{"type":"Point","coordinates":[101.6559349,2.921318]},"properties":{"dm_code":"20.CYBERJAYA","dun_code":"N.55","dun_prefix":"55","code_parlimen":"P.113","total_voters":3624,"male":1869,"female":1755,"male_pct":51.6,"female_pct":48.4,"malay_pct":70.75,"chinese_pct":21.99,"indian_pct":4.66,"other_pct":2.6,"age_mean":37.87,"age_median":37.9,"contact_pct":81.07,"male_malay":1308,"male_chinese":425,"male_indian":90,"male_other":46,"female_malay":1256,"female_chinese":372,"female_indian":79,"female_other":48}},{"type":"Feature","geometry":{"type":"Point","coordinates":[101.7390049,3.1665446]},"properties":{"dm_code":"20.ENGGANG SELATAN","dun_code":"N.18","dun_prefix":"18","code_parlimen":"P.098","total_voters":3368,"male":1658,"female":1710,"male_pct":49.2,"female_pct":50.8,"malay_pct":92.07,"chinese_pct":4.42,"indian_pct":3.41,"other_pct":0.1,"age_mean":49.03,"age_median":49,"contact_pct":78.92,"male_malay":1519,"male_chinese":71,"male_indian":66,"male_other":2,"female_malay":1582,"female_chinese":78,"female_indian":49,"female_other":1}},{"type":"Feature","geometry":{"type":"Point","coordinates":[101.6095155,3.002548]},"properties":{"dm_code":"20.PUCHONG PERDANA 1","dun_code":"N.30","dun_prefix":"30","code_parlimen":"P.104","total_voters":3067,"male":1547,"female":1520,"male_pct":50.4,"female_pct":49.6,"malay_pct":44.8,"chinese_pct":21.94,"indian_pct":27.32,"other_pct":5.94,"age_mean":43.15,"age_median":43.1,"contact_pct":79.82,"male_malay":685,"male_chinese":349,"male_indian":422,"male_other":91,"female_malay":689,"female_chinese":324,"female_indian":416,"female_other":91}},{"type":"Feature","geometry":{"type":"Point","coordinates":[101.6540669,3.100449]},"properties":{"dm_code":"20.SEKSYEN 2 PETALING JAYA","dun_code":"N.34","dun_prefix":"34","code_parlimen":"P.105","total_voters":1981,"male":1020,"female":961,"male_pct":51.5,"female_pct":48.5,"malay_pct":6.16,"chinese_pct":82.64,"indian_pct":4.49,"other_pct":6.71,"age_mean":57.16,"age_median":57.2,"contact_pct":76.73,"male_malay":69,"male_chinese":836,"male_indian":55,"male_other":60,"female_malay":53,"female_chinese":801,"female_indian":34,"female_other":73}},{"type":"Feature","geometry":{"type":"Point","coordinates":[101.70578,3.03091]},"properties":{"dm_code":"20.SERDANG RAYA","dun_code":"N.28","dun_prefix":"28","code_parlimen":"P.103","total_voters":6909,"male":3435,"female":3474,"male_pct":49.7,"female_pct":50.3,"malay_pct":20.77,"chinese_pct":48.55,"indian_pct":8.11,"other_pct":22.57,"age_mean":44.61,"age_median":44.6,"contact_pct":79.39,"male_malay":715,"male_chinese":1721,"male_indian":277,"male_other":722,"female_malay":720,"female_chinese":1633,"female_indian":283,"female_other":838}},{"type":"Feature","geometry":{"type":"Point","coordinates":[101.5331454,3.0677181]},"properties":{"dm_code":"20.SHAH ALAM S 18 BARAT 2","dun_code":"N.41","dun_prefix":"41","code_parlimen":"P.108","total_voters":3484,"male":1690,"female":1794,"male_pct":48.5,"female_pct":51.5,"malay_pct":80.83,"chinese_pct":3.76,"indian_pct":14.84,"other_pct":0.57,"age_mean":45.41,"age_median":45.4,"contact_pct":82.84,"male_malay":1376,"male_chinese":65,"male_indian":242,"male_other":7,"female_malay":1440,"female_chinese":66,"female_indian":275,"female_other":13}},{"type":"Feature","geometry":{"type":"Point","coordinates":[101.5393805,3.071242]},"properties":{"dm_code":"20.SHAH ALAM S 7/1-7/22","dun_code":"N.40","dun_prefix":"40","code_parlimen":"P.108","total_voters":2347,"male":1175,"female":1172,"male_pct":50.1,"female_pct":49.9,"malay_pct":85.9,"chinese_pct":7.75,"indian_pct":4.9,"other_pct":1.45,"age_mean":38.35,"age_median":38.4,"contact_pct":85.04,"male_malay":1021,"male_chinese":85,"male_indian":58,"male_other":11,"female_malay":995,"female_chinese":97,"female_indian":57,"female_other":23}},{"type":"Feature","geometry":{"type":"Point","coordinates":[101.7141998,3.219417]},"properties":{"dm_code":"20.TAMAN GLENMARIE","dun_code":"N.32","dun_prefix":"32","code_parlimen":"P.105","total_voters":1121,"male":620,"female":501,"male_pct":55.3,"female_pct":44.7,"malay_pct":48.62,"chinese_pct":9.46,"indian_pct":40.05,"other_pct":1.87,"age_mean":40.32,"age_median":40.3,"contact_pct":78.86,"male_malay":342,"male_chinese":62,"male_indian":204,"male_other":12,"female_malay":203,"female_chinese":44,"female_indian":245,"female_other":9}},{"type":"Feature","geometry":{"type":"Point","coordinates":[101.6361551,3.21894]},"properties":{"dm_code":"20.TAMAN INDAH PERDANA","dun_code":"N.37","dun_prefix":"37","code_parlimen":"P.106","total_voters":2629,"male":1329,"female":1300,"male_pct":50.6,"female_pct":49.4,"malay_pct":5.29,"chinese_pct":84.4,"indian_pct":4.18,"other_pct":6.13,"age_mean":41.76,"age_median":41.8,"contact_pct":81.02,"male_malay":75,"male_chinese":1137,"male_indian":50,"male_other":67,"female_malay":64,"female_chinese":1082,"female_indian":60,"female_other":94}},{"type":"Feature","geometry":{"type":"Point","coordinates":[101.4321537,3.040865600000001]},"properties":{"dm_code":"20.TELUK PULAI SELATAN","dun_code":"N.47","dun_prefix":"47","code_parlimen":"P.110","total_voters":2117,"male":982,"female":1135,"male_pct":46.4,"female_pct":53.6,"malay_pct":9.78,"chinese_pct":47.24,"indian_pct":38.4,"other_pct":4.58,"age_mean":51.2,"age_median":51.2,"contact_pct":79.74,"male_malay":100,"male_chinese":485,"male_indian":360,"male_other":37,"female_malay":107,"female_chinese":515,"female_indian":453,"female_other":60}},{"type":"Feature","geometry":{"type":"Point","coordinates":[101.5904632,3.037918]},"properties":{"dm_code":"20.USJ 14 & 15","dun_code":"N.31","dun_prefix":"31","code_parlimen":"P.104","total_voters":4105,"male":1974,"female":2131,"male_pct":48.1,"female_pct":51.9,"malay_pct":23,"chinese_pct":51.57,"indian_pct":9.79,"other_pct":15.64,"age_mean":44.68,"age_median":44.7,"contact_pct":80.12,"male_malay":479,"male_chinese":1035,"male_indian":188,"male_other":272,"female_malay":465,"female_chinese":1082,"female_indian":214,"female_other":370}},{"type":"Feature","geometry":{"type":"Point","coordinates":[101.872552,2.9133483]},"properties":{"dm_code":"21.BANDAR TASIK KESUMA","dun_code":"N.24","dun_prefix":"24","code_parlimen":"P.101","total_voters":11558,"male":5745,"female":5813,"male_pct":49.7,"female_pct":50.3,"malay_pct":84.16,"chinese_pct":2.84,"indian_pct":10.91,"other_pct":2.09,"age_mean":36.73,"age_median":36.7,"contact_pct":72.79,"male_malay":4861,"male_chinese":174,"male_indian":595,"male_other":115,"female_malay":4866,"female_chinese":154,"female_indian":666,"female_other":127}},{"type":"Feature","geometry":{"type":"Point","coordinates":[101.815675,2.983656]},"properties":{"dm_code":"21.KAJANG PRIMA","dun_code":"N.25","dun_prefix":"25","code_parlimen":"P.102","total_voters":2814,"male":1340,"female":1474,"male_pct":47.6,"female_pct":52.4,"malay_pct":32.91,"chinese_pct":33.94,"indian_pct":17.16,"other_pct":15.99,"age_mean":38.54,"age_median":38.5,"contact_pct":74.98,"male_malay":439,"male_chinese":488,"male_indian":214,"male_other":199,"female_malay":487,"female_chinese":467,"female_indian":269,"female_other":251}},{"type":"Feature","geometry":{"type":"Point","coordinates":[101.6172563,3.0305309]},"properties":{"dm_code":"21.PUCHONG PERDANA 2","dun_code":"N.30","dun_prefix":"30","code_parlimen":"P.104","total_voters":6816,"male":3378,"female":3438,"male_pct":49.6,"female_pct":50.4,"malay_pct":57.06,"chinese_pct":16.8,"indian_pct":21.77,"other_pct":4.37,"age_mean":40.75,"age_median":40.8,"contact_pct":76.28,"male_malay":1942,"male_chinese":600,"male_indian":697,"male_other":139,"female_malay":1947,"female_chinese":545,"female_indian":787,"female_other":159}},{"type":"Feature","geometry":{"type":"Point","coordinates":[101.6412273,2.8609635]},"properties":{"dm_code":"21.SELANGOR DREDGING","dun_code":"N.55","dun_prefix":"55","code_parlimen":"P.113","total_voters":2710,"male":1316,"female":1394,"male_pct":48.6,"female_pct":51.4,"malay_pct":75.76,"chinese_pct":4.8,"indian_pct":17.12,"other_pct":2.32,"age_mean":43.03,"age_median":43,"contact_pct":70.18,"male_malay":1019,"male_chinese":71,"male_indian":197,"male_other":29,"female_malay":1034,"female_chinese":59,"female_indian":267,"female_other":34}},{"type":"Feature","geometry":{"type":"Point","coordinates":[101.5781835,3.0737088]},"properties":{"dm_code":"21.SS 19/2 - SS 19/5","dun_code":"N.31","dun_prefix":"31","code_parlimen":"P.104","total_voters":3006,"male":1388,"female":1618,"male_pct":46.2,"female_pct":53.8,"malay_pct":42.91,"chinese_pct":40.79,"indian_pct":4.89,"other_pct":11.41,"age_mean":48.37,"age_median":48.4,"contact_pct":80.17,"male_malay":577,"male_chinese":603,"male_indian":69,"male_other":139,"female_malay":713,"female_chinese":623,"female_indian":78,"female_other":204}},{"type":"Feature","geometry":{"type":"Point","coordinates":[101.6002812,3.1829965]},"properties":{"dm_code":"21.TAMAN BIDARA","dun_code":"N.37","dun_prefix":"37","code_parlimen":"P.106","total_voters":4019,"male":1994,"female":2025,"male_pct":49.6,"female_pct":50.4,"malay_pct":42.6,"chinese_pct":45.48,"indian_pct":8.81,"other_pct":3.11,"age_mean":44.64,"age_median":44.6,"contact_pct":80.27,"male_malay":832,"male_chinese":938,"male_indian":175,"male_other":49,"female_malay":880,"female_chinese":890,"female_indian":179,"female_other":76}},{"type":"Feature","geometry":{"type":"Point","coordinates":[101.7330901,3.029841]},"properties":{"dm_code":"21.TAMAN BUKIT BELIMBING","dun_code":"N.28","dun_prefix":"28","code_parlimen":"P.103","total_voters":3883,"male":1926,"female":1957,"male_pct":49.6,"female_pct":50.4,"malay_pct":34.9,"chinese_pct":35.39,"indian_pct":12.44,"other_pct":17.27,"age_mean":41.22,"age_median":41.2,"contact_pct":75.92,"male_malay":672,"male_chinese":729,"male_indian":226,"male_other":299,"female_malay":683,"female_chinese":645,"female_indian":257,"female_other":372}},{"type":"Feature","geometry":{"type":"Point","coordinates":[101.441687,3.029856]},"properties":{"dm_code":"21.TAMAN SELATAN 2","dun_code":"N.47","dun_prefix":"47","code_parlimen":"P.110","total_voters":2972,"male":1482,"female":1490,"male_pct":49.9,"female_pct":50.1,"malay_pct":15.21,"chinese_pct":50.5,"indian_pct":30.48,"other_pct":3.81,"age_mean":50.83,"age_median":50.8,"contact_pct":78.3,"male_malay":229,"male_chinese":753,"male_indian":455,"male_other":45,"female_malay":223,"female_chinese":748,"female_indian":451,"female_other":68}},{"type":"Feature","geometry":{"type":"Point","coordinates":[101.708878,2.907162]},"properties":{"dm_code":"22.DESA PINGGIRAN PUTRA","dun_code":"N.55","dun_prefix":"55","code_parlimen":"P.113","total_voters":4532,"male":2252,"female":2280,"male_pct":49.7,"female_pct":50.3,"malay_pct":99.38,"chinese_pct":0.22,"indian_pct":0,"other_pct":0.4,"age_mean":37.18,"age_median":37.2,"contact_pct":73.5,"male_malay":2232,"male_chinese":5,"male_indian":0,"male_other":15,"female_malay":2272,"female_chinese":5,"female_indian":0,"female_other":3}},{"type":"Feature","geometry":{"type":"Point","coordinates":[101.8086459,3.0083526]},"properties":{"dm_code":"22.KANTAN PERMAI","dun_code":"N.24","dun_prefix":"24","code_parlimen":"P.101","total_voters":13123,"male":6378,"female":6745,"male_pct":48.6,"female_pct":51.4,"malay_pct":79.97,"chinese_pct":7.38,"indian_pct":8.59,"other_pct":4.06,"age_mean":37.43,"age_median":37.4,"contact_pct":72.41,"male_malay":5098,"male_chinese":506,"male_indian":538,"male_other":236,"female_malay":5396,"female_chinese":463,"female_indian":589,"female_other":297}},{"type":"Feature","geometry":{"type":"Point","coordinates":[101.6036526,3.0129349]},"properties":{"dm_code":"22.PUCHONG INDAH 2","dun_code":"N.30","dun_prefix":"30","code_parlimen":"P.104","total_voters":2533,"male":1290,"female":1243,"male_pct":50.9,"female_pct":49.1,"malay_pct":51.64,"chinese_pct":18.44,"indian_pct":24.99,"other_pct":4.93,"age_mean":40.51,"age_median":40.5,"contact_pct":77.77,"male_malay":677,"male_chinese":242,"male_indian":318,"male_other":53,"female_malay":631,"female_chinese":225,"female_indian":315,"female_other":72}},{"type":"Feature","geometry":{"type":"Point","coordinates":[101.5798368,3.0651533]},"properties":{"dm_code":"22.SS 19/6 - SS 19/19","dun_code":"N.31","dun_prefix":"31","code_parlimen":"P.104","total_voters":2949,"male":1392,"female":1557,"male_pct":47.2,"female_pct":52.8,"malay_pct":36.11,"chinese_pct":33.88,"indian_pct":19.97,"other_pct":10.04,"age_mean":49.61,"age_median":49.6,"contact_pct":83.21,"male_malay":511,"male_chinese":483,"male_indian":281,"male_other":117,"female_malay":554,"female_chinese":516,"female_indian":308,"female_other":179}},{"type":"Feature","geometry":{"type":"Point","coordinates":[101.436206,3.017291]},"properties":{"dm_code":"22.TAMAN BAYU PERDANA","dun_code":"N.47","dun_prefix":"47","code_parlimen":"P.110","total_voters":10366,"male":5183,"female":5183,"male_pct":50,"female_pct":50,"malay_pct":23.82,"chinese_pct":53.31,"indian_pct":20.02,"other_pct":2.85,"age_mean":40.61,"age_median":40.6,"contact_pct":77.36,"male_malay":1294,"male_chinese":2755,"male_indian":995,"male_other":139,"female_malay":1175,"female_chinese":2771,"female_indian":1080,"female_other":157}},{"type":"Feature","geometry":{"type":"Point","coordinates":[101.8068548,2.877404]},"properties":{"dm_code":"23.BUKIT MAHKOTA","dun_code":"N.24","dun_prefix":"24","code_parlimen":"P.101","total_voters":14661,"male":7281,"female":7380,"male_pct":49.7,"female_pct":50.3,"malay_pct":95.98,"chinese_pct":1.07,"indian_pct":2.18,"other_pct":0.77,"age_mean":35.76,"age_median":35.8,"contact_pct":68.96,"male_malay":6990,"male_chinese":84,"male_indian":155,"male_other":52,"female_malay":7082,"female_chinese":73,"female_indian":164,"female_other":61}},{"type":"Feature","geometry":{"type":"Point","coordinates":[101.6958172,2.824222]},"properties":{"dm_code":"23.KOTA WARISAN","dun_code":"N.55","dun_prefix":"55","code_parlimen":"P.113","total_voters":3270,"male":1641,"female":1629,"male_pct":50.2,"female_pct":49.8,"malay_pct":88.23,"chinese_pct":5.63,"indian_pct":4.95,"other_pct":1.19,"age_mean":36.57,"age_median":36.6,"contact_pct":74.53,"male_malay":1454,"male_chinese":88,"male_indian":81,"male_other":18,"female_malay":1431,"female_chinese":96,"female_indian":81,"female_other":21}},{"type":"Feature","geometry":{"type":"Point","coordinates":[101.6125671,3.0696725]},"properties":{"dm_code":"23.PJS 9 & 11 BANDAR SUNWAY","dun_code":"N.31","dun_prefix":"31","code_parlimen":"P.104","total_voters":4274,"male":2099,"female":2175,"male_pct":49.1,"female_pct":50.9,"malay_pct":21.6,"chinese_pct":50.49,"indian_pct":12.7,"other_pct":15.21,"age_mean":44.71,"age_median":44.7,"contact_pct":78.94,"male_malay":480,"male_chinese":1080,"male_indian":270,"male_other":269,"female_malay":443,"female_chinese":1078,"female_indian":273,"female_other":381}},{"type":"Feature","geometry":{"type":"Point","coordinates":[101.606139,3.016978]},"properties":{"dm_code":"23.PUCHONG INTAN","dun_code":"N.30","dun_prefix":"30","code_parlimen":"P.104","total_voters":4059,"male":2034,"female":2025,"male_pct":50.1,"female_pct":49.9,"malay_pct":33.38,"chinese_pct":27.2,"indian_pct":32.32,"other_pct":7.1,"age_mean":41.29,"age_median":41.3,"contact_pct":76.47,"male_malay":685,"male_chinese":588,"male_indian":636,"male_other":125,"female_malay":670,"female_chinese":516,"female_indian":676,"female_other":163}},{"type":"Feature","geometry":{"type":"Point","coordinates":[101.4208187,3.0108692]},"properties":{"dm_code":"23.TAMAN GEMBIRA 2","dun_code":"N.47","dun_prefix":"47","code_parlimen":"P.110","total_voters":3639,"male":1802,"female":1837,"male_pct":49.5,"female_pct":50.5,"malay_pct":39.21,"chinese_pct":43.28,"indian_pct":14.4,"other_pct":3.11,"age_mean":46.62,"age_median":46.6,"contact_pct":74.11,"male_malay":727,"male_chinese":763,"male_indian":265,"male_other":47,"female_malay":700,"female_chinese":812,"female_indian":259,"female_other":66}},{"type":"Feature","geometry":{"type":"Point","coordinates":[101.5891677,3.0687834]},"properties":{"dm_code":"24.SS 14/5-8","dun_code":"N.31","dun_prefix":"31","code_parlimen":"P.104","total_voters":2811,"male":1341,"female":1470,"male_pct":47.7,"female_pct":52.3,"malay_pct":32.98,"chinese_pct":40.34,"indian_pct":12.13,"other_pct":14.55,"age_mean":50.97,"age_median":51,"contact_pct":80.72,"male_malay":421,"male_chinese":591,"male_indian":159,"male_other":170,"female_malay":506,"female_chinese":543,"female_indian":182,"female_other":239}},{"type":"Feature","geometry":{"type":"Point","coordinates":[101.5848499,3.0599432]},"properties":{"dm_code":"25.USJ 2/5-7","dun_code":"N.31","dun_prefix":"31","code_parlimen":"P.104","total_voters":3086,"male":1503,"female":1583,"male_pct":48.7,"female_pct":51.3,"malay_pct":29.78,"chinese_pct":46.95,"indian_pct":8.62,"other_pct":14.65,"age_mean":47.84,"age_median":47.8,"contact_pct":81.69,"male_malay":441,"male_chinese":755,"male_indian":130,"male_other":177,"female_malay":478,"female_chinese":694,"female_indian":136,"female_other":275}},{"type":"Feature","geometry":{"type":"Point","coordinates":[101.577577,3.032186]},"properties":{"dm_code":"26.USJ 16 HINGGA 22","dun_code":"N.31","dun_prefix":"31","code_parlimen":"P.104","total_voters":8745,"male":4247,"female":4498,"male_pct":48.6,"female_pct":51.4,"malay_pct":29.1,"chinese_pct":47.26,"indian_pct":8.14,"other_pct":15.5,"age_mean":42.04,"age_median":42,"contact_pct":78.64,"male_malay":1292,"male_chinese":2029,"male_indian":352,"male_other":574,"female_malay":1253,"female_chinese":2104,"female_indian":360,"female_other":781}}]}